source,scan_id,t_rel,channel,value,label,temp_c,rh_pct,press_hpa,collection_day,room_id,bme_profile
bme688_odours,bme_coffee_s1_matrix,0.0,bme_p0,11713.183385770297,benign_odour,,,,1,lab_1,
bme688_odours,bme_coffee_s1_matrix,0.0,bme_p1,18734.120128159684,benign_odour,,,,1,lab_1,
bme688_odours,bme_coffee_s1_matrix,0.0,bme_p2,17377.208207646967,benign_odour,,,,1,lab_1,
bme688_odours,bme_coffee_s1_matrix,0.0,bme_p3,12849.062921126695,benign_odour,,,,1,lab_1,
bme688_odours,bme_coffee_s1_matrix,0.0,bme_p4,10292.757279110489,benign_odour,,,,1,lab_1,
bme688_odours,bme_coffee_s1_matrix,0.0,bme_p5,12497.166610551,benign_odour,,,,1,lab_1,
bme688_odours,bme_coffee_s1_matrix,0.0,bme_p6,8746.664248573981,benign_odour,,,,1,lab_1,
bme688_odours,bme_coffee_s1_matrix,0.0,bme_p7,17701.11343880523,benign_odour,,,,1,lab_1,
bme688_odours,bme_coffee_s1_matrix,0.0,bme_p8,15836.49732831578,benign_odour,,,,1,lab_1,
bme688_odours,bme_coffee_s1_matrix,0.0,bme_p9,11971.680871427234,benign_odour,,,,1,lab_1,
multimodal_gas,mm_101,0.0,mq2,34.30179407605753,clean,,,,1,lab_1,
multimodal_gas,mm_101,0.0,mq3,58.62528132298237,clean,,,,1,lab_1,
multimodal_gas,mm_101,0.0,mq135,35.52699079536471,clean,,,,1,lab_1,
multimodal_gas,mm_101,0.0,mq137,5.687770422304368,clean,,,,1,lab_1,
multimodal_gas,mm_101,0.0,mq138,42.46844304357644,clean,,,,1,lab_1,
multimodal_gas,mm_101,0.0,mics2714_no2,34.30044643858484,clean,,,,1,lab_1,
multimodal_gas,mm_101,0.0,mics2714_h2,27.132799321954725,clean,,,,1,lab_1,
multimodal_gas,mm_102,0.0,mq2,16.82096494749166,benign_odour,,,,1,lab_1,
multimodal_gas,mm_102,0.0,mq3,52.33589392465844,benign_odour,,,,1,lab_1,
multimodal_gas,mm_102,0.0,mq135,28.20457481218804,benign_odour,,,,1,lab_1,
multimodal_gas,mm_102,0.0,mq137,23.186408041575643,benign_odour,,,,1,lab_1,
multimodal_gas,mm_102,0.0,mq138,50.80272084711243,benign_odour,,,,1,lab_1,
multimodal_gas,mm_102,0.0,mics2714_no2,29.828054937305637,benign_odour,,,,1,lab_1,
multimodal_gas,mm_102,0.0,mics2714_h2,37.49997552073974,benign_odour,,,,1,lab_1,
multimodal_gas,mm_103,0.0,mq2,12.60206371941118,benign_odour,,,,1,lab_1,
multimodal_gas,mm_103,0.0,mq3,32.18455076693483,benign_odour,,,,1,lab_1,
multimodal_gas,mm_103,0.0,mq135,18.66114704534337,benign_odour,,,,1,lab_1,
multimodal_gas,mm_103,0.0,mq137,10.175599632000338,benign_odour,,,,1,lab_1,
multimodal_gas,mm_103,0.0,mq138,51.86841117373119,benign_odour,,,,1,lab_1,
multimodal_gas,mm_103,0.0,mics2714_no2,33.60847565597635,benign_odour,,,,1,lab_1,
multimodal_gas,mm_103,0.0,mics2714_h2,10.831760065661424,benign_odour,,,,1,lab_1,
multimodal_gas,mm_104,0.0,mq2,47.95542149013333,benign_odour,,,,1,lab_1,
multimodal_gas,mm_104,0.0,mq3,23.90688456025536,benign_odour,,,,1,lab_1,
multimodal_gas,mm_104,0.0,mq135,29.855307303338105,benign_odour,,,,1,lab_1,
multimodal_gas,mm_104,0.0,mq137,18.25044568707964,benign_odour,,,,1,lab_1,
multimodal_gas,mm_104,0.0,mq138,37.39417822102108,benign_odour,,,,1,lab_1,
multimodal_gas,mm_104,0.0,mics2714_no2,32.58102905983593,benign_odour,,,,1,lab_1,
multimodal_gas,mm_104,0.0,mics2714_h2,14.271451597412646,benign_odour,,,,1,lab_1,
drift_uci,uci_b1_s0,0.0,mq2,14.07,narcotic_voc,,,,1,batch_1,
drift_uci,uci_b1_s0,0.0,mq3,39.28,narcotic_voc,,,,1,batch_1,
drift_uci,uci_b1_s0,0.0,mq135,44.98,narcotic_voc,,,,1,batch_1,
drift_uci,uci_b1_s0,0.0,mq137,34.42,narcotic_voc,,,,1,batch_1,
drift_uci,uci_b1_s0,0.0,mq138,84.59,narcotic_voc,,,,1,batch_1,
drift_uci,uci_b1_s0,0.0,tgs2620,42.11,narcotic_voc,,,,1,batch_1,
drift_uci,uci_b1_s0,0.0,mics2714_no2,35.28,narcotic_voc,,,,1,batch_1,
drift_uci,uci_b1_s0,0.0,mics2714_h2,58.84,narcotic_voc,,,,1,batch_1,
drift_uci,uci_b1_s0,0.0,tgs2600_1,22.68,narcotic_voc,,,,1,batch_1,
drift_uci,uci_b1_s0,0.0,tgs2602_1,82.2,narcotic_voc,,,,1,batch_1,
drift_uci,uci_b1_s0,0.0,tgs2610_1,16.71,narcotic_voc,,,,1,batch_1,
drift_uci,uci_b1_s0,0.0,tgs2611_1,98.82,narcotic_voc,,,,1,batch_1,
drift_uci,uci_b1_s0,0.0,tgs2612_1,79.5,narcotic_voc,,,,1,batch_1,
drift_uci,uci_b1_s0,0.0,tgs2620_2,27.88,narcotic_voc,,,,1,batch_1,
drift_uci,uci_b1_s0,0.0,tgs822_1,10.5,narcotic_voc,,,,1,batch_1,
drift_uci,uci_b1_s0,0.0,tgs822_2,83.39,narcotic_voc,,,,1,batch_1,
drift_uci,uci_b1_s1,0.0,mq2,20.76,nitrate_trace,,,,1,batch_1,
drift_uci,uci_b1_s1,0.0,mq3,74.19,nitrate_trace,,,,1,batch_1,
drift_uci,uci_b1_s1,0.0,mq135,78.47,nitrate_trace,,,,1,batch_1,
drift_uci,uci_b1_s1,0.0,mq137,60.51,nitrate_trace,,,,1,batch_1,
drift_uci,uci_b1_s1,0.0,mq138,79.39,nitrate_trace,,,,1,batch_1,
drift_uci,uci_b1_s1,0.0,tgs2620,54.44,nitrate_trace,,,,1,batch_1,
drift_uci,uci_b1_s1,0.0,mics2714_no2,57.05,nitrate_trace,,,,1,batch_1,
drift_uci,uci_b1_s1,0.0,mics2714_h2,48.48,nitrate_trace,,,,1,batch_1,
drift_uci,uci_b1_s1,0.0,tgs2600_1,12.29,nitrate_trace,,,,1,batch_1,
drift_uci,uci_b1_s1,0.0,tgs2602_1,19.71,nitrate_trace,,,,1,batch_1,
drift_uci,uci_b1_s1,0.0,tgs2610_1,12.83,nitrate_trace,,,,1,batch_1,
drift_uci,uci_b1_s1,0.0,tgs2611_1,67.28,nitrate_trace,,,,1,batch_1,
drift_uci,uci_b1_s1,0.0,tgs2612_1,38.29,nitrate_trace,,,,1,batch_1,
drift_uci,uci_b1_s1,0.0,tgs2620_2,55.77,nitrate_trace,,,,1,batch_1,
drift_uci,uci_b1_s1,0.0,tgs822_1,91.68,nitrate_trace,,,,1,batch_1,
drift_uci,uci_b1_s1,0.0,tgs822_2,32.44,nitrate_trace,,,,1,batch_1,
drift_uci,uci_b1_s2,0.0,mq2,38.62,narcotic_voc,,,,1,batch_1,
drift_uci,uci_b1_s2,0.0,mq3,19.9,narcotic_voc,,,,1,batch_1,
drift_uci,uci_b1_s2,0.0,mq135,30.51,narcotic_voc,,,,1,batch_1,
drift_uci,uci_b1_s2,0.0,mq137,48.44,narcotic_voc,,,,1,batch_1,
drift_uci,uci_b1_s2,0.0,mq138,83.62,narcotic_voc,,,,1,batch_1,
drift_uci,uci_b1_s2,0.0,tgs2620,87.47,narcotic_voc,,,,1,batch_1,
drift_uci,uci_b1_s2,0.0,mics2714_no2,10.63,narcotic_voc,,,,1,batch_1,
drift_uci,uci_b1_s2,0.0,mics2714_h2,55.97,narcotic_voc,,,,1,batch_1,
drift_uci,uci_b1_s2,0.0,tgs2600_1,47.57,narcotic_voc,,,,1,batch_1,
drift_uci,uci_b1_s2,0.0,tgs2602_1,29.99,narcotic_voc,,,,1,batch_1,
drift_uci,uci_b1_s2,0.0,tgs2610_1,20.79,narcotic_voc,,,,1,batch_1,
drift_uci,uci_b1_s2,0.0,tgs2611_1,40.39,narcotic_voc,,,,1,batch_1,
drift_uci,uci_b1_s2,0.0,tgs2612_1,94.86,narcotic_voc,,,,1,batch_1,
drift_uci,uci_b1_s2,0.0,tgs2620_2,39.09,narcotic_voc,,,,1,batch_1,
drift_uci,uci_b1_s2,0.0,tgs822_1,56.69,narcotic_voc,,,,1,batch_1,
drift_uci,uci_b1_s2,0.0,tgs822_2,73.27,narcotic_voc,,,,1,batch_1,
drift_uci,uci_b1_s3,0.0,mq2,98.71,nitrate_trace,,,,1,batch_1,
drift_uci,uci_b1_s3,0.0,mq3,31.78,nitrate_trace,,,,1,batch_1,
drift_uci,uci_b1_s3,0.0,mq135,70.49,nitrate_trace,,,,1,batch_1,
drift_uci,uci_b1_s3,0.0,mq137,78.55,nitrate_trace,,,,1,batch_1,
drift_uci,uci_b1_s3,0.0,mq138,31.39,nitrate_trace,,,,1,batch_1,
drift_uci,uci_b1_s3,0.0,tgs2620,75.54,nitrate_trace,,,,1,batch_1,
drift_uci,uci_b1_s3,0.0,mics2714_no2,43.1,nitrate_trace,,,,1,batch_1,
drift_uci,uci_b1_s3,0.0,mics2714_h2,66.91,nitrate_trace,,,,1,batch_1,
drift_uci,uci_b1_s3,0.0,tgs2600_1,67.02,nitrate_trace,,,,1,batch_1,
drift_uci,uci_b1_s3,0.0,tgs2602_1,58.22,nitrate_trace,,,,1,batch_1,
drift_uci,uci_b1_s3,0.0,tgs2610_1,18.13,nitrate_trace,,,,1,batch_1,
drift_uci,uci_b1_s3,0.0,tgs2611_1,85.18,nitrate_trace,,,,1,batch_1,
drift_uci,uci_b1_s3,0.0,tgs2612_1,38.87,nitrate_trace,,,,1,batch_1,
drift_uci,uci_b1_s3,0.0,tgs2620_2,26.79,nitrate_trace,,,,1,batch_1,
drift_uci,uci_b1_s3,0.0,tgs822_1,13.67,nitrate_trace,,,,1,batch_1,
drift_uci,uci_b1_s3,0.0,tgs822_2,63.18,nitrate_trace,,,,1,batch_1,
drift_uci,uci_b1_s4,0.0,mq2,83.55,narcotic_voc,,,,1,batch_1,
drift_uci,uci_b1_s4,0.0,mq3,59.97,narcotic_voc,,,,1,batch_1,
drift_uci,uci_b1_s4,0.0,mq135,57.67,narcotic_voc,,,,1,batch_1,
drift_uci,uci_b1_s4,0.0,mq137,31.77,narcotic_voc,,,,1,batch_1,
drift_uci,uci_b1_s4,0.0,mq138,18.38,narcotic_voc,,,,1,batch_1,
drift_uci,uci_b1_s4,0.0,tgs2620,90.75,narcotic_voc,,,,1,batch_1,
drift_uci,uci_b1_s4,0.0,mics2714_no2,91.04,narcotic_voc,,,,1,batch_1,
drift_uci,uci_b1_s4,0.0,mics2714_h2,66.98,narcotic_voc,,,,1,batch_1,
drift_uci,uci_b1_s4,0.0,tgs2600_1,40.51,narcotic_voc,,,,1,batch_1,
drift_uci,uci_b1_s4,0.0,tgs2602_1,41.43,narcotic_voc,,,,1,batch_1,
drift_uci,uci_b1_s4,0.0,tgs2610_1,75.34,narcotic_voc,,,,1,batch_1,
drift_uci,uci_b1_s4,0.0,tgs2611_1,90.74,narcotic_voc,,,,1,batch_1,
drift_uci,uci_b1_s4,0.0,tgs2612_1,89.84,narcotic_voc,,,,1,batch_1,
drift_uci,uci_b1_s4,0.0,tgs2620_2,80.19,narcotic_voc,,,,1,batch_1,
drift_uci,uci_b1_s4,0.0,tgs822_1,67.78,narcotic_voc,,,,1,batch_1,
drift_uci,uci_b1_s4,0.0,tgs822_2,17.57,narcotic_voc,,,,1,batch_1,
drift_uci,uci_b1_s5,0.0,mq2,68.47,nitrate_trace,,,,1,batch_1,
drift_uci,uci_b1_s5,0.0,mq3,86.43,nitrate_trace,,,,1,batch_1,
drift_uci,uci_b1_s5,0.0,mq135,69.19,nitrate_trace,,,,1,batch_1,
drift_uci,uci_b1_s5,0.0,mq137,61.15,nitrate_trace,,,,1,batch_1,
drift_uci,uci_b1_s5,0.0,mq138,18.43,nitrate_trace,,,,1,batch_1,
drift_uci,uci_b1_s5,0.0,tgs2620,43.09,nitrate_trace,,,,1,batch_1,
drift_uci,uci_b1_s5,0.0,mics2714_no2,33.87,nitrate_trace,,,,1,batch_1,
drift_uci,uci_b1_s5,0.0,mics2714_h2,31.96,nitrate_trace,,,,1,batch_1,
drift_uci,uci_b1_s5,0.0,tgs2600_1,97.57,nitrate_trace,,,,1,batch_1,
drift_uci,uci_b1_s5,0.0,tgs2602_1,45.38,nitrate_trace,,,,1,batch_1,
drift_uci,uci_b1_s5,0.0,tgs2610_1,90.28,nitrate_trace,,,,1,batch_1,
drift_uci,uci_b1_s5,0.0,tgs2611_1,66.8,nitrate_trace,,,,1,batch_1,
drift_uci,uci_b1_s5,0.0,tgs2612_1,81.53,nitrate_trace,,,,1,batch_1,
drift_uci,uci_b1_s5,0.0,tgs2620_2,55.24,nitrate_trace,,,,1,batch_1,
drift_uci,uci_b1_s5,0.0,tgs822_1,61.92,nitrate_trace,,,,1,batch_1,
drift_uci,uci_b1_s5,0.0,tgs822_2,54.33,nitrate_trace,,,,1,batch_1,
drift_uci,uci_b1_s6,0.0,mq2,36.5,narcotic_voc,,,,1,batch_1,
drift_uci,uci_b1_s6,0.0,mq3,44.66,narcotic_voc,,,,1,batch_1,
drift_uci,uci_b1_s6,0.0,mq135,86.6,narcotic_voc,,,,1,batch_1,
drift_uci,uci_b1_s6,0.0,mq137,38.52,narcotic_voc,,,,1,batch_1,
drift_uci,uci_b1_s6,0.0,mq138,25.25,narcotic_voc,,,,1,batch_1,
drift_uci,uci_b1_s6,0.0,tgs2620,60.11,narcotic_voc,,,,1,batch_1,
drift_uci,uci_b1_s6,0.0,mics2714_no2,94.25,narcotic_voc,,,,1,batch_1,
drift_uci,uci_b1_s6,0.0,mics2714_h2,72.64,narcotic_voc,,,,1,batch_1,
drift_uci,uci_b1_s6,0.0,tgs2600_1,61.31,narcotic_voc,,,,1,batch_1,
drift_uci,uci_b1_s6,0.0,tgs2602_1,18.75,narcotic_voc,,,,1,batch_1,
drift_uci,uci_b1_s6,0.0,tgs2610_1,65.35,narcotic_voc,,,,1,batch_1,
drift_uci,uci_b1_s6,0.0,tgs2611_1,99.1,narcotic_voc,,,,1,batch_1,
drift_uci,uci_b1_s6,0.0,tgs2612_1,22.61,narcotic_voc,,,,1,batch_1,
drift_uci,uci_b1_s6,0.0,tgs2620_2,56.65,narcotic_voc,,,,1,batch_1,
drift_uci,uci_b1_s6,0.0,tgs822_1,88.96,narcotic_voc,,,,1,batch_1,
drift_uci,uci_b1_s6,0.0,tgs822_2,76.67,narcotic_voc,,,,1,batch_1,
drift_uci,uci_b1_s7,0.0,mq2,43.8,nitrate_trace,,,,1,batch_1,
drift_uci,uci_b1_s7,0.0,mq3,18.46,nitrate_trace,,,,1,batch_1,
drift_uci,uci_b1_s7,0.0,mq135,62.05,nitrate_trace,,,,1,batch_1,
drift_uci,uci_b1_s7,0.0,mq137,13.23,nitrate_trace,,,,1,batch_1,
drift_uci,uci_b1_s7,0.0,mq138,51.9,nitrate_trace,,,,1,batch_1,
drift_uci,uci_b1_s7,0.0,tgs2620,58.84,nitrate_trace,,,,1,batch_1,
drift_uci,uci_b1_s7,0.0,mics2714_no2,35.79,nitrate_trace,,,,1,batch_1,
drift_uci,uci_b1_s7,0.0,mics2714_h2,63.17,nitrate_trace,,,,1,batch_1,
drift_uci,uci_b1_s7,0.0,tgs2600_1,12.75,nitrate_trace,,,,1,batch_1,
drift_uci,uci_b1_s7,0.0,tgs2602_1,13.36,nitrate_trace,,,,1,batch_1,
drift_uci,uci_b1_s7,0.0,tgs2610_1,84.03,nitrate_trace,,,,1,batch_1,
drift_uci,uci_b1_s7,0.0,tgs2611_1,42.42,nitrate_trace,,,,1,batch_1,
drift_uci,uci_b1_s7,0.0,tgs2612_1,21.44,nitrate_trace,,,,1,batch_1,
drift_uci,uci_b1_s7,0.0,tgs2620_2,57.0,nitrate_trace,,,,1,batch_1,
drift_uci,uci_b1_s7,0.0,tgs822_1,79.3,nitrate_trace,,,,1,batch_1,
drift_uci,uci_b1_s7,0.0,tgs822_2,29.42,nitrate_trace,,,,1,batch_1,
drift_uci,uci_b1_s8,0.0,mq2,85.24,narcotic_voc,,,,1,batch_1,
drift_uci,uci_b1_s8,0.0,mq3,72.64,narcotic_voc,,,,1,batch_1,
drift_uci,uci_b1_s8,0.0,mq135,46.81,narcotic_voc,,,,1,batch_1,
drift_uci,uci_b1_s8,0.0,mq137,25.6,narcotic_voc,,,,1,batch_1,
drift_uci,uci_b1_s8,0.0,mq138,24.08,narcotic_voc,,,,1,batch_1,
drift_uci,uci_b1_s8,0.0,tgs2620,32.52,narcotic_voc,,,,1,batch_1,
drift_uci,uci_b1_s8,0.0,mics2714_no2,59.43,narcotic_voc,,,,1,batch_1,
drift_uci,uci_b1_s8,0.0,mics2714_h2,74.31,narcotic_voc,,,,1,batch_1,
drift_uci,uci_b1_s8,0.0,tgs2600_1,69.42,narcotic_voc,,,,1,batch_1,
drift_uci,uci_b1_s8,0.0,tgs2602_1,35.19,narcotic_voc,,,,1,batch_1,
drift_uci,uci_b1_s8,0.0,tgs2610_1,95.94,narcotic_voc,,,,1,batch_1,
drift_uci,uci_b1_s8,0.0,tgs2611_1,76.41,narcotic_voc,,,,1,batch_1,
drift_uci,uci_b1_s8,0.0,tgs2612_1,59.89,narcotic_voc,,,,1,batch_1,
drift_uci,uci_b1_s8,0.0,tgs2620_2,65.05,narcotic_voc,,,,1,batch_1,
drift_uci,uci_b1_s8,0.0,tgs822_1,47.76,narcotic_voc,,,,1,batch_1,
drift_uci,uci_b1_s8,0.0,tgs822_2,32.3,narcotic_voc,,,,1,batch_1,
drift_uci,uci_b1_s9,0.0,mq2,67.16,nitrate_trace,,,,1,batch_1,
drift_uci,uci_b1_s9,0.0,mq3,14.08,nitrate_trace,,,,1,batch_1,
drift_uci,uci_b1_s9,0.0,mq135,43.72,nitrate_trace,,,,1,batch_1,
drift_uci,uci_b1_s9,0.0,mq137,66.33,nitrate_trace,,,,1,batch_1,
drift_uci,uci_b1_s9,0.0,mq138,55.28,nitrate_trace,,,,1,batch_1,
drift_uci,uci_b1_s9,0.0,tgs2620,87.08,nitrate_trace,,,,1,batch_1,
drift_uci,uci_b1_s9,0.0,mics2714_no2,69.28,nitrate_trace,,,,1,batch_1,
drift_uci,uci_b1_s9,0.0,mics2714_h2,24.66,nitrate_trace,,,,1,batch_1,
drift_uci,uci_b1_s9,0.0,tgs2600_1,16.35,nitrate_trace,,,,1,batch_1,
drift_uci,uci_b1_s9,0.0,tgs2602_1,67.82,nitrate_trace,,,,1,batch_1,
drift_uci,uci_b1_s9,0.0,tgs2610_1,12.39,nitrate_trace,,,,1,batch_1,
drift_uci,uci_b1_s9,0.0,tgs2611_1,62.72,nitrate_trace,,,,1,batch_1,
drift_uci,uci_b1_s9,0.0,tgs2612_1,94.62,nitrate_trace,,,,1,batch_1,
drift_uci,uci_b1_s9,0.0,tgs2620_2,61.79,nitrate_trace,,,,1,batch_1,
drift_uci,uci_b1_s9,0.0,tgs822_1,44.94,nitrate_trace,,,,1,batch_1,
drift_uci,uci_b1_s9,0.0,tgs822_2,67.9,nitrate_trace,,,,1,batch_1,
drift_uci,uci_b2_s0,0.0,mq2,89.22,narcotic_voc,,,,2,batch_2,
drift_uci,uci_b2_s0,0.0,mq3,91.55,narcotic_voc,,,,2,batch_2,
drift_uci,uci_b2_s0,0.0,mq135,95.98,narcotic_voc,,,,2,batch_2,
drift_uci,uci_b2_s0,0.0,mq137,22.77,narcotic_voc,,,,2,batch_2,
drift_uci,uci_b2_s0,0.0,mq138,52.64,narcotic_voc,,,,2,batch_2,
drift_uci,uci_b2_s0,0.0,tgs2620,27.17,narcotic_voc,,,,2,batch_2,
drift_uci,uci_b2_s0,0.0,mics2714_no2,105.63,narcotic_voc,,,,2,batch_2,
drift_uci,uci_b2_s0,0.0,mics2714_h2,80.45,narcotic_voc,,,,2,batch_2,
drift_uci,uci_b2_s0,0.0,tgs2600_1,49.74,narcotic_voc,,,,2,batch_2,
drift_uci,uci_b2_s0,0.0,tgs2602_1,21.67,narcotic_voc,,,,2,batch_2,
drift_uci,uci_b2_s0,0.0,tgs2610_1,47.65,narcotic_voc,,,,2,batch_2,
drift_uci,uci_b2_s0,0.0,tgs2611_1,49.14,narcotic_voc,,,,2,batch_2,
drift_uci,uci_b2_s0,0.0,tgs2612_1,91.61,narcotic_voc,,,,2,batch_2,
drift_uci,uci_b2_s0,0.0,tgs2620_2,81.94,narcotic_voc,,,,2,batch_2,
drift_uci,uci_b2_s0,0.0,tgs822_1,108.16,narcotic_voc,,,,2,batch_2,
drift_uci,uci_b2_s0,0.0,tgs822_2,64.58,narcotic_voc,,,,2,batch_2,
drift_uci,uci_b2_s1,0.0,mq2,58.09,nitrate_trace,,,,2,batch_2,
drift_uci,uci_b2_s1,0.0,mq3,94.33,nitrate_trace,,,,2,batch_2,
drift_uci,uci_b2_s1,0.0,mq135,39.02,nitrate_trace,,,,2,batch_2,
drift_uci,uci_b2_s1,0.0,mq137,23.08,nitrate_trace,,,,2,batch_2,
drift_uci,uci_b2_s1,0.0,mq138,45.42,nitrate_trace,,,,2,batch_2,
drift_uci,uci_b2_s1,0.0,tgs2620,31.93,nitrate_trace,,,,2,batch_2,
drift_uci,uci_b2_s1,0.0,mics2714_no2,112.62,nitrate_trace,,,,2,batch_2,
drift_uci,uci_b2_s1,0.0,mics2714_h2,99.85,nitrate_trace,,,,2,batch_2,
drift_uci,uci_b2_s1,0.0,tgs2600_1,81.51,nitrate_trace,,,,2,batch_2,
drift_uci,uci_b2_s1,0.0,tgs2602_1,106.5,nitrate_trace,,,,2,batch_2,
drift_uci,uci_b2_s1,0.0,tgs2610_1,99.39,nitrate_trace,,,,2,batch_2,
drift_uci,uci_b2_s1,0.0,tgs2611_1,34.59,nitrate_trace,,,,2,batch_2,
drift_uci,uci_b2_s1,0.0,tgs2612_1,108.72,nitrate_trace,,,,2,batch_2,
drift_uci,uci_b2_s1,0.0,tgs2620_2,71.63,nitrate_trace,,,,2,batch_2,
drift_uci,uci_b2_s1,0.0,tgs822_1,99.78,nitrate_trace,,,,2,batch_2,
drift_uci,uci_b2_s1,0.0,tgs822_2,109.09,nitrate_trace,,,,2,batch_2,
drift_uci,uci_b2_s2,0.0,mq2,53.18,narcotic_voc,,,,2,batch_2,
drift_uci,uci_b2_s2,0.0,mq3,117.04,narcotic_voc,,,,2,batch_2,
drift_uci,uci_b2_s2,0.0,mq135,116.06,narcotic_voc,,,,2,batch_2,
drift_uci,uci_b2_s2,0.0,mq137,41.44,narcotic_voc,,,,2,batch_2,
drift_uci,uci_b2_s2,0.0,mq138,67.21,narcotic_voc,,,,2,batch_2,
drift_uci,uci_b2_s2,0.0,tgs2620,46.59,narcotic_voc,,,,2,batch_2,
drift_uci,uci_b2_s2,0.0,mics2714_no2,44.91,narcotic_voc,,,,2,batch_2,
drift_uci,uci_b2_s2,0.0,mics2714_h2,18.87,narcotic_voc,,,,2,batch_2,
drift_uci,uci_b2_s2,0.0,tgs2600_1,79.0,narcotic_voc,,,,2,batch_2,
drift_uci,uci_b2_s2,0.0,tgs2602_1,67.78,narcotic_voc,,,,2,batch_2,
drift_uci,uci_b2_s2,0.0,tgs2610_1,20.41,narcotic_voc,,,,2,batch_2,
drift_uci,uci_b2_s2,0.0,tgs2611_1,44.26,narcotic_voc,,,,2,batch_2,
drift_uci,uci_b2_s2,0.0,tgs2612_1,110.37,narcotic_voc,,,,2,batch_2,
drift_uci,uci_b2_s2,0.0,tgs2620_2,40.15,narcotic_voc,,,,2,batch_2,
drift_uci,uci_b2_s2,0.0,tgs822_1,30.21,narcotic_voc,,,,2,batch_2,
drift_uci,uci_b2_s2,0.0,tgs822_2,66.39,narcotic_voc,,,,2,batch_2,
drift_uci,uci_b2_s3,0.0,mq2,86.14,nitrate_trace,,,,2,batch_2,
drift_uci,uci_b2_s3,0.0,mq3,16.74,nitrate_trace,,,,2,batch_2,
drift_uci,uci_b2_s3,0.0,mq135,68.77,nitrate_trace,,,,2,batch_2,
drift_uci,uci_b2_s3,0.0,mq137,38.78,nitrate_trace,,,,2,batch_2,
drift_uci,uci_b2_s3,0.0,mq138,82.74,nitrate_trace,,,,2,batch_2,
drift_uci,uci_b2_s3,0.0,tgs2620,33.31,nitrate_trace,,,,2,batch_2,
drift_uci,uci_b2_s3,0.0,mics2714_no2,87.55,nitrate_trace,,,,2,batch_2,
drift_uci,uci_b2_s3,0.0,mics2714_h2,55.61,nitrate_trace,,,,2,batch_2,
drift_uci,uci_b2_s3,0.0,tgs2600_1,113.36,nitrate_trace,,,,2,batch_2,
drift_uci,uci_b2_s3,0.0,tgs2602_1,29.44,nitrate_trace,,,,2,batch_2,
drift_uci,uci_b2_s3,0.0,tgs2610_1,50.81,nitrate_trace,,,,2,batch_2,
drift_uci,uci_b2_s3,0.0,tgs2611_1,26.91,nitrate_trace,,,,2,batch_2,
drift_uci,uci_b2_s3,0.0,tgs2612_1,112.09,nitrate_trace,,,,2,batch_2,
drift_uci,uci_b2_s3,0.0,tgs2620_2,107.12,nitrate_trace,,,,2,batch_2,
drift_uci,uci_b2_s3,0.0,tgs822_1,42.08,nitrate_trace,,,,2,batch_2,
drift_uci,uci_b2_s3,0.0,tgs822_2,84.3,nitrate_trace,,,,2,batch_2,
drift_uci,uci_b2_s4,0.0,mq2,31.97,narcotic_voc,,,,2,batch_2,
drift_uci,uci_b2_s4,0.0,mq3,109.35,narcotic_voc,,,,2,batch_2,
drift_uci,uci_b2_s4,0.0,mq135,78.68,narcotic_voc,,,,2,batch_2,
drift_uci,uci_b2_s4,0.0,mq137,15.97,narcotic_voc,,,,2,batch_2,
drift_uci,uci_b2_s4,0.0,mq138,25.65,narcotic_voc,,,,2,batch_2,
drift_uci,uci_b2_s4,0.0,tgs2620,84.67,narcotic_voc,,,,2,batch_2,
drift_uci,uci_b2_s4,0.0,mics2714_no2,15.53,narcotic_voc,,,,2,batch_2,
drift_uci,uci_b2_s4,0.0,mics2714_h2,31.88,narcotic_voc,,,,2,batch_2,
drift_uci,uci_b2_s4,0.0,tgs2600_1,72.62,narcotic_voc,,,,2,batch_2,
drift_uci,uci_b2_s4,0.0,tgs2602_1,87.65,narcotic_voc,,,,2,batch_2,
drift_uci,uci_b2_s4,0.0,tgs2610_1,83.46,narcotic_voc,,,,2,batch_2,
drift_uci,uci_b2_s4,0.0,tgs2611_1,38.55,narcotic_voc,,,,2,batch_2,
drift_uci,uci_b2_s4,0.0,tgs2612_1,89.78,narcotic_voc,,,,2,batch_2,
drift_uci,uci_b2_s4,0.0,tgs2620_2,39.91,narcotic_voc,,,,2,batch_2,
drift_uci,uci_b2_s4,0.0,tgs822_1,49.17,narcotic_voc,,,,2,batch_2,
drift_uci,uci_b2_s4,0.0,tgs822_2,93.38,narcotic_voc,,,,2,batch_2,
drift_uci,uci_b2_s5,0.0,mq2,35.5,nitrate_trace,,,,2,batch_2,
drift_uci,uci_b2_s5,0.0,mq3,90.86,nitrate_trace,,,,2,batch_2,
drift_uci,uci_b2_s5,0.0,mq135,44.48,nitrate_trace,,,,2,batch_2,
drift_uci,uci_b2_s5,0.0,mq137,17.55,nitrate_trace,,,,2,batch_2,
drift_uci,uci_b2_s5,0.0,mq138,82.77,nitrate_trace,,,,2,batch_2,
drift_uci,uci_b2_s5,0.0,tgs2620,33.6,nitrate_trace,,,,2,batch_2,
drift_uci,uci_b2_s5,0.0,mics2714_no2,113.75,nitrate_trace,,,,2,batch_2,
drift_uci,uci_b2_s5,0.0,mics2714_h2,115.16,nitrate_trace,,,,2,batch_2,
drift_uci,uci_b2_s5,0.0,tgs2600_1,111.06,nitrate_trace,,,,2,batch_2,
drift_uci,uci_b2_s5,0.0,tgs2602_1,53.87,nitrate_trace,,,,2,batch_2,
drift_uci,uci_b2_s5,0.0,tgs2610_1,16.62,nitrate_trace,,,,2,batch_2,
drift_uci,uci_b2_s5,0.0,tgs2611_1,112.47,nitrate_trace,,,,2,batch_2,
drift_uci,uci_b2_s5,0.0,tgs2612_1,59.96,nitrate_trace,,,,2,batch_2,
drift_uci,uci_b2_s5,0.0,tgs2620_2,116.5,nitrate_trace,,,,2,batch_2,
drift_uci,uci_b2_s5,0.0,tgs822_1,116.18,nitrate_trace,,,,2,batch_2,
drift_uci,uci_b2_s5,0.0,tgs822_2,104.57,nitrate_trace,,,,2,batch_2,
drift_uci,uci_b2_s6,0.0,mq2,88.19,narcotic_voc,,,,2,batch_2,
drift_uci,uci_b2_s6,0.0,mq3,88.76,narcotic_voc,,,,2,batch_2,
drift_uci,uci_b2_s6,0.0,mq135,52.75,narcotic_voc,,,,2,batch_2,
drift_uci,uci_b2_s6,0.0,mq137,45.83,narcotic_voc,,,,2,batch_2,
drift_uci,uci_b2_s6,0.0,mq138,99.98,narcotic_voc,,,,2,batch_2,
drift_uci,uci_b2_s6,0.0,tgs2620,100.06,narcotic_voc,,,,2,batch_2,
drift_uci,uci_b2_s6,0.0,mics2714_no2,106.04,narcotic_voc,,,,2,batch_2,
drift_uci,uci_b2_s6,0.0,mics2714_h2,110.89,narcotic_voc,,,,2,batch_2,
drift_uci,uci_b2_s6,0.0,tgs2600_1,68.69,narcotic_voc,,,,2,batch_2,
drift_uci,uci_b2_s6,0.0,tgs2602_1,67.66,narcotic_voc,,,,2,batch_2,
drift_uci,uci_b2_s6,0.0,tgs2610_1,98.82,narcotic_voc,,,,2,batch_2,
drift_uci,uci_b2_s6,0.0,tgs2611_1,83.25,narcotic_voc,,,,2,batch_2,
drift_uci,uci_b2_s6,0.0,tgs2612_1,88.71,narcotic_voc,,,,2,batch_2,
drift_uci,uci_b2_s6,0.0,tgs2620_2,98.56,narcotic_voc,,,,2,batch_2,
drift_uci,uci_b2_s6,0.0,tgs822_1,108.45,narcotic_voc,,,,2,batch_2,
drift_uci,uci_b2_s6,0.0,tgs822_2,50.49,narcotic_voc,,,,2,batch_2,
drift_uci,uci_b2_s7,0.0,mq2,80.4,nitrate_trace,,,,2,batch_2,
drift_uci,uci_b2_s7,0.0,mq3,23.96,nitrate_trace,,,,2,batch_2,
drift_uci,uci_b2_s7,0.0,mq135,20.43,nitrate_trace,,,,2,batch_2,
drift_uci,uci_b2_s7,0.0,mq137,70.79,nitrate_trace,,,,2,batch_2,
drift_uci,uci_b2_s7,0.0,mq138,71.77,nitrate_trace,,,,2,batch_2,
drift_uci,uci_b2_s7,0.0,tgs2620,81.93,nitrate_trace,,,,2,batch_2,
drift_uci,uci_b2_s7,0.0,mics2714_no2,91.24,nitrate_trace,,,,2,batch_2,
drift_uci,uci_b2_s7,0.0,mics2714_h2,117.46,nitrate_trace,,,,2,batch_2,
drift_uci,uci_b2_s7,0.0,tgs2600_1,69.21,nitrate_trace,,,,2,batch_2,
drift_uci,uci_b2_s7,0.0,tgs2602_1,48.91,nitrate_trace,,,,2,batch_2,
drift_uci,uci_b2_s7,0.0,tgs2610_1,98.49,nitrate_trace,,,,2,batch_2,
drift_uci,uci_b2_s7,0.0,tgs2611_1,43.44,nitrate_trace,,,,2,batch_2,
drift_uci,uci_b2_s7,0.0,tgs2612_1,61.09,nitrate_trace,,,,2,batch_2,
drift_uci,uci_b2_s7,0.0,tgs2620_2,23.24,nitrate_trace,,,,2,batch_2,
drift_uci,uci_b2_s7,0.0,tgs822_1,17.66,nitrate_trace,,,,2,batch_2,
drift_uci,uci_b2_s7,0.0,tgs822_2,116.08,nitrate_trace,,,,2,batch_2,
drift_uci,uci_b2_s8,0.0,mq2,52.38,narcotic_voc,,,,2,batch_2,
drift_uci,uci_b2_s8,0.0,mq3,94.57,narcotic_voc,,,,2,batch_2,
drift_uci,uci_b2_s8,0.0,mq135,16.51,narcotic_voc,,,,2,batch_2,
drift_uci,uci_b2_s8,0.0,mq137,27.19,narcotic_voc,,,,2,batch_2,
drift_uci,uci_b2_s8,0.0,mq138,19.83,narcotic_voc,,,,2,batch_2,
drift_uci,uci_b2_s8,0.0,tgs2620,19.28,narcotic_voc,,,,2,batch_2,
drift_uci,uci_b2_s8,0.0,mics2714_no2,104.82,narcotic_voc,,,,2,batch_2,
drift_uci,uci_b2_s8,0.0,mics2714_h2,88.88,narcotic_voc,,,,2,batch_2,
drift_uci,uci_b2_s8,0.0,tgs2600_1,64.79,narcotic_voc,,,,2,batch_2,
drift_uci,uci_b2_s8,0.0,tgs2602_1,25.27,narcotic_voc,,,,2,batch_2,
drift_uci,uci_b2_s8,0.0,tgs2610_1,66.62,narcotic_voc,,,,2,batch_2,
drift_uci,uci_b2_s8,0.0,tgs2611_1,64.71,narcotic_voc,,,,2,batch_2,
drift_uci,uci_b2_s8,0.0,tgs2612_1,33.19,narcotic_voc,,,,2,batch_2,
drift_uci,uci_b2_s8,0.0,tgs2620_2,60.55,narcotic_voc,,,,2,batch_2,
drift_uci,uci_b2_s8,0.0,tgs822_1,56.84,narcotic_voc,,,,2,batch_2,
drift_uci,uci_b2_s8,0.0,tgs822_2,79.66,narcotic_voc,,,,2,batch_2,
drift_uci,uci_b2_s9,0.0,mq2,63.12,nitrate_trace,,,,2,batch_2,
drift_uci,uci_b2_s9,0.0,mq3,72.29,nitrate_trace,,,,2,batch_2,
drift_uci,uci_b2_s9,0.0,mq135,113.85,nitrate_trace,,,,2,batch_2,
drift_uci,uci_b2_s9,0.0,mq137,55.54,nitrate_trace,,,,2,batch_2,
drift_uci,uci_b2_s9,0.0,mq138,115.93,nitrate_trace,,,,2,batch_2,
drift_uci,uci_b2_s9,0.0,tgs2620,110.06,nitrate_trace,,,,2,batch_2,
drift_uci,uci_b2_s9,0.0,mics2714_no2,35.56,nitrate_trace,,,,2,batch_2,
drift_uci,uci_b2_s9,0.0,mics2714_h2,22.28,nitrate_trace,,,,2,batch_2,
drift_uci,uci_b2_s9,0.0,tgs2600_1,25.58,nitrate_trace,,,,2,batch_2,
drift_uci,uci_b2_s9,0.0,tgs2602_1,16.91,nitrate_trace,,,,2,batch_2,
drift_uci,uci_b2_s9,0.0,tgs2610_1,24.92,nitrate_trace,,,,2,batch_2,
drift_uci,uci_b2_s9,0.0,tgs2611_1,86.72,nitrate_trace,,,,2,batch_2,
drift_uci,uci_b2_s9,0.0,tgs2612_1,22.47,nitrate_trace,,,,2,batch_2,
drift_uci,uci_b2_s9,0.0,tgs2620_2,48.49,nitrate_trace,,,,2,batch_2,
drift_uci,uci_b2_s9,0.0,tgs822_1,103.71,nitrate_trace,,,,2,batch_2,
drift_uci,uci_b2_s9,0.0,tgs822_2,17.44,nitrate_trace,,,,2,batch_2,
food_freshness,food_0,0.0,mq2,262.89369651778713,clean,24.0,50.0,,1,lab_1,
food_freshness,food_0,0.0,mq3,137.7472013527053,clean,24.0,50.0,,1,lab_1,
food_freshness,food_0,0.0,mq135,425.1844254922575,clean,24.0,50.0,,1,lab_1,
food_freshness,food_1,0.0,mq2,156.37095495467997,clean,25.0,52.0,,1,lab_1,
food_freshness,food_1,0.0,mq3,123.50710438038858,clean,25.0,52.0,,1,lab_1,
food_freshness,food_1,0.0,mq135,442.0504217801792,clean,25.0,52.0,,1,lab_1,
food_freshness,food_2,0.0,mq2,123.63296552433124,benign_odour,24.0,51.0,,1,lab_1,
food_freshness,food_2,0.0,mq3,130.34809303848488,benign_odour,24.0,51.0,,1,lab_1,
food_freshness,food_2,0.0,mq135,497.151542600202,benign_odour,24.0,51.0,,1,lab_1,
food_freshness,food_3,0.0,mq2,239.3474330728301,benign_odour,26.0,55.0,,1,lab_1,
food_freshness,food_3,0.0,mq3,78.20345725713065,benign_odour,26.0,55.0,,1,lab_1,
food_freshness,food_3,0.0,mq135,323.78530307342794,benign_odour,26.0,55.0,,1,lab_1,
food_freshness,food_4,0.0,mq2,225.7885693559768,benign_odour,25.0,53.0,,1,lab_1,
food_freshness,food_4,0.0,mq3,67.74395437797229,benign_odour,25.0,53.0,,1,lab_1,
food_freshness,food_4,0.0,mq135,311.60542573783493,benign_odour,25.0,53.0,,1,lab_1,
gas_array,garray_0,0.0,mq2,41.05651842967987,clean,,,,1,lab_1,
gas_array,garray_0,0.0,mq3,37.15976109500073,clean,,,,1,lab_1,
gas_array,garray_0,0.0,mq135,42.076587200387,clean,,,,1,lab_1,
gas_array,garray_0,0.0,mq137,22.91046456992401,clean,,,,1,lab_1,
gas_array,garray_0,0.0,mq138,33.65146707144534,clean,,,,1,lab_1,
gas_array,garray_0,0.0,tgs2620,25.189071426835586,clean,,,,1,lab_1,
gas_array,garray_1,0.0,mq2,23.632141610120712,benign_odour,,,,1,lab_1,
gas_array,garray_1,0.0,mq3,50.03484271165989,benign_odour,,,,1,lab_1,
gas_array,garray_1,0.0,mq135,30.157571173435716,benign_odour,,,,1,lab_1,
gas_array,garray_1,0.0,mq137,12.784033574683262,benign_odour,,,,1,lab_1,
gas_array,garray_1,0.0,mq138,42.7725455036166,benign_odour,,,,1,lab_1,
gas_array,garray_1,0.0,tgs2620,26.532255879905385,benign_odour,,,,1,lab_1,
gas_array,garray_2,0.0,mq2,47.23029302414259,benign_odour,,,,1,lab_1,
gas_array,garray_2,0.0,mq3,50.18171496338729,benign_odour,,,,1,lab_1,
gas_array,garray_2,0.0,mq135,39.79372398323225,benign_odour,,,,1,lab_1,
gas_array,garray_2,0.0,mq137,5.216753029605967,benign_odour,,,,1,lab_1,
gas_array,garray_2,0.0,mq138,68.0024786820322,benign_odour,,,,1,lab_1,
gas_array,garray_2,0.0,tgs2620,22.314247005501358,benign_odour,,,,1,lab_1,
gas_array,garray_3,0.0,mq2,44.33651007372048,clean,,,,1,lab_1,
gas_array,garray_3,0.0,mq3,24.124954753437304,clean,,,,1,lab_1,
gas_array,garray_3,0.0,mq135,24.601488030918357,clean,,,,1,lab_1,
gas_array,garray_3,0.0,mq137,23.107639528385278,clean,,,,1,lab_1,
gas_array,garray_3,0.0,mq138,68.02428587750225,clean,,,,1,lab_1,
gas_array,garray_3,0.0,tgs2620,18.743847749055483,clean,,,,1,lab_1,
adl_classification,adl_0,0.0,mq2,23.14658181479664,benign_odour,,,,1,lab_1,
adl_classification,adl_0,0.0,mq3,51.58472571178216,benign_odour,,,,1,lab_1,
adl_classification,adl_0,0.0,mq135,31.485866469712064,benign_odour,,,,1,lab_1,
adl_classification,adl_0,0.0,mq137,7.341340328552118,benign_odour,,,,1,lab_1,
adl_classification,adl_0,0.0,mq138,34.04490704491161,benign_odour,,,,1,lab_1,
adl_classification,adl_1,0.0,mq2,36.900738243081534,benign_odour,,,,1,lab_1,
adl_classification,adl_1,0.0,mq3,23.648244121947613,benign_odour,,,,1,lab_1,
adl_classification,adl_1,0.0,mq135,28.24591504120131,benign_odour,,,,1,lab_1,
adl_classification,adl_1,0.0,mq137,7.859833641056717,benign_odour,,,,1,lab_1,
adl_classification,adl_1,0.0,mq138,33.364272244599896,benign_odour,,,,1,lab_1,
adl_classification,adl_2,0.0,mq2,40.0949811775072,clean,,,,1,lab_1,
adl_classification,adl_2,0.0,mq3,39.77681218810326,clean,,,,1,lab_1,
adl_classification,adl_2,0.0,mq135,41.63112548274899,clean,,,,1,lab_1,
adl_classification,adl_2,0.0,mq137,20.23021263434945,clean,,,,1,lab_1,
adl_classification,adl_2,0.0,mq138,58.0387652583648,clean,,,,1,lab_1,
adl_classification,adl_3,0.0,mq2,41.66316174903394,clean,,,,1,lab_1,
adl_classification,adl_3,0.0,mq3,22.302350400665773,clean,,,,1,lab_1,
adl_classification,adl_3,0.0,mq135,25.52745037656236,clean,,,,1,lab_1,
adl_classification,adl_3,0.0,mq137,17.364361266325222,clean,,,,1,lab_1,
adl_classification,adl_3,0.0,mq138,32.91052025456774,clean,,,,1,lab_1,
breath_enose,breath_0,0.0,mq2,42.87440237161425,benign_odour,,,,1,lab_1,
breath_enose,breath_0,0.0,mq3,59.465583140047016,benign_odour,,,,1,lab_1,
breath_enose,breath_0,0.0,mq135,43.41745732151576,benign_odour,,,,1,lab_1,
breath_enose,breath_0,0.0,mq137,6.670014333973375,benign_odour,,,,1,lab_1,
breath_enose,breath_0,0.0,mq138,66.25417540378945,benign_odour,,,,1,lab_1,
breath_enose,breath_1,0.0,mq2,38.24968908625985,benign_odour,,,,1,lab_1,
breath_enose,breath_1,0.0,mq3,34.97083183024481,benign_odour,,,,1,lab_1,
breath_enose,breath_1,0.0,mq135,44.58003191468613,benign_odour,,,,1,lab_1,
breath_enose,breath_1,0.0,mq137,20.54293831854873,benign_odour,,,,1,lab_1,
breath_enose,breath_1,0.0,mq138,34.447899292246056,benign_odour,,,,1,lab_1,
breath_enose,breath_2,0.0,mq2,13.25395122567599,benign_odour,,,,1,lab_1,
breath_enose,breath_2,0.0,mq3,34.82568588267564,benign_odour,,,,1,lab_1,
breath_enose,breath_2,0.0,mq135,37.60134555776825,benign_odour,,,,1,lab_1,
breath_enose,breath_2,0.0,mq137,16.1680849947161,benign_odour,,,,1,lab_1,
breath_enose,breath_2,0.0,mq138,49.70500417163437,benign_odour,,,,1,lab_1,
breath_enose,breath_3,0.0,mq2,13.393508563407677,narcotic_voc,,,,1,lab_1,
breath_enose,breath_3,0.0,mq3,52.5119826903001,narcotic_voc,,,,1,lab_1,
breath_enose,breath_3,0.0,mq135,26.287787565927477,narcotic_voc,,,,1,lab_1,
breath_enose,breath_3,0.0,mq137,13.484440184939526,narcotic_voc,,,,1,lab_1,
breath_enose,breath_3,0.0,mq138,30.454145790696764,narcotic_voc,,,,1,lab_1,
synthetic_transient,transient_scan_1,0.0,mq2,99.82839938168442,clean,25.5,51.0,1013.25,2,room_2,"[np.float64(16716.516049853155), np.float64(6407.581892045933), np.float64(7970.447906701798), np.float64(7938.156169427622), np.float64(21230.25755290159), np.float64(23651.12198163558), np.float64(19584.21912742899), np.float64(29054.31371186355), np.float64(14371.764488092602), np.float64(12142.802157046517)]"
synthetic_transient,transient_scan_1,0.20408163265306123,mq2,100.22883822721442,clean,25.5,51.0,1013.25,2,room_2,"[np.float64(16716.516049853155), np.float64(6407.581892045933), np.float64(7970.447906701798), np.float64(7938.156169427622), np.float64(21230.25755290159), np.float64(23651.12198163558), np.float64(19584.21912742899), np.float64(29054.31371186355), np.float64(14371.764488092602), np.float64(12142.802157046517)]"
synthetic_transient,transient_scan_1,0.40816326530612246,mq2,100.03482633225944,clean,25.5,51.0,1013.25,2,room_2,"[np.float64(16716.516049853155), np.float64(6407.581892045933), np.float64(7970.447906701798), np.float64(7938.156169427622), np.float64(21230.25755290159), np.float64(23651.12198163558), np.float64(19584.21912742899), np.float64(29054.31371186355), np.float64(14371.764488092602), np.float64(12142.802157046517)]"
synthetic_transient,transient_scan_1,0.6122448979591837,mq2,100.49175215317923,clean,25.5,51.0,1013.25,2,room_2,"[np.float64(16716.516049853155), np.float64(6407.581892045933), np.float64(7970.447906701798), np.float64(7938.156169427622), np.float64(21230.25755290159), np.float64(23651.12198163558), np.float64(19584.21912742899), np.float64(29054.31371186355), np.float64(14371.764488092602), np.float64(12142.802157046517)]"
synthetic_transient,transient_scan_1,0.8163265306122449,mq2,100.23681369386378,clean,25.5,51.0,1013.25,2,room_2,"[np.float64(16716.516049853155), np.float64(6407.581892045933), np.float64(7970.447906701798), np.float64(7938.156169427622), np.float64(21230.25755290159), np.float64(23651.12198163558), np.float64(19584.21912742899), np.float64(29054.31371186355), np.float64(14371.764488092602), np.float64(12142.802157046517)]"
synthetic_transient,transient_scan_1,1.0204081632653061,mq2,100.02717528896929,clean,25.5,51.0,1013.25,2,room_2,"[np.float64(16716.516049853155), np.float64(6407.581892045933), np.float64(7970.447906701798), np.float64(7938.156169427622), np.float64(21230.25755290159), np.float64(23651.12198163558), np.float64(19584.21912742899), np.float64(29054.31371186355), np.float64(14371.764488092602), np.float64(12142.802157046517)]"
synthetic_transient,transient_scan_1,1.2244897959183674,mq2,101.13788064878361,clean,25.5,51.0,1013.25,2,room_2,"[np.float64(16716.516049853155), np.float64(6407.581892045933), np.float64(7970.447906701798), np.float64(7938.156169427622), np.float64(21230.25755290159), np.float64(23651.12198163558), np.float64(19584.21912742899), np.float64(29054.31371186355), np.float64(14371.764488092602), np.float64(12142.802157046517)]"
synthetic_transient,transient_scan_1,1.4285714285714286,mq2,100.20311334252496,clean,25.5,51.0,1013.25,2,room_2,"[np.float64(16716.516049853155), np.float64(6407.581892045933), np.float64(7970.447906701798), np.float64(7938.156169427622), np.float64(21230.25755290159), np.float64(23651.12198163558), np.float64(19584.21912742899), np.float64(29054.31371186355), np.float64(14371.764488092602), np.float64(12142.802157046517)]"
synthetic_transient,transient_scan_1,1.6326530612244898,mq2,99.78402889919582,clean,25.5,51.0,1013.25,2,room_2,"[np.float64(16716.516049853155), np.float64(6407.581892045933), np.float64(7970.447906701798), np.float64(7938.156169427622), np.float64(21230.25755290159), np.float64(23651.12198163558), np.float64(19584.21912742899), np.float64(29054.31371186355), np.float64(14371.764488092602), np.float64(12142.802157046517)]"
synthetic_transient,transient_scan_1,1.836734693877551,mq2,100.92998350324346,clean,25.5,51.0,1013.25,2,room_2,"[np.float64(16716.516049853155), np.float64(6407.581892045933), np.float64(7970.447906701798), np.float64(7938.156169427622), np.float64(21230.25755290159), np.float64(23651.12198163558), np.float64(19584.21912742899), np.float64(29054.31371186355), np.float64(14371.764488092602), np.float64(12142.802157046517)]"
synthetic_transient,transient_scan_1,2.0408163265306123,mq2,99.79215272835488,clean,25.5,51.0,1013.25,2,room_2,"[np.float64(16716.516049853155), np.float64(6407.581892045933), np.float64(7970.447906701798), np.float64(7938.156169427622), np.float64(21230.25755290159), np.float64(23651.12198163558), np.float64(19584.21912742899), np.float64(29054.31371186355), np.float64(14371.764488092602), np.float64(12142.802157046517)]"
synthetic_transient,transient_scan_1,2.2448979591836737,mq2,96.29808566117626,clean,25.5,51.0,1013.25,2,room_2,"[np.float64(16716.516049853155), np.float64(6407.581892045933), np.float64(7970.447906701798), np.float64(7938.156169427622), np.float64(21230.25755290159), np.float64(23651.12198163558), np.float64(19584.21912742899), np.float64(29054.31371186355), np.float64(14371.764488092602), np.float64(12142.802157046517)]"
synthetic_transient,transient_scan_1,2.4489795918367347,mq2,91.90148318983633,clean,25.5,51.0,1013.25,2,room_2,"[np.float64(16716.516049853155), np.float64(6407.581892045933), np.float64(7970.447906701798), np.float64(7938.156169427622), np.float64(21230.25755290159), np.float64(23651.12198163558), np.float64(19584.21912742899), np.float64(29054.31371186355), np.float64(14371.764488092602), np.float64(12142.802157046517)]"
synthetic_transient,transient_scan_1,2.6530612244897958,mq2,89.3450461774308,clean,25.5,51.0,1013.25,2,room_2,"[np.float64(16716.516049853155), np.float64(6407.581892045933), np.float64(7970.447906701798), np.float64(7938.156169427622), np.float64(21230.25755290159), np.float64(23651.12198163558), np.float64(19584.21912742899), np.float64(29054.31371186355), np.float64(14371.764488092602), np.float64(12142.802157046517)]"
synthetic_transient,transient_scan_1,2.857142857142857,mq2,85.33113757170605,clean,25.5,51.0,1013.25,2,room_2,"[np.float64(16716.516049853155), np.float64(6407.581892045933), np.float64(7970.447906701798), np.float64(7938.156169427622), np.float64(21230.25755290159), np.float64(23651.12198163558), np.float64(19584.21912742899), np.float64(29054.31371186355), np.float64(14371.764488092602), np.float64(12142.802157046517)]"
synthetic_transient,transient_scan_1,3.0612244897959187,mq2,83.92179158880558,clean,25.5,51.0,1013.25,2,room_2,"[np.float64(16716.516049853155), np.float64(6407.581892045933), np.float64(7970.447906701798), np.float64(7938.156169427622), np.float64(21230.25755290159), np.float64(23651.12198163558), np.float64(19584.21912742899), np.float64(29054.31371186355), np.float64(14371.764488092602), np.float64(12142.802157046517)]"
synthetic_transient,transient_scan_1,3.2653061224489797,mq2,81.16836502409754,clean,25.5,51.0,1013.25,2,room_2,"[np.float64(16716.516049853155), np.float64(6407.581892045933), np.float64(7970.447906701798), np.float64(7938.156169427622), np.float64(21230.25755290159), np.float64(23651.12198163558), np.float64(19584.21912742899), np.float64(29054.31371186355), np.float64(14371.764488092602), np.float64(12142.802157046517)]"
synthetic_transient,transient_scan_1,3.4693877551020407,mq2,78.5085617754428,clean,25.5,51.0,1013.25,2,room_2,"[np.float64(16716.516049853155), np.float64(6407.581892045933), np.float64(7970.447906701798), np.float64(7938.156169427622), np.float64(21230.25755290159), np.float64(23651.12198163558), np.float64(19584.21912742899), np.float64(29054.31371186355), np.float64(14371.764488092602), np.float64(12142.802157046517)]"
synthetic_transient,transient_scan_1,3.673469387755102,mq2,77.84119997995312,clean,25.5,51.0,1013.25,2,room_2,"[np.float64(16716.516049853155), np.float64(6407.581892045933), np.float64(7970.447906701798), np.float64(7938.156169427622), np.float64(21230.25755290159), np.float64(23651.12198163558), np.float64(19584.21912742899), np.float64(29054.31371186355), np.float64(14371.764488092602), np.float64(12142.802157046517)]"
synthetic_transient,transient_scan_1,3.8775510204081636,mq2,74.73919226251567,clean,25.5,51.0,1013.25,2,room_2,"[np.float64(16716.516049853155), np.float64(6407.581892045933), np.float64(7970.447906701798), np.float64(7938.156169427622), np.float64(21230.25755290159), np.float64(23651.12198163558), np.float64(19584.21912742899), np.float64(29054.31371186355), np.float64(14371.764488092602), np.float64(12142.802157046517)]"
synthetic_transient,transient_scan_1,4.081632653061225,mq2,73.17029735193371,clean,25.5,51.0,1013.25,2,room_2,"[np.float64(16716.516049853155), np.float64(6407.581892045933), np.float64(7970.447906701798), np.float64(7938.156169427622), np.float64(21230.25755290159), np.float64(23651.12198163558), np.float64(19584.21912742899), np.float64(29054.31371186355), np.float64(14371.764488092602), np.float64(12142.802157046517)]"
synthetic_transient,transient_scan_1,4.285714285714286,mq2,72.93750052236146,clean,25.5,51.0,1013.25,2,room_2,"[np.float64(16716.516049853155), np.float64(6407.581892045933), np.float64(7970.447906701798), np.float64(7938.156169427622), np.float64(21230.25755290159), np.float64(23651.12198163558), np.float64(19584.21912742899), np.float64(29054.31371186355), np.float64(14371.764488092602), np.float64(12142.802157046517)]"
synthetic_transient,transient_scan_1,4.4897959183673475,mq2,71.80448540937171,clean,25.5,51.0,1013.25,2,room_2,"[np.float64(16716.516049853155), np.float64(6407.581892045933), np.float64(7970.447906701798), np.float64(7938.156169427622), np.float64(21230.25755290159), np.float64(23651.12198163558), np.float64(19584.21912742899), np.float64(29054.31371186355), np.float64(14371.764488092602), np.float64(12142.802157046517)]"
synthetic_transient,transient_scan_1,4.6938775510204085,mq2,70.88666467814848,clean,25.5,51.0,1013.25,2,room_2,"[np.float64(16716.516049853155), np.float64(6407.581892045933), np.float64(7970.447906701798), np.float64(7938.156169427622), np.float64(21230.25755290159), np.float64(23651.12198163558), np.float64(19584.21912742899), np.float64(29054.31371186355), np.float64(14371.764488092602), np.float64(12142.802157046517)]"
synthetic_transient,transient_scan_1,4.8979591836734695,mq2,69.76337221599744,clean,25.5,51.0,1013.25,2,room_2,"[np.float64(16716.516049853155), np.float64(6407.581892045933), np.float64(7970.447906701798), np.float64(7938.156169427622), np.float64(21230.25755290159), np.float64(23651.12198163558), np.float64(19584.21912742899), np.float64(29054.31371186355), np.float64(14371.764488092602), np.float64(12142.802157046517)]"
synthetic_transient,transient_scan_1,5.1020408163265305,mq2,69.21958950166747,clean,25.5,51.0,1013.25,2,room_2,"[np.float64(16716.516049853155), np.float64(6407.581892045933), np.float64(7970.447906701798), np.float64(7938.156169427622), np.float64(21230.25755290159), np.float64(23651.12198163558), np.float64(19584.21912742899), np.float64(29054.31371186355), np.float64(14371.764488092602), np.float64(12142.802157046517)]"
synthetic_transient,transient_scan_1,5.3061224489795915,mq2,68.00863746382943,clean,25.5,51.0,1013.25,2,room_2,"[np.float64(16716.516049853155), np.float64(6407.581892045933), np.float64(7970.447906701798), np.float64(7938.156169427622), np.float64(21230.25755290159), np.float64(23651.12198163558), np.float64(19584.21912742899), np.float64(29054.31371186355), np.float64(14371.764488092602), np.float64(12142.802157046517)]"
synthetic_transient,transient_scan_1,5.510204081632653,mq2,66.84943426185745,clean,25.5,51.0,1013.25,2,room_2,"[np.float64(16716.516049853155), np.float64(6407.581892045933), np.float64(7970.447906701798), np.float64(7938.156169427622), np.float64(21230.25755290159), np.float64(23651.12198163558), np.float64(19584.21912742899), np.float64(29054.31371186355), np.float64(14371.764488092602), np.float64(12142.802157046517)]"
synthetic_transient,transient_scan_1,5.714285714285714,mq2,66.20791625474288,clean,25.5,51.0,1013.25,2,room_2,"[np.float64(16716.516049853155), np.float64(6407.581892045933), np.float64(7970.447906701798), np.float64(7938.156169427622), np.float64(21230.25755290159), np.float64(23651.12198163558), np.float64(19584.21912742899), np.float64(29054.31371186355), np.float64(14371.764488092602), np.float64(12142.802157046517)]"
synthetic_transient,transient_scan_1,5.918367346938775,mq2,65.49782757883152,clean,25.5,51.0,1013.25,2,room_2,"[np.float64(16716.516049853155), np.float64(6407.581892045933), np.float64(7970.447906701798), np.float64(7938.156169427622), np.float64(21230.25755290159), np.float64(23651.12198163558), np.float64(19584.21912742899), np.float64(29054.31371186355), np.float64(14371.764488092602), np.float64(12142.802157046517)]"
synthetic_transient,transient_scan_1,6.122448979591837,mq2,65.23965873504805,clean,25.5,51.0,1013.25,2,room_2,"[np.float64(16716.516049853155), np.float64(6407.581892045933), np.float64(7970.447906701798), np.float64(7938.156169427622), np.float64(21230.25755290159), np.float64(23651.12198163558), np.float64(19584.21912742899), np.float64(29054.31371186355), np.float64(14371.764488092602), np.float64(12142.802157046517)]"
synthetic_transient,transient_scan_1,6.326530612244898,mq2,64.04929359998744,clean,25.5,51.0,1013.25,2,room_2,"[np.float64(16716.516049853155), np.float64(6407.581892045933), np.float64(7970.447906701798), np.float64(7938.156169427622), np.float64(21230.25755290159), np.float64(23651.12198163558), np.float64(19584.21912742899), np.float64(29054.31371186355), np.float64(14371.764488092602), np.float64(12142.802157046517)]"
synthetic_transient,transient_scan_1,6.530612244897959,mq2,64.32239128731368,clean,25.5,51.0,1013.25,2,room_2,"[np.float64(16716.516049853155), np.float64(6407.581892045933), np.float64(7970.447906701798), np.float64(7938.156169427622), np.float64(21230.25755290159), np.float64(23651.12198163558), np.float64(19584.21912742899), np.float64(29054.31371186355), np.float64(14371.764488092602), np.float64(12142.802157046517)]"
synthetic_transient,transient_scan_1,6.73469387755102,mq2,63.705955872676185,clean,25.5,51.0,1013.25,2,room_2,"[np.float64(16716.516049853155), np.float64(6407.581892045933), np.float64(7970.447906701798), np.float64(7938.156169427622), np.float64(21230.25755290159), np.float64(23651.12198163558), np.float64(19584.21912742899), np.float64(29054.31371186355), np.float64(14371.764488092602), np.float64(12142.802157046517)]"
synthetic_transient,transient_scan_1,6.938775510204081,mq2,63.52328403919268,clean,25.5,51.0,1013.25,2,room_2,"[np.float64(16716.516049853155), np.float64(6407.581892045933), np.float64(7970.447906701798), np.float64(7938.156169427622), np.float64(21230.25755290159), np.float64(23651.12198163558), np.float64(19584.21912742899), np.float64(29054.31371186355), np.float64(14371.764488092602), np.float64(12142.802157046517)]"
synthetic_transient,transient_scan_1,7.142857142857143,mq2,63.196412997116056,clean,25.5,51.0,1013.25,2,room_2,"[np.float64(16716.516049853155), np.float64(6407.581892045933), np.float64(7970.447906701798), np.float64(7938.156169427622), np.float64(21230.25755290159), np.float64(23651.12198163558), np.float64(19584.21912742899), np.float64(29054.31371186355), np.float64(14371.764488092602), np.float64(12142.802157046517)]"
synthetic_transient,transient_scan_1,7.346938775510204,mq2,61.53436285085077,clean,25.5,51.0,1013.25,2,room_2,"[np.float64(16716.516049853155), np.float64(6407.581892045933), np.float64(7970.447906701798), np.float64(7938.156169427622), np.float64(21230.25755290159), np.float64(23651.12198163558), np.float64(19584.21912742899), np.float64(29054.31371186355), np.float64(14371.764488092602), np.float64(12142.802157046517)]"
synthetic_transient,transient_scan_1,7.551020408163265,mq2,62.04206004450123,clean,25.5,51.0,1013.25,2,room_2,"[np.float64(16716.516049853155), np.float64(6407.581892045933), np.float64(7970.447906701798), np.float64(7938.156169427622), np.float64(21230.25755290159), np.float64(23651.12198163558), np.float64(19584.21912742899), np.float64(29054.31371186355), np.float64(14371.764488092602), np.float64(12142.802157046517)]"
synthetic_transient,transient_scan_1,7.755102040816327,mq2,62.19658183572982,clean,25.5,51.0,1013.25,2,room_2,"[np.float64(16716.516049853155), np.float64(6407.581892045933), np.float64(7970.447906701798), np.float64(7938.156169427622), np.float64(21230.25755290159), np.float64(23651.12198163558), np.float64(19584.21912742899), np.float64(29054.31371186355), np.float64(14371.764488092602), np.float64(12142.802157046517)]"
synthetic_transient,transient_scan_1,7.959183673469388,mq2,62.00480031546604,clean,25.5,51.0,1013.25,2,room_2,"[np.float64(16716.516049853155), np.float64(6407.581892045933), np.float64(7970.447906701798), np.float64(7938.156169427622), np.float64(21230.25755290159), np.float64(23651.12198163558), np.float64(19584.21912742899), np.float64(29054.31371186355), np.float64(14371.764488092602), np.float64(12142.802157046517)]"
synthetic_transient,transient_scan_1,8.16326530612245,mq2,61.96506594842583,clean,25.5,51.0,1013.25,2,room_2,"[np.float64(16716.516049853155), np.float64(6407.581892045933), np.float64(7970.447906701798), np.float64(7938.156169427622), np.float64(21230.25755290159), np.float64(23651.12198163558), np.float64(19584.21912742899), np.float64(29054.31371186355), np.float64(14371.764488092602), np.float64(12142.802157046517)]"
synthetic_transient,transient_scan_1,8.36734693877551,mq2,61.80850101449051,clean,25.5,51.0,1013.25,2,room_2,"[np.float64(16716.516049853155), np.float64(6407.581892045933), np.float64(7970.447906701798), np.float64(7938.156169427622), np.float64(21230.25755290159), np.float64(23651.12198163558), np.float64(19584.21912742899), np.float64(29054.31371186355), np.float64(14371.764488092602), np.float64(12142.802157046517)]"
synthetic_transient,transient_scan_1,8.571428571428571,mq2,62.25467071615642,clean,25.5,51.0,1013.25,2,room_2,"[np.float64(16716.516049853155), np.float64(6407.581892045933), np.float64(7970.447906701798), np.float64(7938.156169427622), np.float64(21230.25755290159), np.float64(23651.12198163558), np.float64(19584.21912742899), np.float64(29054.31371186355), np.float64(14371.764488092602), np.float64(12142.802157046517)]"
synthetic_transient,transient_scan_1,8.775510204081632,mq2,61.50760661821744,clean,25.5,51.0,1013.25,2,room_2,"[np.float64(16716.516049853155), np.float64(6407.581892045933), np.float64(7970.447906701798), np.float64(7938.156169427622), np.float64(21230.25755290159), np.float64(23651.12198163558), np.float64(19584.21912742899), np.float64(29054.31371186355), np.float64(14371.764488092602), np.float64(12142.802157046517)]"
synthetic_transient,transient_scan_1,8.979591836734695,mq2,61.06377204486062,clean,25.5,51.0,1013.25,2,room_2,"[np.float64(16716.516049853155), np.float64(6407.581892045933), np.float64(7970.447906701798), np.float64(7938.156169427622), np.float64(21230.25755290159), np.float64(23651.12198163558), np.float64(19584.21912742899), np.float64(29054.31371186355), np.float64(14371.764488092602), np.float64(12142.802157046517)]"
synthetic_transient,transient_scan_1,9.183673469387756,mq2,60.30234570919385,clean,25.5,51.0,1013.25,2,room_2,"[np.float64(16716.516049853155), np.float64(6407.581892045933), np.float64(7970.447906701798), np.float64(7938.156169427622), np.float64(21230.25755290159), np.float64(23651.12198163558), np.float64(19584.21912742899), np.float64(29054.31371186355), np.float64(14371.764488092602), np.float64(12142.802157046517)]"
synthetic_transient,transient_scan_1,9.387755102040817,mq2,60.31071931502536,clean,25.5,51.0,1013.25,2,room_2,"[np.float64(16716.516049853155), np.float64(6407.581892045933), np.float64(7970.447906701798), np.float64(7938.156169427622), np.float64(21230.25755290159), np.float64(23651.12198163558), np.float64(19584.21912742899), np.float64(29054.31371186355), np.float64(14371.764488092602), np.float64(12142.802157046517)]"
synthetic_transient,transient_scan_1,9.591836734693878,mq2,61.16623661411932,clean,25.5,51.0,1013.25,2,room_2,"[np.float64(16716.516049853155), np.float64(6407.581892045933), np.float64(7970.447906701798), np.float64(7938.156169427622), np.float64(21230.25755290159), np.float64(23651.12198163558), np.float64(19584.21912742899), np.float64(29054.31371186355), np.float64(14371.764488092602), np.float64(12142.802157046517)]"
synthetic_transient,transient_scan_1,9.795918367346939,mq2,61.34155395309277,clean,25.5,51.0,1013.25,2,room_2,"[np.float64(16716.516049853155), np.float64(6407.581892045933), np.float64(7970.447906701798), np.float64(7938.156169427622), np.float64(21230.25755290159), np.float64(23651.12198163558), np.float64(19584.21912742899), np.float64(29054.31371186355), np.float64(14371.764488092602), np.float64(12142.802157046517)]"
synthetic_transient,transient_scan_1,10.0,mq2,61.50331105400846,clean,25.5,51.0,1013.25,2,room_2,"[np.float64(16716.516049853155), np.float64(6407.581892045933), np.float64(7970.447906701798), np.float64(7938.156169427622), np.float64(21230.25755290159), np.float64(23651.12198163558), np.float64(19584.21912742899), np.float64(29054.31371186355), np.float64(14371.764488092602), np.float64(12142.802157046517)]"
synthetic_transient,transient_scan_1,0.0,mq3,99.58605346054215,clean,25.5,51.0,1013.25,2,room_2,"[np.float64(16716.516049853155), np.float64(6407.581892045933), np.float64(7970.447906701798), np.float64(7938.156169427622), np.float64(21230.25755290159), np.float64(23651.12198163558), np.float64(19584.21912742899), np.float64(29054.31371186355), np.float64(14371.764488092602), np.float64(12142.802157046517)]"
synthetic_transient,transient_scan_1,0.20408163265306123,mq3,99.84806778228453,clean,25.5,51.0,1013.25,2,room_2,"[np.float64(16716.516049853155), np.float64(6407.581892045933), np.float64(7970.447906701798), np.float64(7938.156169427622), np.float64(21230.25755290159), np.float64(23651.12198163558), np.float64(19584.21912742899), np.float64(29054.31371186355), np.float64(14371.764488092602), np.float64(12142.802157046517)]"
synthetic_transient,transient_scan_1,0.40816326530612246,mq3,100.12116684304155,clean,25.5,51.0,1013.25,2,room_2,"[np.float64(16716.516049853155), np.float64(6407.581892045933), np.float64(7970.447906701798), np.float64(7938.156169427622), np.float64(21230.25755290159), np.float64(23651.12198163558), np.float64(19584.21912742899), np.float64(29054.31371186355), np.float64(14371.764488092602), np.float64(12142.802157046517)]"
synthetic_transient,transient_scan_1,0.6122448979591837,mq3,101.02369946056513,clean,25.5,51.0,1013.25,2,room_2,"[np.float64(16716.516049853155), np.float64(6407.581892045933), np.float64(7970.447906701798), np.float64(7938.156169427622), np.float64(21230.25755290159), np.float64(23651.12198163558), np.float64(19584.21912742899), np.float64(29054.31371186355), np.float64(14371.764488092602), np.float64(12142.802157046517)]"
synthetic_transient,transient_scan_1,0.8163265306122449,mq3,100.05743073410694,clean,25.5,51.0,1013.25,2,room_2,"[np.float64(16716.516049853155), np.float64(6407.581892045933), np.float64(7970.447906701798), np.float64(7938.156169427622), np.float64(21230.25755290159), np.float64(23651.12198163558), np.float64(19584.21912742899), np.float64(29054.31371186355), np.float64(14371.764488092602), np.float64(12142.802157046517)]"
synthetic_transient,transient_scan_1,1.0204081632653061,mq3,100.77563142736649,clean,25.5,51.0,1013.25,2,room_2,"[np.float64(16716.516049853155), np.float64(6407.581892045933), np.float64(7970.447906701798), np.float64(7938.156169427622), np.float64(21230.25755290159), np.float64(23651.12198163558), np.float64(19584.21912742899), np.float64(29054.31371186355), np.float64(14371.764488092602), np.float64(12142.802157046517)]"
synthetic_transient,transient_scan_1,1.2244897959183674,mq3,100.08498645145366,clean,25.5,51.0,1013.25,2,room_2,"[np.float64(16716.516049853155), np.float64(6407.581892045933), np.float64(7970.447906701798), np.float64(7938.156169427622), np.float64(21230.25755290159), np.float64(23651.12198163558), np.float64(19584.21912742899), np.float64(29054.31371186355), np.float64(14371.764488092602), np.float64(12142.802157046517)]"
synthetic_transient,transient_scan_1,1.4285714285714286,mq3,100.57662259321422,clean,25.5,51.0,1013.25,2,room_2,"[np.float64(16716.516049853155), np.float64(6407.581892045933), np.float64(7970.447906701798), np.float64(7938.156169427622), np.float64(21230.25755290159), np.float64(23651.12198163558), np.float64(19584.21912742899), np.float64(29054.31371186355), np.float64(14371.764488092602), np.float64(12142.802157046517)]"
synthetic_transient,transient_scan_1,1.6326530612244898,mq3,100.51328992327603,clean,25.5,51.0,1013.25,2,room_2,"[np.float64(16716.516049853155), np.float64(6407.581892045933), np.float64(7970.447906701798), np.float64(7938.156169427622), np.float64(21230.25755290159), np.float64(23651.12198163558), np.float64(19584.21912742899), np.float64(29054.31371186355), np.float64(14371.764488092602), np.float64(12142.802157046517)]"
synthetic_transient,transient_scan_1,1.836734693877551,mq3,100.08304406625408,clean,25.5,51.0,1013.25,2,room_2,"[np.float64(16716.516049853155), np.float64(6407.581892045933), np.float64(7970.447906701798), np.float64(7938.156169427622), np.float64(21230.25755290159), np.float64(23651.12198163558), np.float64(19584.21912742899), np.float64(29054.31371186355), np.float64(14371.764488092602), np.float64(12142.802157046517)]"
synthetic_transient,transient_scan_1,2.0408163265306123,mq3,98.6817553305171,clean,25.5,51.0,1013.25,2,room_2,"[np.float64(16716.516049853155), np.float64(6407.581892045933), np.float64(7970.447906701798), np.float64(7938.156169427622), np.float64(21230.25755290159), np.float64(23651.12198163558), np.float64(19584.21912742899), np.float64(29054.31371186355), np.float64(14371.764488092602), np.float64(12142.802157046517)]"
synthetic_transient,transient_scan_1,2.2448979591836737,mq3,95.25549454708988,clean,25.5,51.0,1013.25,2,room_2,"[np.float64(16716.516049853155), np.float64(6407.581892045933), np.float64(7970.447906701798), np.float64(7938.156169427622), np.float64(21230.25755290159), np.float64(23651.12198163558), np.float64(19584.21912742899), np.float64(29054.31371186355), np.float64(14371.764488092602), np.float64(12142.802157046517)]"
synthetic_transient,transient_scan_1,2.4489795918367347,mq3,92.70147174459332,clean,25.5,51.0,1013.25,2,room_2,"[np.float64(16716.516049853155), np.float64(6407.581892045933), np.float64(7970.447906701798), np.float64(7938.156169427622), np.float64(21230.25755290159), np.float64(23651.12198163558), np.float64(19584.21912742899), np.float64(29054.31371186355), np.float64(14371.764488092602), np.float64(12142.802157046517)]"
synthetic_transient,transient_scan_1,2.6530612244897958,mq3,89.2958041984303,clean,25.5,51.0,1013.25,2,room_2,"[np.float64(16716.516049853155), np.float64(6407.581892045933), np.float64(7970.447906701798), np.float64(7938.156169427622), np.float64(21230.25755290159), np.float64(23651.12198163558), np.float64(19584.21912742899), np.float64(29054.31371186355), np.float64(14371.764488092602), np.float64(12142.802157046517)]"
synthetic_transient,transient_scan_1,2.857142857142857,mq3,85.84073713785631,clean,25.5,51.0,1013.25,2,room_2,"[np.float64(16716.516049853155), np.float64(6407.581892045933), np.float64(7970.447906701798), np.float64(7938.156169427622), np.float64(21230.25755290159), np.float64(23651.12198163558), np.float64(19584.21912742899), np.float64(29054.31371186355), np.float64(14371.764488092602), np.float64(12142.802157046517)]"
synthetic_transient,transient_scan_1,3.0612244897959187,mq3,83.3586340640363,clean,25.5,51.0,1013.25,2,room_2,"[np.float64(16716.516049853155), np.float64(6407.581892045933), np.float64(7970.447906701798), np.float64(7938.156169427622), np.float64(21230.25755290159), np.float64(23651.12198163558), np.float64(19584.21912742899), np.float64(29054.31371186355), np.float64(14371.764488092602), np.float64(12142.802157046517)]"
synthetic_transient,transient_scan_1,3.2653061224489797,mq3,80.38179045134181,clean,25.5,51.0,1013.25,2,room_2,"[np.float64(16716.516049853155), np.float64(6407.581892045933), np.float64(7970.447906701798), np.float64(7938.156169427622), np.float64(21230.25755290159), np.float64(23651.12198163558), np.float64(19584.21912742899), np.float64(29054.31371186355), np.float64(14371.764488092602), np.float64(12142.802157046517)]"
synthetic_transient,transient_scan_1,3.4693877551020407,mq3,79.90826014919267,clean,25.5,51.0,1013.25,2,room_2,"[np.float64(16716.516049853155), np.float64(6407.581892045933), np.float64(7970.447906701798), np.float64(7938.156169427622), np.float64(21230.25755290159), np.float64(23651.12198163558), np.float64(19584.21912742899), np.float64(29054.31371186355), np.float64(14371.764488092602), np.float64(12142.802157046517)]"
synthetic_transient,transient_scan_1,3.673469387755102,mq3,77.7679315580672,clean,25.5,51.0,1013.25,2,room_2,"[np.float64(16716.516049853155), np.float64(6407.581892045933), np.float64(7970.447906701798), np.float64(7938.156169427622), np.float64(21230.25755290159), np.float64(23651.12198163558), np.float64(19584.21912742899), np.float64(29054.31371186355), np.float64(14371.764488092602), np.float64(12142.802157046517)]"
synthetic_transient,transient_scan_1,3.8775510204081636,mq3,75.57571901449275,clean,25.5,51.0,1013.25,2,room_2,"[np.float64(16716.516049853155), np.float64(6407.581892045933), np.float64(7970.447906701798), np.float64(7938.156169427622), np.float64(21230.25755290159), np.float64(23651.12198163558), np.float64(19584.21912742899), np.float64(29054.31371186355), np.float64(14371.764488092602), np.float64(12142.802157046517)]"
synthetic_transient,transient_scan_1,4.081632653061225,mq3,74.22671782005253,clean,25.5,51.0,1013.25,2,room_2,"[np.float64(16716.516049853155), np.float64(6407.581892045933), np.float64(7970.447906701798), np.float64(7938.156169427622), np.float64(21230.25755290159), np.float64(23651.12198163558), np.float64(19584.21912742899), np.float64(29054.31371186355), np.float64(14371.764488092602), np.float64(12142.802157046517)]"
synthetic_transient,transient_scan_1,4.285714285714286,mq3,71.6708293788936,clean,25.5,51.0,1013.25,2,room_2,"[np.float64(16716.516049853155), np.float64(6407.581892045933), np.float64(7970.447906701798), np.float64(7938.156169427622), np.float64(21230.25755290159), np.float64(23651.12198163558), np.float64(19584.21912742899), np.float64(29054.31371186355), np.float64(14371.764488092602), np.float64(12142.802157046517)]"
synthetic_transient,transient_scan_1,4.4897959183673475,mq3,71.27545440618695,clean,25.5,51.0,1013.25,2,room_2,"[np.float64(16716.516049853155), np.float64(6407.581892045933), np.float64(7970.447906701798), np.float64(7938.156169427622), np.float64(21230.25755290159), np.float64(23651.12198163558), np.float64(19584.21912742899), np.float64(29054.31371186355), np.float64(14371.764488092602), np.float64(12142.802157046517)]"
synthetic_transient,transient_scan_1,4.6938775510204085,mq3,71.06862558857395,clean,25.5,51.0,1013.25,2,room_2,"[np.float64(16716.516049853155), np.float64(6407.581892045933), np.float64(7970.447906701798), np.float64(7938.156169427622), np.float64(21230.25755290159), np.float64(23651.12198163558), np.float64(19584.21912742899), np.float64(29054.31371186355), np.float64(14371.764488092602), np.float64(12142.802157046517)]"
synthetic_transient,transient_scan_1,4.8979591836734695,mq3,69.88316439609774,clean,25.5,51.0,1013.25,2,room_2,"[np.float64(16716.516049853155), np.float64(6407.581892045933), np.float64(7970.447906701798), np.float64(7938.156169427622), np.float64(21230.25755290159), np.float64(23651.12198163558), np.float64(19584.21912742899), np.float64(29054.31371186355), np.float64(14371.764488092602), np.float64(12142.802157046517)]"
synthetic_transient,transient_scan_1,5.1020408163265305,mq3,68.64661046748462,clean,25.5,51.0,1013.25,2,room_2,"[np.float64(16716.516049853155), np.float64(6407.581892045933), np.float64(7970.447906701798), np.float64(7938.156169427622), np.float64(21230.25755290159), np.float64(23651.12198163558), np.float64(19584.21912742899), np.float64(29054.31371186355), np.float64(14371.764488092602), np.float64(12142.802157046517)]"
synthetic_transient,transient_scan_1,5.3061224489795915,mq3,67.65115685783076,clean,25.5,51.0,1013.25,2,room_2,"[np.float64(16716.516049853155), np.float64(6407.581892045933), np.float64(7970.447906701798), np.float64(7938.156169427622), np.float64(21230.25755290159), np.float64(23651.12198163558), np.float64(19584.21912742899), np.float64(29054.31371186355), np.float64(14371.764488092602), np.float64(12142.802157046517)]"
synthetic_transient,transient_scan_1,5.510204081632653,mq3,67.31378669867685,clean,25.5,51.0,1013.25,2,room_2,"[np.float64(16716.516049853155), np.float64(6407.581892045933), np.float64(7970.447906701798), np.float64(7938.156169427622), np.float64(21230.25755290159), np.float64(23651.12198163558), np.float64(19584.21912742899), np.float64(29054.31371186355), np.float64(14371.764488092602), np.float64(12142.802157046517)]"
synthetic_transient,transient_scan_1,5.714285714285714,mq3,66.1040292593633,clean,25.5,51.0,1013.25,2,room_2,"[np.float64(16716.516049853155), np.float64(6407.581892045933), np.float64(7970.447906701798), np.float64(7938.156169427622), np.float64(21230.25755290159), np.float64(23651.12198163558), np.float64(19584.21912742899), np.float64(29054.31371186355), np.float64(14371.764488092602), np.float64(12142.802157046517)]"
synthetic_transient,transient_scan_1,5.918367346938775,mq3,64.80659157522763,clean,25.5,51.0,1013.25,2,room_2,"[np.float64(16716.516049853155), np.float64(6407.581892045933), np.float64(7970.447906701798), np.float64(7938.156169427622), np.float64(21230.25755290159), np.float64(23651.12198163558), np.float64(19584.21912742899), np.float64(29054.31371186355), np.float64(14371.764488092602), np.float64(12142.802157046517)]"
synthetic_transient,transient_scan_1,6.122448979591837,mq3,65.08882040299953,clean,25.5,51.0,1013.25,2,room_2,"[np.float64(16716.516049853155), np.float64(6407.581892045933), np.float64(7970.447906701798), np.float64(7938.156169427622), np.float64(21230.25755290159), np.float64(23651.12198163558), np.float64(19584.21912742899), np.float64(29054.31371186355), np.float64(14371.764488092602), np.float64(12142.802157046517)]"
synthetic_transient,transient_scan_1,6.326530612244898,mq3,64.79952619781356,clean,25.5,51.0,1013.25,2,room_2,"[np.float64(16716.516049853155), np.float64(6407.581892045933), np.float64(7970.447906701798), np.float64(7938.156169427622), np.float64(21230.25755290159), np.float64(23651.12198163558), np.float64(19584.21912742899), np.float64(29054.31371186355), np.float64(14371.764488092602), np.float64(12142.802157046517)]"
synthetic_transient,transient_scan_1,6.530612244897959,mq3,64.71326903043321,clean,25.5,51.0,1013.25,2,room_2,"[np.float64(16716.516049853155), np.float64(6407.581892045933), np.float64(7970.447906701798), np.float64(7938.156169427622), np.float64(21230.25755290159), np.float64(23651.12198163558), np.float64(19584.21912742899), np.float64(29054.31371186355), np.float64(14371.764488092602), np.float64(12142.802157046517)]"
synthetic_transient,transient_scan_1,6.73469387755102,mq3,63.028564745843994,clean,25.5,51.0,1013.25,2,room_2,"[np.float64(16716.516049853155), np.float64(6407.581892045933), np.float64(7970.447906701798), np.float64(7938.156169427622), np.float64(21230.25755290159), np.float64(23651.12198163558), np.float64(19584.21912742899), np.float64(29054.31371186355), np.float64(14371.764488092602), np.float64(12142.802157046517)]"
synthetic_transient,transient_scan_1,6.938775510204081,mq3,63.32401080697325,clean,25.5,51.0,1013.25,2,room_2,"[np.float64(16716.516049853155), np.float64(6407.581892045933), np.float64(7970.447906701798), np.float64(7938.156169427622), np.float64(21230.25755290159), np.float64(23651.12198163558), np.float64(19584.21912742899), np.float64(29054.31371186355), np.float64(14371.764488092602), np.float64(12142.802157046517)]"
synthetic_transient,transient_scan_1,7.142857142857143,mq3,63.01939965225316,clean,25.5,51.0,1013.25,2,room_2,"[np.float64(16716.516049853155), np.float64(6407.581892045933), np.float64(7970.447906701798), np.float64(7938.156169427622), np.float64(21230.25755290159), np.float64(23651.12198163558), np.float64(19584.21912742899), np.float64(29054.31371186355), np.float64(14371.764488092602), np.float64(12142.802157046517)]"
synthetic_transient,transient_scan_1,7.346938775510204,mq3,62.20986919908508,clean,25.5,51.0,1013.25,2,room_2,"[np.float64(16716.516049853155), np.float64(6407.581892045933), np.float64(7970.447906701798), np.float64(7938.156169427622), np.float64(21230.25755290159), np.float64(23651.12198163558), np.float64(19584.21912742899), np.float64(29054.31371186355), np.float64(14371.764488092602), np.float64(12142.802157046517)]"
synthetic_transient,transient_scan_1,7.551020408163265,mq3,62.73654359129521,clean,25.5,51.0,1013.25,2,room_2,"[np.float64(16716.516049853155), np.float64(6407.581892045933), np.float64(7970.447906701798), np.float64(7938.156169427622), np.float64(21230.25755290159), np.float64(23651.12198163558), np.float64(19584.21912742899), np.float64(29054.31371186355), np.float64(14371.764488092602), np.float64(12142.802157046517)]"
synthetic_transient,transient_scan_1,7.755102040816327,mq3,62.62458018358015,clean,25.5,51.0,1013.25,2,room_2,"[np.float64(16716.516049853155), np.float64(6407.581892045933), np.float64(7970.447906701798), np.float64(7938.156169427622), np.float64(21230.25755290159), np.float64(23651.12198163558), np.float64(19584.21912742899), np.float64(29054.31371186355), np.float64(14371.764488092602), np.float64(12142.802157046517)]"
synthetic_transient,transient_scan_1,7.959183673469388,mq3,61.887196640599356,clean,25.5,51.0,1013.25,2,room_2,"[np.float64(16716.516049853155), np.float64(6407.581892045933), np.float64(7970.447906701798), np.float64(7938.156169427622), np.float64(21230.25755290159), np.float64(23651.12198163558), np.float64(19584.21912742899), np.float64(29054.31371186355), np.float64(14371.764488092602), np.float64(12142.802157046517)]"
synthetic_transient,transient_scan_1,8.16326530612245,mq3,62.86291759823672,clean,25.5,51.0,1013.25,2,room_2,"[np.float64(16716.516049853155), np.float64(6407.581892045933), np.float64(7970.447906701798), np.float64(7938.156169427622), np.float64(21230.25755290159), np.float64(23651.12198163558), np.float64(19584.21912742899), np.float64(29054.31371186355), np.float64(14371.764488092602), np.float64(12142.802157046517)]"
synthetic_transient,transient_scan_1,8.36734693877551,mq3,61.49764686555786,clean,25.5,51.0,1013.25,2,room_2,"[np.float64(16716.516049853155), np.float64(6407.581892045933), np.float64(7970.447906701798), np.float64(7938.156169427622), np.float64(21230.25755290159), np.float64(23651.12198163558), np.float64(19584.21912742899), np.float64(29054.31371186355), np.float64(14371.764488092602), np.float64(12142.802157046517)]"
synthetic_transient,transient_scan_1,8.571428571428571,mq3,61.27321231934413,clean,25.5,51.0,1013.25,2,room_2,"[np.float64(16716.516049853155), np.float64(6407.581892045933), np.float64(7970.447906701798), np.float64(7938.156169427622), np.float64(21230.25755290159), np.float64(23651.12198163558), np.float64(19584.21912742899), np.float64(29054.31371186355), np.float64(14371.764488092602), np.float64(12142.802157046517)]"
synthetic_transient,transient_scan_1,8.775510204081632,mq3,61.11354170368416,clean,25.5,51.0,1013.25,2,room_2,"[np.float64(16716.516049853155), np.float64(6407.581892045933), np.float64(7970.447906701798), np.float64(7938.156169427622), np.float64(21230.25755290159), np.float64(23651.12198163558), np.float64(19584.21912742899), np.float64(29054.31371186355), np.float64(14371.764488092602), np.float64(12142.802157046517)]"
synthetic_transient,transient_scan_1,8.979591836734695,mq3,60.81253436232459,clean,25.5,51.0,1013.25,2,room_2,"[np.float64(16716.516049853155), np.float64(6407.581892045933), np.float64(7970.447906701798), np.float64(7938.156169427622), np.float64(21230.25755290159), np.float64(23651.12198163558), np.float64(19584.21912742899), np.float64(29054.31371186355), np.float64(14371.764488092602), np.float64(12142.802157046517)]"
synthetic_transient,transient_scan_1,9.183673469387756,mq3,60.82239469884566,clean,25.5,51.0,1013.25,2,room_2,"[np.float64(16716.516049853155), np.float64(6407.581892045933), np.float64(7970.447906701798), np.float64(7938.156169427622), np.float64(21230.25755290159), np.float64(23651.12198163558), np.float64(19584.21912742899), np.float64(29054.31371186355), np.float64(14371.764488092602), np.float64(12142.802157046517)]"
synthetic_transient,transient_scan_1,9.387755102040817,mq3,60.27796993818003,clean,25.5,51.0,1013.25,2,room_2,"[np.float64(16716.516049853155), np.float64(6407.581892045933), np.float64(7970.447906701798), np.float64(7938.156169427622), np.float64(21230.25755290159), np.float64(23651.12198163558), np.float64(19584.21912742899), np.float64(29054.31371186355), np.float64(14371.764488092602), np.float64(12142.802157046517)]"
synthetic_transient,transient_scan_1,9.591836734693878,mq3,60.802724297175075,clean,25.5,51.0,1013.25,2,room_2,"[np.float64(16716.516049853155), np.float64(6407.581892045933), np.float64(7970.447906701798), np.float64(7938.156169427622), np.float64(21230.25755290159), np.float64(23651.12198163558), np.float64(19584.21912742899), np.float64(29054.31371186355), np.float64(14371.764488092602), np.float64(12142.802157046517)]"
synthetic_transient,transient_scan_1,9.795918367346939,mq3,60.84006754754969,clean,25.5,51.0,1013.25,2,room_2,"[np.float64(16716.516049853155), np.float64(6407.581892045933), np.float64(7970.447906701798), np.float64(7938.156169427622), np.float64(21230.25755290159), np.float64(23651.12198163558), np.float64(19584.21912742899), np.float64(29054.31371186355), np.float64(14371.764488092602), np.float64(12142.802157046517)]"
synthetic_transient,transient_scan_1,10.0,mq3,59.59122431052897,clean,25.5,51.0,1013.25,2,room_2,"[np.float64(16716.516049853155), np.float64(6407.581892045933), np.float64(7970.447906701798), np.float64(7938.156169427622), np.float64(21230.25755290159), np.float64(23651.12198163558), np.float64(19584.21912742899), np.float64(29054.31371186355), np.float64(14371.764488092602), np.float64(12142.802157046517)]"
synthetic_transient,transient_scan_1,0.0,mq135,99.94902524376008,clean,25.5,51.0,1013.25,2,room_2,"[np.float64(16716.516049853155), np.float64(6407.581892045933), np.float64(7970.447906701798), np.float64(7938.156169427622), np.float64(21230.25755290159), np.float64(23651.12198163558), np.float64(19584.21912742899), np.float64(29054.31371186355), np.float64(14371.764488092602), np.float64(12142.802157046517)]"
synthetic_transient,transient_scan_1,0.20408163265306123,mq135,100.02106704087096,clean,25.5,51.0,1013.25,2,room_2,"[np.float64(16716.516049853155), np.float64(6407.581892045933), np.float64(7970.447906701798), np.float64(7938.156169427622), np.float64(21230.25755290159), np.float64(23651.12198163558), np.float64(19584.21912742899), np.float64(29054.31371186355), np.float64(14371.764488092602), np.float64(12142.802157046517)]"
synthetic_transient,transient_scan_1,0.40816326530612246,mq135,100.25729449534526,clean,25.5,51.0,1013.25,2,room_2,"[np.float64(16716.516049853155), np.float64(6407.581892045933), np.float64(7970.447906701798), np.float64(7938.156169427622), np.float64(21230.25755290159), np.float64(23651.12198163558), np.float64(19584.21912742899), np.float64(29054.31371186355), np.float64(14371.764488092602), np.float64(12142.802157046517)]"
synthetic_transient,transient_scan_1,0.6122448979591837,mq135,100.60231753628791,clean,25.5,51.0,1013.25,2,room_2,"[np.float64(16716.516049853155), np.float64(6407.581892045933), np.float64(7970.447906701798), np.float64(7938.156169427622), np.float64(21230.25755290159), np.float64(23651.12198163558), np.float64(19584.21912742899), np.float64(29054.31371186355), np.float64(14371.764488092602), np.float64(12142.802157046517)]"
synthetic_transient,transient_scan_1,0.8163265306122449,mq135,100.42567713230025,clean,25.5,51.0,1013.25,2,room_2,"[np.float64(16716.516049853155), np.float64(6407.581892045933), np.float64(7970.447906701798), np.float64(7938.156169427622), np.float64(21230.25755290159), np.float64(23651.12198163558), np.float64(19584.21912742899), np.float64(29054.31371186355), np.float64(14371.764488092602), np.float64(12142.802157046517)]"
synthetic_transient,transient_scan_1,1.0204081632653061,mq135,99.68981813873222,clean,25.5,51.0,1013.25,2,room_2,"[np.float64(16716.516049853155), np.float64(6407.581892045933), np.float64(7970.447906701798), np.float64(7938.156169427622), np.float64(21230.25755290159), np.float64(23651.12198163558), np.float64(19584.21912742899), np.float64(29054.31371186355), np.float64(14371.764488092602), np.float64(12142.802157046517)]"
synthetic_transient,transient_scan_1,1.2244897959183674,mq135,99.63179391387118,clean,25.5,51.0,1013.25,2,room_2,"[np.float64(16716.516049853155), np.float64(6407.581892045933), np.float64(7970.447906701798), np.float64(7938.156169427622), np.float64(21230.25755290159), np.float64(23651.12198163558), np.float64(19584.21912742899), np.float64(29054.31371186355), np.float64(14371.764488092602), np.float64(12142.802157046517)]"
synthetic_transient,transient_scan_1,1.4285714285714286,mq135,100.28975220077493,clean,25.5,51.0,1013.25,2,room_2,"[np.float64(16716.516049853155), np.float64(6407.581892045933), np.float64(7970.447906701798), np.float64(7938.156169427622), np.float64(21230.25755290159), np.float64(23651.12198163558), np.float64(19584.21912742899), np.float64(29054.31371186355), np.float64(14371.764488092602), np.float64(12142.802157046517)]"
synthetic_transient,transient_scan_1,1.6326530612244898,mq135,99.72636008183125,clean,25.5,51.0,1013.25,2,room_2,"[np.float64(16716.516049853155), np.float64(6407.581892045933), np.float64(7970.447906701798), np.float64(7938.156169427622), np.float64(21230.25755290159), np.float64(23651.12198163558), np.float64(19584.21912742899), np.float64(29054.31371186355), np.float64(14371.764488092602), np.float64(12142.802157046517)]"
synthetic_transient,transient_scan_1,1.836734693877551,mq135,99.38597299043819,clean,25.5,51.0,1013.25,2,room_2,"[np.float64(16716.516049853155), np.float64(6407.581892045933), np.float64(7970.447906701798), np.float64(7938.156169427622), np.float64(21230.25755290159), np.float64(23651.12198163558), np.float64(19584.21912742899), np.float64(29054.31371186355), np.float64(14371.764488092602), np.float64(12142.802157046517)]"
synthetic_transient,transient_scan_1,2.0408163265306123,mq135,100.37901782584848,clean,25.5,51.0,1013.25,2,room_2,"[np.float64(16716.516049853155), np.float64(6407.581892045933), np.float64(7970.447906701798), np.float64(7938.156169427622), np.float64(21230.25755290159), np.float64(23651.12198163558), np.float64(19584.21912742899), np.float64(29054.31371186355), np.float64(14371.764488092602), np.float64(12142.802157046517)]"
synthetic_transient,transient_scan_1,2.2448979591836737,mq135,95.23467963374576,clean,25.5,51.0,1013.25,2,room_2,"[np.float64(16716.516049853155), np.float64(6407.581892045933), np.float64(7970.447906701798), np.float64(7938.156169427622), np.float64(21230.25755290159), np.float64(23651.12198163558), np.float64(19584.21912742899), np.float64(29054.31371186355), np.float64(14371.764488092602), np.float64(12142.802157046517)]"
synthetic_transient,transient_scan_1,2.4489795918367347,mq135,91.64368706630681,clean,25.5,51.0,1013.25,2,room_2,"[np.float64(16716.516049853155), np.float64(6407.581892045933), np.float64(7970.447906701798), np.float64(7938.156169427622), np.float64(21230.25755290159), np.float64(23651.12198163558), np.float64(19584.21912742899), np.float64(29054.31371186355), np.float64(14371.764488092602), np.float64(12142.802157046517)]"
synthetic_transient,transient_scan_1,2.6530612244897958,mq135,87.76082658606926,clean,25.5,51.0,1013.25,2,room_2,"[np.float64(16716.516049853155), np.float64(6407.581892045933), np.float64(7970.447906701798), np.float64(7938.156169427622), np.float64(21230.25755290159), np.float64(23651.12198163558), np.float64(19584.21912742899), np.float64(29054.31371186355), np.float64(14371.764488092602), np.float64(12142.802157046517)]"
synthetic_transient,transient_scan_1,2.857142857142857,mq135,86.48326334743165,clean,25.5,51.0,1013.25,2,room_2,"[np.float64(16716.516049853155), np.float64(6407.581892045933), np.float64(7970.447906701798), np.float64(7938.156169427622), np.float64(21230.25755290159), np.float64(23651.12198163558), np.float64(19584.21912742899), np.float64(29054.31371186355), np.float64(14371.764488092602), np.float64(12142.802157046517)]"
synthetic_transient,transient_scan_1,3.0612244897959187,mq135,83.03582046045022,clean,25.5,51.0,1013.25,2,room_2,"[np.float64(16716.516049853155), np.float64(6407.581892045933), np.float64(7970.447906701798), np.float64(7938.156169427622), np.float64(21230.25755290159), np.float64(23651.12198163558), np.float64(19584.21912742899), np.float64(29054.31371186355), np.float64(14371.764488092602), np.float64(12142.802157046517)]"
synthetic_transient,transient_scan_1,3.2653061224489797,mq135,81.26153728300851,clean,25.5,51.0,1013.25,2,room_2,"[np.float64(16716.516049853155), np.float64(6407.581892045933), np.float64(7970.447906701798), np.float64(7938.156169427622), np.float64(21230.25755290159), np.float64(23651.12198163558), np.float64(19584.21912742899), np.float64(29054.31371186355), np.float64(14371.764488092602), np.float64(12142.802157046517)]"
synthetic_transient,transient_scan_1,3.4693877551020407,mq135,79.67040233135398,clean,25.5,51.0,1013.25,2,room_2,"[np.float64(16716.516049853155), np.float64(6407.581892045933), np.float64(7970.447906701798), np.float64(7938.156169427622), np.float64(21230.25755290159), np.float64(23651.12198163558), np.float64(19584.21912742899), np.float64(29054.31371186355), np.float64(14371.764488092602), np.float64(12142.802157046517)]"
synthetic_transient,transient_scan_1,3.673469387755102,mq135,76.83876550408209,clean,25.5,51.0,1013.25,2,room_2,"[np.float64(16716.516049853155), np.float64(6407.581892045933), np.float64(7970.447906701798), np.float64(7938.156169427622), np.float64(21230.25755290159), np.float64(23651.12198163558), np.float64(19584.21912742899), np.float64(29054.31371186355), np.float64(14371.764488092602), np.float64(12142.802157046517)]"
synthetic_transient,transient_scan_1,3.8775510204081636,mq135,75.68399915092245,clean,25.5,51.0,1013.25,2,room_2,"[np.float64(16716.516049853155), np.float64(6407.581892045933), np.float64(7970.447906701798), np.float64(7938.156169427622), np.float64(21230.25755290159), np.float64(23651.12198163558), np.float64(19584.21912742899), np.float64(29054.31371186355), np.float64(14371.764488092602), np.float64(12142.802157046517)]"
synthetic_transient,transient_scan_1,4.081632653061225,mq135,74.88854431556273,clean,25.5,51.0,1013.25,2,room_2,"[np.float64(16716.516049853155), np.float64(6407.581892045933), np.float64(7970.447906701798), np.float64(7938.156169427622), np.float64(21230.25755290159), np.float64(23651.12198163558), np.float64(19584.21912742899), np.float64(29054.31371186355), np.float64(14371.764488092602), np.float64(12142.802157046517)]"
synthetic_transient,transient_scan_1,4.285714285714286,mq135,71.52788876452706,clean,25.5,51.0,1013.25,2,room_2,"[np.float64(16716.516049853155), np.float64(6407.581892045933), np.float64(7970.447906701798), np.float64(7938.156169427622), np.float64(21230.25755290159), np.float64(23651.12198163558), np.float64(19584.21912742899), np.float64(29054.31371186355), np.float64(14371.764488092602), np.float64(12142.802157046517)]"
synthetic_transient,transient_scan_1,4.4897959183673475,mq135,71.11355873071871,clean,25.5,51.0,1013.25,2,room_2,"[np.float64(16716.516049853155), np.float64(6407.581892045933), np.float64(7970.447906701798), np.float64(7938.156169427622), np.float64(21230.25755290159), np.float64(23651.12198163558), np.float64(19584.21912742899), np.float64(29054.31371186355), np.float64(14371.764488092602), np.float64(12142.802157046517)]"
synthetic_transient,transient_scan_1,4.6938775510204085,mq135,69.94913182624835,clean,25.5,51.0,1013.25,2,room_2,"[np.float64(16716.516049853155), np.float64(6407.581892045933), np.float64(7970.447906701798), np.float64(7938.156169427622), np.float64(21230.25755290159), np.float64(23651.12198163558), np.float64(19584.21912742899), np.float64(29054.31371186355), np.float64(14371.764488092602), np.float64(12142.802157046517)]"
synthetic_transient,transient_scan_1,4.8979591836734695,mq135,69.2989381464525,clean,25.5,51.0,1013.25,2,room_2,"[np.float64(16716.516049853155), np.float64(6407.581892045933), np.float64(7970.447906701798), np.float64(7938.156169427622), np.float64(21230.25755290159), np.float64(23651.12198163558), np.float64(19584.21912742899), np.float64(29054.31371186355), np.float64(14371.764488092602), np.float64(12142.802157046517)]"
synthetic_transient,transient_scan_1,5.1020408163265305,mq135,68.4573647502659,clean,25.5,51.0,1013.25,2,room_2,"[np.float64(16716.516049853155), np.float64(6407.581892045933), np.float64(7970.447906701798), np.float64(7938.156169427622), np.float64(21230.25755290159), np.float64(23651.12198163558), np.float64(19584.21912742899), np.float64(29054.31371186355), np.float64(14371.764488092602), np.float64(12142.802157046517)]"
synthetic_transient,transient_scan_1,5.3061224489795915,mq135,67.12788467067493,clean,25.5,51.0,1013.25,2,room_2,"[np.float64(16716.516049853155), np.float64(6407.581892045933), np.float64(7970.447906701798), np.float64(7938.156169427622), np.float64(21230.25755290159), np.float64(23651.12198163558), np.float64(19584.21912742899), np.float64(29054.31371186355), np.float64(14371.764488092602), np.float64(12142.802157046517)]"
synthetic_transient,transient_scan_1,5.510204081632653,mq135,66.58839731077218,clean,25.5,51.0,1013.25,2,room_2,"[np.float64(16716.516049853155), np.float64(6407.581892045933), np.float64(7970.447906701798), np.float64(7938.156169427622), np.float64(21230.25755290159), np.float64(23651.12198163558), np.float64(19584.21912742899), np.float64(29054.31371186355), np.float64(14371.764488092602), np.float64(12142.802157046517)]"
synthetic_transient,transient_scan_1,5.714285714285714,mq135,65.85810932741244,clean,25.5,51.0,1013.25,2,room_2,"[np.float64(16716.516049853155), np.float64(6407.581892045933), np.float64(7970.447906701798), np.float64(7938.156169427622), np.float64(21230.25755290159), np.float64(23651.12198163558), np.float64(19584.21912742899), np.float64(29054.31371186355), np.float64(14371.764488092602), np.float64(12142.802157046517)]"
synthetic_transient,transient_scan_1,5.918367346938775,mq135,65.46354355073869,clean,25.5,51.0,1013.25,2,room_2,"[np.float64(16716.516049853155), np.float64(6407.581892045933), np.float64(7970.447906701798), np.float64(7938.156169427622), np.float64(21230.25755290159), np.float64(23651.12198163558), np.float64(19584.21912742899), np.float64(29054.31371186355), np.float64(14371.764488092602), np.float64(12142.802157046517)]"
synthetic_transient,transient_scan_1,6.122448979591837,mq135,65.20103133910202,clean,25.5,51.0,1013.25,2,room_2,"[np.float64(16716.516049853155), np.float64(6407.581892045933), np.float64(7970.447906701798), np.float64(7938.156169427622), np.float64(21230.25755290159), np.float64(23651.12198163558), np.float64(19584.21912742899), np.float64(29054.31371186355), np.float64(14371.764488092602), np.float64(12142.802157046517)]"
synthetic_transient,transient_scan_1,6.326530612244898,mq135,65.05324859545631,clean,25.5,51.0,1013.25,2,room_2,"[np.float64(16716.516049853155), np.float64(6407.581892045933), np.float64(7970.447906701798), np.float64(7938.156169427622), np.float64(21230.25755290159), np.float64(23651.12198163558), np.float64(19584.21912742899), np.float64(29054.31371186355), np.float64(14371.764488092602), np.float64(12142.802157046517)]"
synthetic_transient,transient_scan_1,6.530612244897959,mq135,64.67959568630741,clean,25.5,51.0,1013.25,2,room_2,"[np.float64(16716.516049853155), np.float64(6407.581892045933), np.float64(7970.447906701798), np.float64(7938.156169427622), np.float64(21230.25755290159), np.float64(23651.12198163558), np.float64(19584.21912742899), np.float64(29054.31371186355), np.float64(14371.764488092602), np.float64(12142.802157046517)]"
synthetic_transient,transient_scan_1,6.73469387755102,mq135,64.07597975675965,clean,25.5,51.0,1013.25,2,room_2,"[np.float64(16716.516049853155), np.float64(6407.581892045933), np.float64(7970.447906701798), np.float64(7938.156169427622), np.float64(21230.25755290159), np.float64(23651.12198163558), np.float64(19584.21912742899), np.float64(29054.31371186355), np.float64(14371.764488092602), np.float64(12142.802157046517)]"
synthetic_transient,transient_scan_1,6.938775510204081,mq135,62.94847940050643,clean,25.5,51.0,1013.25,2,room_2,"[np.float64(16716.516049853155), np.float64(6407.581892045933), np.float64(7970.447906701798), np.float64(7938.156169427622), np.float64(21230.25755290159), np.float64(23651.12198163558), np.float64(19584.21912742899), np.float64(29054.31371186355), np.float64(14371.764488092602), np.float64(12142.802157046517)]"
synthetic_transient,transient_scan_1,7.142857142857143,mq135,63.05540351946704,clean,25.5,51.0,1013.25,2,room_2,"[np.float64(16716.516049853155), np.float64(6407.581892045933), np.float64(7970.447906701798), np.float64(7938.156169427622), np.float64(21230.25755290159), np.float64(23651.12198163558), np.float64(19584.21912742899), np.float64(29054.31371186355), np.float64(14371.764488092602), np.float64(12142.802157046517)]"
synthetic_transient,transient_scan_1,7.346938775510204,mq135,63.94765985325483,clean,25.5,51.0,1013.25,2,room_2,"[np.float64(16716.516049853155), np.float64(6407.581892045933), np.float64(7970.447906701798), np.float64(7938.156169427622), np.float64(21230.25755290159), np.float64(23651.12198163558), np.float64(19584.21912742899), np.float64(29054.31371186355), np.float64(14371.764488092602), np.float64(12142.802157046517)]"
synthetic_transient,transient_scan_1,7.551020408163265,mq135,62.99997330017721,clean,25.5,51.0,1013.25,2,room_2,"[np.float64(16716.516049853155), np.float64(6407.581892045933), np.float64(7970.447906701798), np.float64(7938.156169427622), np.float64(21230.25755290159), np.float64(23651.12198163558), np.float64(19584.21912742899), np.float64(29054.31371186355), np.float64(14371.764488092602), np.float64(12142.802157046517)]"
synthetic_transient,transient_scan_1,7.755102040816327,mq135,62.03064388833749,clean,25.5,51.0,1013.25,2,room_2,"[np.float64(16716.516049853155), np.float64(6407.581892045933), np.float64(7970.447906701798), np.float64(7938.156169427622), np.float64(21230.25755290159), np.float64(23651.12198163558), np.float64(19584.21912742899), np.float64(29054.31371186355), np.float64(14371.764488092602), np.float64(12142.802157046517)]"
synthetic_transient,transient_scan_1,7.959183673469388,mq135,62.82356188609677,clean,25.5,51.0,1013.25,2,room_2,"[np.float64(16716.516049853155), np.float64(6407.581892045933), np.float64(7970.447906701798), np.float64(7938.156169427622), np.float64(21230.25755290159), np.float64(23651.12198163558), np.float64(19584.21912742899), np.float64(29054.31371186355), np.float64(14371.764488092602), np.float64(12142.802157046517)]"
synthetic_transient,transient_scan_1,8.16326530612245,mq135,61.64133669902727,clean,25.5,51.0,1013.25,2,room_2,"[np.float64(16716.516049853155), np.float64(6407.581892045933), np.float64(7970.447906701798), np.float64(7938.156169427622), np.float64(21230.25755290159), np.float64(23651.12198163558), np.float64(19584.21912742899), np.float64(29054.31371186355), np.float64(14371.764488092602), np.float64(12142.802157046517)]"
synthetic_transient,transient_scan_1,8.36734693877551,mq135,61.323125885173056,clean,25.5,51.0,1013.25,2,room_2,"[np.float64(16716.516049853155), np.float64(6407.581892045933), np.float64(7970.447906701798), np.float64(7938.156169427622), np.float64(21230.25755290159), np.float64(23651.12198163558), np.float64(19584.21912742899), np.float64(29054.31371186355), np.float64(14371.764488092602), np.float64(12142.802157046517)]"
synthetic_transient,transient_scan_1,8.571428571428571,mq135,62.19442002265375,clean,25.5,51.0,1013.25,2,room_2,"[np.float64(16716.516049853155), np.float64(6407.581892045933), np.float64(7970.447906701798), np.float64(7938.156169427622), np.float64(21230.25755290159), np.float64(23651.12198163558), np.float64(19584.21912742899), np.float64(29054.31371186355), np.float64(14371.764488092602), np.float64(12142.802157046517)]"
synthetic_transient,transient_scan_1,8.775510204081632,mq135,60.69655273266251,clean,25.5,51.0,1013.25,2,room_2,"[np.float64(16716.516049853155), np.float64(6407.581892045933), np.float64(7970.447906701798), np.float64(7938.156169427622), np.float64(21230.25755290159), np.float64(23651.12198163558), np.float64(19584.21912742899), np.float64(29054.31371186355), np.float64(14371.764488092602), np.float64(12142.802157046517)]"
synthetic_transient,transient_scan_1,8.979591836734695,mq135,60.26339510883466,clean,25.5,51.0,1013.25,2,room_2,"[np.float64(16716.516049853155), np.float64(6407.581892045933), np.float64(7970.447906701798), np.float64(7938.156169427622), np.float64(21230.25755290159), np.float64(23651.12198163558), np.float64(19584.21912742899), np.float64(29054.31371186355), np.float64(14371.764488092602), np.float64(12142.802157046517)]"
synthetic_transient,transient_scan_1,9.183673469387756,mq135,61.57254973449283,clean,25.5,51.0,1013.25,2,room_2,"[np.float64(16716.516049853155), np.float64(6407.581892045933), np.float64(7970.447906701798), np.float64(7938.156169427622), np.float64(21230.25755290159), np.float64(23651.12198163558), np.float64(19584.21912742899), np.float64(29054.31371186355), np.float64(14371.764488092602), np.float64(12142.802157046517)]"
synthetic_transient,transient_scan_1,9.387755102040817,mq135,61.008859838604394,clean,25.5,51.0,1013.25,2,room_2,"[np.float64(16716.516049853155), np.float64(6407.581892045933), np.float64(7970.447906701798), np.float64(7938.156169427622), np.float64(21230.25755290159), np.float64(23651.12198163558), np.float64(19584.21912742899), np.float64(29054.31371186355), np.float64(14371.764488092602), np.float64(12142.802157046517)]"
synthetic_transient,transient_scan_1,9.591836734693878,mq135,60.9621734484003,clean,25.5,51.0,1013.25,2,room_2,"[np.float64(16716.516049853155), np.float64(6407.581892045933), np.float64(7970.447906701798), np.float64(7938.156169427622), np.float64(21230.25755290159), np.float64(23651.12198163558), np.float64(19584.21912742899), np.float64(29054.31371186355), np.float64(14371.764488092602), np.float64(12142.802157046517)]"
synthetic_transient,transient_scan_1,9.795918367346939,mq135,60.63061912632405,clean,25.5,51.0,1013.25,2,room_2,"[np.float64(16716.516049853155), np.float64(6407.581892045933), np.float64(7970.447906701798), np.float64(7938.156169427622), np.float64(21230.25755290159), np.float64(23651.12198163558), np.float64(19584.21912742899), np.float64(29054.31371186355), np.float64(14371.764488092602), np.float64(12142.802157046517)]"
synthetic_transient,transient_scan_1,10.0,mq135,60.61337887185734,clean,25.5,51.0,1013.25,2,room_2,"[np.float64(16716.516049853155), np.float64(6407.581892045933), np.float64(7970.447906701798), np.float64(7938.156169427622), np.float64(21230.25755290159), np.float64(23651.12198163558), np.float64(19584.21912742899), np.float64(29054.31371186355), np.float64(14371.764488092602), np.float64(12142.802157046517)]"
synthetic_transient,transient_scan_1,0.0,mq137,99.77094504858431,clean,25.5,51.0,1013.25,2,room_2,"[np.float64(16716.516049853155), np.float64(6407.581892045933), np.float64(7970.447906701798), np.float64(7938.156169427622), np.float64(21230.25755290159), np.float64(23651.12198163558), np.float64(19584.21912742899), np.float64(29054.31371186355), np.float64(14371.764488092602), np.float64(12142.802157046517)]"
synthetic_transient,transient_scan_1,0.20408163265306123,mq137,99.6870035348728,clean,25.5,51.0,1013.25,2,room_2,"[np.float64(16716.516049853155), np.float64(6407.581892045933), np.float64(7970.447906701798), np.float64(7938.156169427622), np.float64(21230.25755290159), np.float64(23651.12198163558), np.float64(19584.21912742899), np.float64(29054.31371186355), np.float64(14371.764488092602), np.float64(12142.802157046517)]"
synthetic_transient,transient_scan_1,0.40816326530612246,mq137,99.80904488881562,clean,25.5,51.0,1013.25,2,room_2,"[np.float64(16716.516049853155), np.float64(6407.581892045933), np.float64(7970.447906701798), np.float64(7938.156169427622), np.float64(21230.25755290159), np.float64(23651.12198163558), np.float64(19584.21912742899), np.float64(29054.31371186355), np.float64(14371.764488092602), np.float64(12142.802157046517)]"
synthetic_transient,transient_scan_1,0.6122448979591837,mq137,99.79327438059116,clean,25.5,51.0,1013.25,2,room_2,"[np.float64(16716.516049853155), np.float64(6407.581892045933), np.float64(7970.447906701798), np.float64(7938.156169427622), np.float64(21230.25755290159), np.float64(23651.12198163558), np.float64(19584.21912742899), np.float64(29054.31371186355), np.float64(14371.764488092602), np.float64(12142.802157046517)]"
synthetic_transient,transient_scan_1,0.8163265306122449,mq137,99.58570811449063,clean,25.5,51.0,1013.25,2,room_2,"[np.float64(16716.516049853155), np.float64(6407.581892045933), np.float64(7970.447906701798), np.float64(7938.156169427622), np.float64(21230.25755290159), np.float64(23651.12198163558), np.float64(19584.21912742899), np.float64(29054.31371186355), np.float64(14371.764488092602), np.float64(12142.802157046517)]"
synthetic_transient,transient_scan_1,1.0204081632653061,mq137,99.72741540033408,clean,25.5,51.0,1013.25,2,room_2,"[np.float64(16716.516049853155), np.float64(6407.581892045933), np.float64(7970.447906701798), np.float64(7938.156169427622), np.float64(21230.25755290159), np.float64(23651.12198163558), np.float64(19584.21912742899), np.float64(29054.31371186355), np.float64(14371.764488092602), np.float64(12142.802157046517)]"
synthetic_transient,transient_scan_1,1.2244897959183674,mq137,98.74862023916889,clean,25.5,51.0,1013.25,2,room_2,"[np.float64(16716.516049853155), np.float64(6407.581892045933), np.float64(7970.447906701798), np.float64(7938.156169427622), np.float64(21230.25755290159), np.float64(23651.12198163558), np.float64(19584.21912742899), np.float64(29054.31371186355), np.float64(14371.764488092602), np.float64(12142.802157046517)]"
synthetic_transient,transient_scan_1,1.4285714285714286,mq137,100.34232110077758,clean,25.5,51.0,1013.25,2,room_2,"[np.float64(16716.516049853155), np.float64(6407.581892045933), np.float64(7970.447906701798), np.float64(7938.156169427622), np.float64(21230.25755290159), np.float64(23651.12198163558), np.float64(19584.21912742899), np.float64(29054.31371186355), np.float64(14371.764488092602), np.float64(12142.802157046517)]"
synthetic_transient,transient_scan_1,1.6326530612244898,mq137,100.19512663449157,clean,25.5,51.0,1013.25,2,room_2,"[np.float64(16716.516049853155), np.float64(6407.581892045933), np.float64(7970.447906701798), np.float64(7938.156169427622), np.float64(21230.25755290159), np.float64(23651.12198163558), np.float64(19584.21912742899), np.float64(29054.31371186355), np.float64(14371.764488092602), np.float64(12142.802157046517)]"
synthetic_transient,transient_scan_1,1.836734693877551,mq137,99.95754558375208,clean,25.5,51.0,1013.25,2,room_2,"[np.float64(16716.516049853155), np.float64(6407.581892045933), np.float64(7970.447906701798), np.float64(7938.156169427622), np.float64(21230.25755290159), np.float64(23651.12198163558), np.float64(19584.21912742899), np.float64(29054.31371186355), np.float64(14371.764488092602), np.float64(12142.802157046517)]"
synthetic_transient,transient_scan_1,2.0408163265306123,mq137,99.31060914652805,clean,25.5,51.0,1013.25,2,room_2,"[np.float64(16716.516049853155), np.float64(6407.581892045933), np.float64(7970.447906701798), np.float64(7938.156169427622), np.float64(21230.25755290159), np.float64(23651.12198163558), np.float64(19584.21912742899), np.float64(29054.31371186355), np.float64(14371.764488092602), np.float64(12142.802157046517)]"
synthetic_transient,transient_scan_1,2.2448979591836737,mq137,95.52683046762367,clean,25.5,51.0,1013.25,2,room_2,"[np.float64(16716.516049853155), np.float64(6407.581892045933), np.float64(7970.447906701798), np.float64(7938.156169427622), np.float64(21230.25755290159), np.float64(23651.12198163558), np.float64(19584.21912742899), np.float64(29054.31371186355), np.float64(14371.764488092602), np.float64(12142.802157046517)]"
synthetic_transient,transient_scan_1,2.4489795918367347,mq137,91.59494825934893,clean,25.5,51.0,1013.25,2,room_2,"[np.float64(16716.516049853155), np.float64(6407.581892045933), np.float64(7970.447906701798), np.float64(7938.156169427622), np.float64(21230.25755290159), np.float64(23651.12198163558), np.float64(19584.21912742899), np.float64(29054.31371186355), np.float64(14371.764488092602), np.float64(12142.802157046517)]"
synthetic_transient,transient_scan_1,2.6530612244897958,mq137,88.59060146308005,clean,25.5,51.0,1013.25,2,room_2,"[np.float64(16716.516049853155), np.float64(6407.581892045933), np.float64(7970.447906701798), np.float64(7938.156169427622), np.float64(21230.25755290159), np.float64(23651.12198163558), np.float64(19584.21912742899), np.float64(29054.31371186355), np.float64(14371.764488092602), np.float64(12142.802157046517)]"
synthetic_transient,transient_scan_1,2.857142857142857,mq137,86.32172060605741,clean,25.5,51.0,1013.25,2,room_2,"[np.float64(16716.516049853155), np.float64(6407.581892045933), np.float64(7970.447906701798), np.float64(7938.156169427622), np.float64(21230.25755290159), np.float64(23651.12198163558), np.float64(19584.21912742899), np.float64(29054.31371186355), np.float64(14371.764488092602), np.float64(12142.802157046517)]"
synthetic_transient,transient_scan_1,3.0612244897959187,mq137,83.63354012592805,clean,25.5,51.0,1013.25,2,room_2,"[np.float64(16716.516049853155), np.float64(6407.581892045933), np.float64(7970.447906701798), np.float64(7938.156169427622), np.float64(21230.25755290159), np.float64(23651.12198163558), np.float64(19584.21912742899), np.float64(29054.31371186355), np.float64(14371.764488092602), np.float64(12142.802157046517)]"
synthetic_transient,transient_scan_1,3.2653061224489797,mq137,82.26888724806575,clean,25.5,51.0,1013.25,2,room_2,"[np.float64(16716.516049853155), np.float64(6407.581892045933), np.float64(7970.447906701798), np.float64(7938.156169427622), np.float64(21230.25755290159), np.float64(23651.12198163558), np.float64(19584.21912742899), np.float64(29054.31371186355), np.float64(14371.764488092602), np.float64(12142.802157046517)]"
synthetic_transient,transient_scan_1,3.4693877551020407,mq137,79.99589683092043,clean,25.5,51.0,1013.25,2,room_2,"[np.float64(16716.516049853155), np.float64(6407.581892045933), np.float64(7970.447906701798), np.float64(7938.156169427622), np.float64(21230.25755290159), np.float64(23651.12198163558), np.float64(19584.21912742899), np.float64(29054.31371186355), np.float64(14371.764488092602), np.float64(12142.802157046517)]"
synthetic_transient,transient_scan_1,3.673469387755102,mq137,77.7914058481383,clean,25.5,51.0,1013.25,2,room_2,"[np.float64(16716.516049853155), np.float64(6407.581892045933), np.float64(7970.447906701798), np.float64(7938.156169427622), np.float64(21230.25755290159), np.float64(23651.12198163558), np.float64(19584.21912742899), np.float64(29054.31371186355), np.float64(14371.764488092602), np.float64(12142.802157046517)]"
synthetic_transient,transient_scan_1,3.8775510204081636,mq137,75.26339046714976,clean,25.5,51.0,1013.25,2,room_2,"[np.float64(16716.516049853155), np.float64(6407.581892045933), np.float64(7970.447906701798), np.float64(7938.156169427622), np.float64(21230.25755290159), np.float64(23651.12198163558), np.float64(19584.21912742899), np.float64(29054.31371186355), np.float64(14371.764488092602), np.float64(12142.802157046517)]"
synthetic_transient,transient_scan_1,4.081632653061225,mq137,73.84437210883102,clean,25.5,51.0,1013.25,2,room_2,"[np.float64(16716.516049853155), np.float64(6407.581892045933), np.float64(7970.447906701798), np.float64(7938.156169427622), np.float64(21230.25755290159), np.float64(23651.12198163558), np.float64(19584.21912742899), np.float64(29054.31371186355), np.float64(14371.764488092602), np.float64(12142.802157046517)]"
synthetic_transient,transient_scan_1,4.285714285714286,mq137,72.25523893114445,clean,25.5,51.0,1013.25,2,room_2,"[np.float64(16716.516049853155), np.float64(6407.581892045933), np.float64(7970.447906701798), np.float64(7938.156169427622), np.float64(21230.25755290159), np.float64(23651.12198163558), np.float64(19584.21912742899), np.float64(29054.31371186355), np.float64(14371.764488092602), np.float64(12142.802157046517)]"
synthetic_transient,transient_scan_1,4.4897959183673475,mq137,71.65869032910167,clean,25.5,51.0,1013.25,2,room_2,"[np.float64(16716.516049853155), np.float64(6407.581892045933), np.float64(7970.447906701798), np.float64(7938.156169427622), np.float64(21230.25755290159), np.float64(23651.12198163558), np.float64(19584.21912742899), np.float64(29054.31371186355), np.float64(14371.764488092602), np.float64(12142.802157046517)]"
synthetic_transient,transient_scan_1,4.6938775510204085,mq137,69.03092534591202,clean,25.5,51.0,1013.25,2,room_2,"[np.float64(16716.516049853155), np.float64(6407.581892045933), np.float64(7970.447906701798), np.float64(7938.156169427622), np.float64(21230.25755290159), np.float64(23651.12198163558), np.float64(19584.21912742899), np.float64(29054.31371186355), np.float64(14371.764488092602), np.float64(12142.802157046517)]"
synthetic_transient,transient_scan_1,4.8979591836734695,mq137,69.1630810692612,clean,25.5,51.0,1013.25,2,room_2,"[np.float64(16716.516049853155), np.float64(6407.581892045933), np.float64(7970.447906701798), np.float64(7938.156169427622), np.float64(21230.25755290159), np.float64(23651.12198163558), np.float64(19584.21912742899), np.float64(29054.31371186355), np.float64(14371.764488092602), np.float64(12142.802157046517)]"
synthetic_transient,transient_scan_1,5.1020408163265305,mq137,68.32790198929175,clean,25.5,51.0,1013.25,2,room_2,"[np.float64(16716.516049853155), np.float64(6407.581892045933), np.float64(7970.447906701798), np.float64(7938.156169427622), np.float64(21230.25755290159), np.float64(23651.12198163558), np.float64(19584.21912742899), np.float64(29054.31371186355), np.float64(14371.764488092602), np.float64(12142.802157046517)]"
synthetic_transient,transient_scan_1,5.3061224489795915,mq137,66.89637072056323,clean,25.5,51.0,1013.25,2,room_2,"[np.float64(16716.516049853155), np.float64(6407.581892045933), np.float64(7970.447906701798), np.float64(7938.156169427622), np.float64(21230.25755290159), np.float64(23651.12198163558), np.float64(19584.21912742899), np.float64(29054.31371186355), np.float64(14371.764488092602), np.float64(12142.802157046517)]"
synthetic_transient,transient_scan_1,5.510204081632653,mq137,67.314452141118,clean,25.5,51.0,1013.25,2,room_2,"[np.float64(16716.516049853155), np.float64(6407.581892045933), np.float64(7970.447906701798), np.float64(7938.156169427622), np.float64(21230.25755290159), np.float64(23651.12198163558), np.float64(19584.21912742899), np.float64(29054.31371186355), np.float64(14371.764488092602), np.float64(12142.802157046517)]"
synthetic_transient,transient_scan_1,5.714285714285714,mq137,65.6751509483439,clean,25.5,51.0,1013.25,2,room_2,"[np.float64(16716.516049853155), np.float64(6407.581892045933), np.float64(7970.447906701798), np.float64(7938.156169427622), np.float64(21230.25755290159), np.float64(23651.12198163558), np.float64(19584.21912742899), np.float64(29054.31371186355), np.float64(14371.764488092602), np.float64(12142.802157046517)]"
synthetic_transient,transient_scan_1,5.918367346938775,mq137,65.77280950617676,clean,25.5,51.0,1013.25,2,room_2,"[np.float64(16716.516049853155), np.float64(6407.581892045933), np.float64(7970.447906701798), np.float64(7938.156169427622), np.float64(21230.25755290159), np.float64(23651.12198163558), np.float64(19584.21912742899), np.float64(29054.31371186355), np.float64(14371.764488092602), np.float64(12142.802157046517)]"
synthetic_transient,transient_scan_1,6.122448979591837,mq137,66.48380868458099,clean,25.5,51.0,1013.25,2,room_2,"[np.float64(16716.516049853155), np.float64(6407.581892045933), np.float64(7970.447906701798), np.float64(7938.156169427622), np.float64(21230.25755290159), np.float64(23651.12198163558), np.float64(19584.21912742899), np.float64(29054.31371186355), np.float64(14371.764488092602), np.float64(12142.802157046517)]"
synthetic_transient,transient_scan_1,6.326530612244898,mq137,63.792463729293154,clean,25.5,51.0,1013.25,2,room_2,"[np.float64(16716.516049853155), np.float64(6407.581892045933), np.float64(7970.447906701798), np.float64(7938.156169427622), np.float64(21230.25755290159), np.float64(23651.12198163558), np.float64(19584.21912742899), np.float64(29054.31371186355), np.float64(14371.764488092602), np.float64(12142.802157046517)]"
synthetic_transient,transient_scan_1,6.530612244897959,mq137,64.07765448553067,clean,25.5,51.0,1013.25,2,room_2,"[np.float64(16716.516049853155), np.float64(6407.581892045933), np.float64(7970.447906701798), np.float64(7938.156169427622), np.float64(21230.25755290159), np.float64(23651.12198163558), np.float64(19584.21912742899), np.float64(29054.31371186355), np.float64(14371.764488092602), np.float64(12142.802157046517)]"
synthetic_transient,transient_scan_1,6.73469387755102,mq137,63.54543255727436,clean,25.5,51.0,1013.25,2,room_2,"[np.float64(16716.516049853155), np.float64(6407.581892045933), np.float64(7970.447906701798), np.float64(7938.156169427622), np.float64(21230.25755290159), np.float64(23651.12198163558), np.float64(19584.21912742899), np.float64(29054.31371186355), np.float64(14371.764488092602), np.float64(12142.802157046517)]"
synthetic_transient,transient_scan_1,6.938775510204081,mq137,63.084482120800786,clean,25.5,51.0,1013.25,2,room_2,"[np.float64(16716.516049853155), np.float64(6407.581892045933), np.float64(7970.447906701798), np.float64(7938.156169427622), np.float64(21230.25755290159), np.float64(23651.12198163558), np.float64(19584.21912742899), np.float64(29054.31371186355), np.float64(14371.764488092602), np.float64(12142.802157046517)]"
synthetic_transient,transient_scan_1,7.142857142857143,mq137,63.437177026948405,clean,25.5,51.0,1013.25,2,room_2,"[np.float64(16716.516049853155), np.float64(6407.581892045933), np.float64(7970.447906701798), np.float64(7938.156169427622), np.float64(21230.25755290159), np.float64(23651.12198163558), np.float64(19584.21912742899), np.float64(29054.31371186355), np.float64(14371.764488092602), np.float64(12142.802157046517)]"
synthetic_transient,transient_scan_1,7.346938775510204,mq137,63.31365970392286,clean,25.5,51.0,1013.25,2,room_2,"[np.float64(16716.516049853155), np.float64(6407.581892045933), np.float64(7970.447906701798), np.float64(7938.156169427622), np.float64(21230.25755290159), np.float64(23651.12198163558), np.float64(19584.21912742899), np.float64(29054.31371186355), np.float64(14371.764488092602), np.float64(12142.802157046517)]"
synthetic_transient,transient_scan_1,7.551020408163265,mq137,62.87852602848423,clean,25.5,51.0,1013.25,2,room_2,"[np.float64(16716.516049853155), np.float64(6407.581892045933), np.float64(7970.447906701798), np.float64(7938.156169427622), np.float64(21230.25755290159), np.float64(23651.12198163558), np.float64(19584.21912742899), np.float64(29054.31371186355), np.float64(14371.764488092602), np.float64(12142.802157046517)]"
synthetic_transient,transient_scan_1,7.755102040816327,mq137,61.889226626548634,clean,25.5,51.0,1013.25,2,room_2,"[np.float64(16716.516049853155), np.float64(6407.581892045933), np.float64(7970.447906701798), np.float64(7938.156169427622), np.float64(21230.25755290159), np.float64(23651.12198163558), np.float64(19584.21912742899), np.float64(29054.31371186355), np.float64(14371.764488092602), np.float64(12142.802157046517)]"
synthetic_transient,transient_scan_1,7.959183673469388,mq137,63.249466833816086,clean,25.5,51.0,1013.25,2,room_2,"[np.float64(16716.516049853155), np.float64(6407.581892045933), np.float64(7970.447906701798), np.float64(7938.156169427622), np.float64(21230.25755290159), np.float64(23651.12198163558), np.float64(19584.21912742899), np.float64(29054.31371186355), np.float64(14371.764488092602), np.float64(12142.802157046517)]"
synthetic_transient,transient_scan_1,8.16326530612245,mq137,60.950249699755034,clean,25.5,51.0,1013.25,2,room_2,"[np.float64(16716.516049853155), np.float64(6407.581892045933), np.float64(7970.447906701798), np.float64(7938.156169427622), np.float64(21230.25755290159), np.float64(23651.12198163558), np.float64(19584.21912742899), np.float64(29054.31371186355), np.float64(14371.764488092602), np.float64(12142.802157046517)]"
synthetic_transient,transient_scan_1,8.36734693877551,mq137,61.14101233480754,clean,25.5,51.0,1013.25,2,room_2,"[np.float64(16716.516049853155), np.float64(6407.581892045933), np.float64(7970.447906701798), np.float64(7938.156169427622), np.float64(21230.25755290159), np.float64(23651.12198163558), np.float64(19584.21912742899), np.float64(29054.31371186355), np.float64(14371.764488092602), np.float64(12142.802157046517)]"
synthetic_transient,transient_scan_1,8.571428571428571,mq137,61.581418696884654,clean,25.5,51.0,1013.25,2,room_2,"[np.float64(16716.516049853155), np.float64(6407.581892045933), np.float64(7970.447906701798), np.float64(7938.156169427622), np.float64(21230.25755290159), np.float64(23651.12198163558), np.float64(19584.21912742899), np.float64(29054.31371186355), np.float64(14371.764488092602), np.float64(12142.802157046517)]"
synthetic_transient,transient_scan_1,8.775510204081632,mq137,61.39607433724129,clean,25.5,51.0,1013.25,2,room_2,"[np.float64(16716.516049853155), np.float64(6407.581892045933), np.float64(7970.447906701798), np.float64(7938.156169427622), np.float64(21230.25755290159), np.float64(23651.12198163558), np.float64(19584.21912742899), np.float64(29054.31371186355), np.float64(14371.764488092602), np.float64(12142.802157046517)]"
synthetic_transient,transient_scan_1,8.979591836734695,mq137,61.464305938658214,clean,25.5,51.0,1013.25,2,room_2,"[np.float64(16716.516049853155), np.float64(6407.581892045933), np.float64(7970.447906701798), np.float64(7938.156169427622), np.float64(21230.25755290159), np.float64(23651.12198163558), np.float64(19584.21912742899), np.float64(29054.31371186355), np.float64(14371.764488092602), np.float64(12142.802157046517)]"
synthetic_transient,transient_scan_1,9.183673469387756,mq137,61.89197449300019,clean,25.5,51.0,1013.25,2,room_2,"[np.float64(16716.516049853155), np.float64(6407.581892045933), np.float64(7970.447906701798), np.float64(7938.156169427622), np.float64(21230.25755290159), np.float64(23651.12198163558), np.float64(19584.21912742899), np.float64(29054.31371186355), np.float64(14371.764488092602), np.float64(12142.802157046517)]"
synthetic_transient,transient_scan_1,9.387755102040817,mq137,60.93508891311349,clean,25.5,51.0,1013.25,2,room_2,"[np.float64(16716.516049853155), np.float64(6407.581892045933), np.float64(7970.447906701798), np.float64(7938.156169427622), np.float64(21230.25755290159), np.float64(23651.12198163558), np.float64(19584.21912742899), np.float64(29054.31371186355), np.float64(14371.764488092602), np.float64(12142.802157046517)]"
synthetic_transient,transient_scan_1,9.591836734693878,mq137,60.95535543923821,clean,25.5,51.0,1013.25,2,room_2,"[np.float64(16716.516049853155), np.float64(6407.581892045933), np.float64(7970.447906701798), np.float64(7938.156169427622), np.float64(21230.25755290159), np.float64(23651.12198163558), np.float64(19584.21912742899), np.float64(29054.31371186355), np.float64(14371.764488092602), np.float64(12142.802157046517)]"
synthetic_transient,transient_scan_1,9.795918367346939,mq137,60.514072519675416,clean,25.5,51.0,1013.25,2,room_2,"[np.float64(16716.516049853155), np.float64(6407.581892045933), np.float64(7970.447906701798), np.float64(7938.156169427622), np.float64(21230.25755290159), np.float64(23651.12198163558), np.float64(19584.21912742899), np.float64(29054.31371186355), np.float64(14371.764488092602), np.float64(12142.802157046517)]"
synthetic_transient,transient_scan_1,10.0,mq137,61.02678981477969,clean,25.5,51.0,1013.25,2,room_2,"[np.float64(16716.516049853155), np.float64(6407.581892045933), np.float64(7970.447906701798), np.float64(7938.156169427622), np.float64(21230.25755290159), np.float64(23651.12198163558), np.float64(19584.21912742899), np.float64(29054.31371186355), np.float64(14371.764488092602), np.float64(12142.802157046517)]"
synthetic_transient,transient_scan_1,0.0,mq138,99.84076074467482,clean,25.5,51.0,1013.25,2,room_2,"[np.float64(16716.516049853155), np.float64(6407.581892045933), np.float64(7970.447906701798), np.float64(7938.156169427622), np.float64(21230.25755290159), np.float64(23651.12198163558), np.float64(19584.21912742899), np.float64(29054.31371186355), np.float64(14371.764488092602), np.float64(12142.802157046517)]"
synthetic_transient,transient_scan_1,0.20408163265306123,mq138,99.84047148946682,clean,25.5,51.0,1013.25,2,room_2,"[np.float64(16716.516049853155), np.float64(6407.581892045933), np.float64(7970.447906701798), np.float64(7938.156169427622), np.float64(21230.25755290159), np.float64(23651.12198163558), np.float64(19584.21912742899), np.float64(29054.31371186355), np.float64(14371.764488092602), np.float64(12142.802157046517)]"
synthetic_transient,transient_scan_1,0.40816326530612246,mq138,100.27174157648189,clean,25.5,51.0,1013.25,2,room_2,"[np.float64(16716.516049853155), np.float64(6407.581892045933), np.float64(7970.447906701798), np.float64(7938.156169427622), np.float64(21230.25755290159), np.float64(23651.12198163558), np.float64(19584.21912742899), np.float64(29054.31371186355), np.float64(14371.764488092602), np.float64(12142.802157046517)]"
synthetic_transient,transient_scan_1,0.6122448979591837,mq138,100.5174604635403,clean,25.5,51.0,1013.25,2,room_2,"[np.float64(16716.516049853155), np.float64(6407.581892045933), np.float64(7970.447906701798), np.float64(7938.156169427622), np.float64(21230.25755290159), np.float64(23651.12198163558), np.float64(19584.21912742899), np.float64(29054.31371186355), np.float64(14371.764488092602), np.float64(12142.802157046517)]"
synthetic_transient,transient_scan_1,0.8163265306122449,mq138,98.89594672416307,clean,25.5,51.0,1013.25,2,room_2,"[np.float64(16716.516049853155), np.float64(6407.581892045933), np.float64(7970.447906701798), np.float64(7938.156169427622), np.float64(21230.25755290159), np.float64(23651.12198163558), np.float64(19584.21912742899), np.float64(29054.31371186355), np.float64(14371.764488092602), np.float64(12142.802157046517)]"
synthetic_transient,transient_scan_1,1.0204081632653061,mq138,100.18038921233672,clean,25.5,51.0,1013.25,2,room_2,"[np.float64(16716.516049853155), np.float64(6407.581892045933), np.float64(7970.447906701798), np.float64(7938.156169427622), np.float64(21230.25755290159), np.float64(23651.12198163558), np.float64(19584.21912742899), np.float64(29054.31371186355), np.float64(14371.764488092602), np.float64(12142.802157046517)]"
synthetic_transient,transient_scan_1,1.2244897959183674,mq138,99.86489834066123,clean,25.5,51.0,1013.25,2,room_2,"[np.float64(16716.516049853155), np.float64(6407.581892045933), np.float64(7970.447906701798), np.float64(7938.156169427622), np.float64(21230.25755290159), np.float64(23651.12198163558), np.float64(19584.21912742899), np.float64(29054.31371186355), np.float64(14371.764488092602), np.float64(12142.802157046517)]"
synthetic_transient,transient_scan_1,1.4285714285714286,mq138,100.47380846883071,clean,25.5,51.0,1013.25,2,room_2,"[np.float64(16716.516049853155), np.float64(6407.581892045933), np.float64(7970.447906701798), np.float64(7938.156169427622), np.float64(21230.25755290159), np.float64(23651.12198163558), np.float64(19584.21912742899), np.float64(29054.31371186355), np.float64(14371.764488092602), np.float64(12142.802157046517)]"
synthetic_transient,transient_scan_1,1.6326530612244898,mq138,99.87493869946275,clean,25.5,51.0,1013.25,2,room_2,"[np.float64(16716.516049853155), np.float64(6407.581892045933), np.float64(7970.447906701798), np.float64(7938.156169427622), np.float64(21230.25755290159), np.float64(23651.12198163558), np.float64(19584.21912742899), np.float64(29054.31371186355), np.float64(14371.764488092602), np.float64(12142.802157046517)]"
synthetic_transient,transient_scan_1,1.836734693877551,mq138,100.65052621658116,clean,25.5,51.0,1013.25,2,room_2,"[np.float64(16716.516049853155), np.float64(6407.581892045933), np.float64(7970.447906701798), np.float64(7938.156169427622), np.float64(21230.25755290159), np.float64(23651.12198163558), np.float64(19584.21912742899), np.float64(29054.31371186355), np.float64(14371.764488092602), np.float64(12142.802157046517)]"
synthetic_transient,transient_scan_1,2.0408163265306123,mq138,98.85374044390616,clean,25.5,51.0,1013.25,2,room_2,"[np.float64(16716.516049853155), np.float64(6407.581892045933), np.float64(7970.447906701798), np.float64(7938.156169427622), np.float64(21230.25755290159), np.float64(23651.12198163558), np.float64(19584.21912742899), np.float64(29054.31371186355), np.float64(14371.764488092602), np.float64(12142.802157046517)]"
synthetic_transient,transient_scan_1,2.2448979591836737,mq138,94.2748768122414,clean,25.5,51.0,1013.25,2,room_2,"[np.float64(16716.516049853155), np.float64(6407.581892045933), np.float64(7970.447906701798), np.float64(7938.156169427622), np.float64(21230.25755290159), np.float64(23651.12198163558), np.float64(19584.21912742899), np.float64(29054.31371186355), np.float64(14371.764488092602), np.float64(12142.802157046517)]"
synthetic_transient,transient_scan_1,2.4489795918367347,mq138,92.48274567798691,clean,25.5,51.0,1013.25,2,room_2,"[np.float64(16716.516049853155), np.float64(6407.581892045933), np.float64(7970.447906701798), np.float64(7938.156169427622), np.float64(21230.25755290159), np.float64(23651.12198163558), np.float64(19584.21912742899), np.float64(29054.31371186355), np.float64(14371.764488092602), np.float64(12142.802157046517)]"
synthetic_transient,transient_scan_1,2.6530612244897958,mq138,88.43511913306752,clean,25.5,51.0,1013.25,2,room_2,"[np.float64(16716.516049853155), np.float64(6407.581892045933), np.float64(7970.447906701798), np.float64(7938.156169427622), np.float64(21230.25755290159), np.float64(23651.12198163558), np.float64(19584.21912742899), np.float64(29054.31371186355), np.float64(14371.764488092602), np.float64(12142.802157046517)]"
synthetic_transient,transient_scan_1,2.857142857142857,mq138,85.26743633287046,clean,25.5,51.0,1013.25,2,room_2,"[np.float64(16716.516049853155), np.float64(6407.581892045933), np.float64(7970.447906701798), np.float64(7938.156169427622), np.float64(21230.25755290159), np.float64(23651.12198163558), np.float64(19584.21912742899), np.float64(29054.31371186355), np.float64(14371.764488092602), np.float64(12142.802157046517)]"
synthetic_transient,transient_scan_1,3.0612244897959187,mq138,83.53781509267046,clean,25.5,51.0,1013.25,2,room_2,"[np.float64(16716.516049853155), np.float64(6407.581892045933), np.float64(7970.447906701798), np.float64(7938.156169427622), np.float64(21230.25755290159), np.float64(23651.12198163558), np.float64(19584.21912742899), np.float64(29054.31371186355), np.float64(14371.764488092602), np.float64(12142.802157046517)]"
synthetic_transient,transient_scan_1,3.2653061224489797,mq138,81.12763767020951,clean,25.5,51.0,1013.25,2,room_2,"[np.float64(16716.516049853155), np.float64(6407.581892045933), np.float64(7970.447906701798), np.float64(7938.156169427622), np.float64(21230.25755290159), np.float64(23651.12198163558), np.float64(19584.21912742899), np.float64(29054.31371186355), np.float64(14371.764488092602), np.float64(12142.802157046517)]"
synthetic_transient,transient_scan_1,3.4693877551020407,mq138,79.59764324107427,clean,25.5,51.0,1013.25,2,room_2,"[np.float64(16716.516049853155), np.float64(6407.581892045933), np.float64(7970.447906701798), np.float64(7938.156169427622), np.float64(21230.25755290159), np.float64(23651.12198163558), np.float64(19584.21912742899), np.float64(29054.31371186355), np.float64(14371.764488092602), np.float64(12142.802157046517)]"
synthetic_transient,transient_scan_1,3.673469387755102,mq138,77.77110518785173,clean,25.5,51.0,1013.25,2,room_2,"[np.float64(16716.516049853155), np.float64(6407.581892045933), np.float64(7970.447906701798), np.float64(7938.156169427622), np.float64(21230.25755290159), np.float64(23651.12198163558), np.float64(19584.21912742899), np.float64(29054.31371186355), np.float64(14371.764488092602), np.float64(12142.802157046517)]"
synthetic_transient,transient_scan_1,3.8775510204081636,mq138,75.69206814795837,clean,25.5,51.0,1013.25,2,room_2,"[np.float64(16716.516049853155), np.float64(6407.581892045933), np.float64(7970.447906701798), np.float64(7938.156169427622), np.float64(21230.25755290159), np.float64(23651.12198163558), np.float64(19584.21912742899), np.float64(29054.31371186355), np.float64(14371.764488092602), np.float64(12142.802157046517)]"
synthetic_transient,transient_scan_1,4.081632653061225,mq138,73.68424263950682,clean,25.5,51.0,1013.25,2,room_2,"[np.float64(16716.516049853155), np.float64(6407.581892045933), np.float64(7970.447906701798), np.float64(7938.156169427622), np.float64(21230.25755290159), np.float64(23651.12198163558), np.float64(19584.21912742899), np.float64(29054.31371186355), np.float64(14371.764488092602), np.float64(12142.802157046517)]"
synthetic_transient,transient_scan_1,4.285714285714286,mq138,72.89973292357095,clean,25.5,51.0,1013.25,2,room_2,"[np.float64(16716.516049853155), np.float64(6407.581892045933), np.float64(7970.447906701798), np.float64(7938.156169427622), np.float64(21230.25755290159), np.float64(23651.12198163558), np.float64(19584.21912742899), np.float64(29054.31371186355), np.float64(14371.764488092602), np.float64(12142.802157046517)]"
synthetic_transient,transient_scan_1,4.4897959183673475,mq138,71.6014088442686,clean,25.5,51.0,1013.25,2,room_2,"[np.float64(16716.516049853155), np.float64(6407.581892045933), np.float64(7970.447906701798), np.float64(7938.156169427622), np.float64(21230.25755290159), np.float64(23651.12198163558), np.float64(19584.21912742899), np.float64(29054.31371186355), np.float64(14371.764488092602), np.float64(12142.802157046517)]"
synthetic_transient,transient_scan_1,4.6938775510204085,mq138,70.6858711053767,clean,25.5,51.0,1013.25,2,room_2,"[np.float64(16716.516049853155), np.float64(6407.581892045933), np.float64(7970.447906701798), np.float64(7938.156169427622), np.float64(21230.25755290159), np.float64(23651.12198163558), np.float64(19584.21912742899), np.float64(29054.31371186355), np.float64(14371.764488092602), np.float64(12142.802157046517)]"
synthetic_transient,transient_scan_1,4.8979591836734695,mq138,68.95498735086035,clean,25.5,51.0,1013.25,2,room_2,"[np.float64(16716.516049853155), np.float64(6407.581892045933), np.float64(7970.447906701798), np.float64(7938.156169427622), np.float64(21230.25755290159), np.float64(23651.12198163558), np.float64(19584.21912742899), np.float64(29054.31371186355), np.float64(14371.764488092602), np.float64(12142.802157046517)]"
synthetic_transient,transient_scan_1,5.1020408163265305,mq138,68.28107375236888,clean,25.5,51.0,1013.25,2,room_2,"[np.float64(16716.516049853155), np.float64(6407.581892045933), np.float64(7970.447906701798), np.float64(7938.156169427622), np.float64(21230.25755290159), np.float64(23651.12198163558), np.float64(19584.21912742899), np.float64(29054.31371186355), np.float64(14371.764488092602), np.float64(12142.802157046517)]"
synthetic_transient,transient_scan_1,5.3061224489795915,mq138,67.91320504531627,clean,25.5,51.0,1013.25,2,room_2,"[np.float64(16716.516049853155), np.float64(6407.581892045933), np.float64(7970.447906701798), np.float64(7938.156169427622), np.float64(21230.25755290159), np.float64(23651.12198163558), np.float64(19584.21912742899), np.float64(29054.31371186355), np.float64(14371.764488092602), np.float64(12142.802157046517)]"
synthetic_transient,transient_scan_1,5.510204081632653,mq138,67.53924751144454,clean,25.5,51.0,1013.25,2,room_2,"[np.float64(16716.516049853155), np.float64(6407.581892045933), np.float64(7970.447906701798), np.float64(7938.156169427622), np.float64(21230.25755290159), np.float64(23651.12198163558), np.float64(19584.21912742899), np.float64(29054.31371186355), np.float64(14371.764488092602), np.float64(12142.802157046517)]"
synthetic_transient,transient_scan_1,5.714285714285714,mq138,66.72768281661864,clean,25.5,51.0,1013.25,2,room_2,"[np.float64(16716.516049853155), np.float64(6407.581892045933), np.float64(7970.447906701798), np.float64(7938.156169427622), np.float64(21230.25755290159), np.float64(23651.12198163558), np.float64(19584.21912742899), np.float64(29054.31371186355), np.float64(14371.764488092602), np.float64(12142.802157046517)]"
synthetic_transient,transient_scan_1,5.918367346938775,mq138,65.67996560890153,clean,25.5,51.0,1013.25,2,room_2,"[np.float64(16716.516049853155), np.float64(6407.581892045933), np.float64(7970.447906701798), np.float64(7938.156169427622), np.float64(21230.25755290159), np.float64(23651.12198163558), np.float64(19584.21912742899), np.float64(29054.31371186355), np.float64(14371.764488092602), np.float64(12142.802157046517)]"
synthetic_transient,transient_scan_1,6.122448979591837,mq138,64.84822246087589,clean,25.5,51.0,1013.25,2,room_2,"[np.float64(16716.516049853155), np.float64(6407.581892045933), np.float64(7970.447906701798), np.float64(7938.156169427622), np.float64(21230.25755290159), np.float64(23651.12198163558), np.float64(19584.21912742899), np.float64(29054.31371186355), np.float64(14371.764488092602), np.float64(12142.802157046517)]"
synthetic_transient,transient_scan_1,6.326530612244898,mq138,64.79987681361042,clean,25.5,51.0,1013.25,2,room_2,"[np.float64(16716.516049853155), np.float64(6407.581892045933), np.float64(7970.447906701798), np.float64(7938.156169427622), np.float64(21230.25755290159), np.float64(23651.12198163558), np.float64(19584.21912742899), np.float64(29054.31371186355), np.float64(14371.764488092602), np.float64(12142.802157046517)]"
synthetic_transient,transient_scan_1,6.530612244897959,mq138,63.606234969387465,clean,25.5,51.0,1013.25,2,room_2,"[np.float64(16716.516049853155), np.float64(6407.581892045933), np.float64(7970.447906701798), np.float64(7938.156169427622), np.float64(21230.25755290159), np.float64(23651.12198163558), np.float64(19584.21912742899), np.float64(29054.31371186355), np.float64(14371.764488092602), np.float64(12142.802157046517)]"
synthetic_transient,transient_scan_1,6.73469387755102,mq138,63.34066190646155,clean,25.5,51.0,1013.25,2,room_2,"[np.float64(16716.516049853155), np.float64(6407.581892045933), np.float64(7970.447906701798), np.float64(7938.156169427622), np.float64(21230.25755290159), np.float64(23651.12198163558), np.float64(19584.21912742899), np.float64(29054.31371186355), np.float64(14371.764488092602), np.float64(12142.802157046517)]"
synthetic_transient,transient_scan_1,6.938775510204081,mq138,64.1403521164788,clean,25.5,51.0,1013.25,2,room_2,"[np.float64(16716.516049853155), np.float64(6407.581892045933), np.float64(7970.447906701798), np.float64(7938.156169427622), np.float64(21230.25755290159), np.float64(23651.12198163558), np.float64(19584.21912742899), np.float64(29054.31371186355), np.float64(14371.764488092602), np.float64(12142.802157046517)]"
synthetic_transient,transient_scan_1,7.142857142857143,mq138,63.25806871965418,clean,25.5,51.0,1013.25,2,room_2,"[np.float64(16716.516049853155), np.float64(6407.581892045933), np.float64(7970.447906701798), np.float64(7938.156169427622), np.float64(21230.25755290159), np.float64(23651.12198163558), np.float64(19584.21912742899), np.float64(29054.31371186355), np.float64(14371.764488092602), np.float64(12142.802157046517)]"
synthetic_transient,transient_scan_1,7.346938775510204,mq138,62.58673178462216,clean,25.5,51.0,1013.25,2,room_2,"[np.float64(16716.516049853155), np.float64(6407.581892045933), np.float64(7970.447906701798), np.float64(7938.156169427622), np.float64(21230.25755290159), np.float64(23651.12198163558), np.float64(19584.21912742899), np.float64(29054.31371186355), np.float64(14371.764488092602), np.float64(12142.802157046517)]"
synthetic_transient,transient_scan_1,7.551020408163265,mq138,62.9072762961262,clean,25.5,51.0,1013.25,2,room_2,"[np.float64(16716.516049853155), np.float64(6407.581892045933), np.float64(7970.447906701798), np.float64(7938.156169427622), np.float64(21230.25755290159), np.float64(23651.12198163558), np.float64(19584.21912742899), np.float64(29054.31371186355), np.float64(14371.764488092602), np.float64(12142.802157046517)]"
synthetic_transient,transient_scan_1,7.755102040816327,mq138,62.894383649699044,clean,25.5,51.0,1013.25,2,room_2,"[np.float64(16716.516049853155), np.float64(6407.581892045933), np.float64(7970.447906701798), np.float64(7938.156169427622), np.float64(21230.25755290159), np.float64(23651.12198163558), np.float64(19584.21912742899), np.float64(29054.31371186355), np.float64(14371.764488092602), np.float64(12142.802157046517)]"
synthetic_transient,transient_scan_1,7.959183673469388,mq138,61.810224015492054,clean,25.5,51.0,1013.25,2,room_2,"[np.float64(16716.516049853155), np.float64(6407.581892045933), np.float64(7970.447906701798), np.float64(7938.156169427622), np.float64(21230.25755290159), np.float64(23651.12198163558), np.float64(19584.21912742899), np.float64(29054.31371186355), np.float64(14371.764488092602), np.float64(12142.802157046517)]"
synthetic_transient,transient_scan_1,8.16326530612245,mq138,61.62166732270124,clean,25.5,51.0,1013.25,2,room_2,"[np.float64(16716.516049853155), np.float64(6407.581892045933), np.float64(7970.447906701798), np.float64(7938.156169427622), np.float64(21230.25755290159), np.float64(23651.12198163558), np.float64(19584.21912742899), np.float64(29054.31371186355), np.float64(14371.764488092602), np.float64(12142.802157046517)]"
synthetic_transient,transient_scan_1,8.36734693877551,mq138,61.38100398265119,clean,25.5,51.0,1013.25,2,room_2,"[np.float64(16716.516049853155), np.float64(6407.581892045933), np.float64(7970.447906701798), np.float64(7938.156169427622), np.float64(21230.25755290159), np.float64(23651.12198163558), np.float64(19584.21912742899), np.float64(29054.31371186355), np.float64(14371.764488092602), np.float64(12142.802157046517)]"
synthetic_transient,transient_scan_1,8.571428571428571,mq138,61.97847921404715,clean,25.5,51.0,1013.25,2,room_2,"[np.float64(16716.516049853155), np.float64(6407.581892045933), np.float64(7970.447906701798), np.float64(7938.156169427622), np.float64(21230.25755290159), np.float64(23651.12198163558), np.float64(19584.21912742899), np.float64(29054.31371186355), np.float64(14371.764488092602), np.float64(12142.802157046517)]"
synthetic_transient,transient_scan_1,8.775510204081632,mq138,61.838156101428524,clean,25.5,51.0,1013.25,2,room_2,"[np.float64(16716.516049853155), np.float64(6407.581892045933), np.float64(7970.447906701798), np.float64(7938.156169427622), np.float64(21230.25755290159), np.float64(23651.12198163558), np.float64(19584.21912742899), np.float64(29054.31371186355), np.float64(14371.764488092602), np.float64(12142.802157046517)]"
synthetic_transient,transient_scan_1,8.979591836734695,mq138,61.913235559614385,clean,25.5,51.0,1013.25,2,room_2,"[np.float64(16716.516049853155), np.float64(6407.581892045933), np.float64(7970.447906701798), np.float64(7938.156169427622), np.float64(21230.25755290159), np.float64(23651.12198163558), np.float64(19584.21912742899), np.float64(29054.31371186355), np.float64(14371.764488092602), np.float64(12142.802157046517)]"
synthetic_transient,transient_scan_1,9.183673469387756,mq138,61.60620892038701,clean,25.5,51.0,1013.25,2,room_2,"[np.float64(16716.516049853155), np.float64(6407.581892045933), np.float64(7970.447906701798), np.float64(7938.156169427622), np.float64(21230.25755290159), np.float64(23651.12198163558), np.float64(19584.21912742899), np.float64(29054.31371186355), np.float64(14371.764488092602), np.float64(12142.802157046517)]"
synthetic_transient,transient_scan_1,9.387755102040817,mq138,60.17890533308203,clean,25.5,51.0,1013.25,2,room_2,"[np.float64(16716.516049853155), np.float64(6407.581892045933), np.float64(7970.447906701798), np.float64(7938.156169427622), np.float64(21230.25755290159), np.float64(23651.12198163558), np.float64(19584.21912742899), np.float64(29054.31371186355), np.float64(14371.764488092602), np.float64(12142.802157046517)]"
synthetic_transient,transient_scan_1,9.591836734693878,mq138,61.03897286959082,clean,25.5,51.0,1013.25,2,room_2,"[np.float64(16716.516049853155), np.float64(6407.581892045933), np.float64(7970.447906701798), np.float64(7938.156169427622), np.float64(21230.25755290159), np.float64(23651.12198163558), np.float64(19584.21912742899), np.float64(29054.31371186355), np.float64(14371.764488092602), np.float64(12142.802157046517)]"
synthetic_transient,transient_scan_1,9.795918367346939,mq138,60.28213784461401,clean,25.5,51.0,1013.25,2,room_2,"[np.float64(16716.516049853155), np.float64(6407.581892045933), np.float64(7970.447906701798), np.float64(7938.156169427622), np.float64(21230.25755290159), np.float64(23651.12198163558), np.float64(19584.21912742899), np.float64(29054.31371186355), np.float64(14371.764488092602), np.float64(12142.802157046517)]"
synthetic_transient,transient_scan_1,10.0,mq138,60.47616836806366,clean,25.5,51.0,1013.25,2,room_2,"[np.float64(16716.516049853155), np.float64(6407.581892045933), np.float64(7970.447906701798), np.float64(7938.156169427622), np.float64(21230.25755290159), np.float64(23651.12198163558), np.float64(19584.21912742899), np.float64(29054.31371186355), np.float64(14371.764488092602), np.float64(12142.802157046517)]"
synthetic_transient,transient_scan_1,0.0,tgs2620,100.08529710179043,clean,25.5,51.0,1013.25,2,room_2,"[np.float64(16716.516049853155), np.float64(6407.581892045933), np.float64(7970.447906701798), np.float64(7938.156169427622), np.float64(21230.25755290159), np.float64(23651.12198163558), np.float64(19584.21912742899), np.float64(29054.31371186355), np.float64(14371.764488092602), np.float64(12142.802157046517)]"
synthetic_transient,transient_scan_1,0.20408163265306123,tgs2620,100.41778269917495,clean,25.5,51.0,1013.25,2,room_2,"[np.float64(16716.516049853155), np.float64(6407.581892045933), np.float64(7970.447906701798), np.float64(7938.156169427622), np.float64(21230.25755290159), np.float64(23651.12198163558), np.float64(19584.21912742899), np.float64(29054.31371186355), np.float64(14371.764488092602), np.float64(12142.802157046517)]"
synthetic_transient,transient_scan_1,0.40816326530612246,tgs2620,99.55457832877445,clean,25.5,51.0,1013.25,2,room_2,"[np.float64(16716.516049853155), np.float64(6407.581892045933), np.float64(7970.447906701798), np.float64(7938.156169427622), np.float64(21230.25755290159), np.float64(23651.12198163558), np.float64(19584.21912742899), np.float64(29054.31371186355), np.float64(14371.764488092602), np.float64(12142.802157046517)]"
synthetic_transient,transient_scan_1,0.6122448979591837,tgs2620,98.8376401692738,clean,25.5,51.0,1013.25,2,room_2,"[np.float64(16716.516049853155), np.float64(6407.581892045933), np.float64(7970.447906701798), np.float64(7938.156169427622), np.float64(21230.25755290159), np.float64(23651.12198163558), np.float64(19584.21912742899), np.float64(29054.31371186355), np.float64(14371.764488092602), np.float64(12142.802157046517)]"
synthetic_transient,transient_scan_1,0.8163265306122449,tgs2620,100.09026542090271,clean,25.5,51.0,1013.25,2,room_2,"[np.float64(16716.516049853155), np.float64(6407.581892045933), np.float64(7970.447906701798), np.float64(7938.156169427622), np.float64(21230.25755290159), np.float64(23651.12198163558), np.float64(19584.21912742899), np.float64(29054.31371186355), np.float64(14371.764488092602), np.float64(12142.802157046517)]"
synthetic_transient,transient_scan_1,1.0204081632653061,tgs2620,101.32178579169927,clean,25.5,51.0,1013.25,2,room_2,"[np.float64(16716.516049853155), np.float64(6407.581892045933), np.float64(7970.447906701798), np.float64(7938.156169427622), np.float64(21230.25755290159), np.float64(23651.12198163558), np.float64(19584.21912742899), np.float64(29054.31371186355), np.float64(14371.764488092602), np.float64(12142.802157046517)]"
synthetic_transient,transient_scan_1,1.2244897959183674,tgs2620,99.89857689016492,clean,25.5,51.0,1013.25,2,room_2,"[np.float64(16716.516049853155), np.float64(6407.581892045933), np.float64(7970.447906701798), np.float64(7938.156169427622), np.float64(21230.25755290159), np.float64(23651.12198163558), np.float64(19584.21912742899), np.float64(29054.31371186355), np.float64(14371.764488092602), np.float64(12142.802157046517)]"
synthetic_transient,transient_scan_1,1.4285714285714286,tgs2620,100.02345771747513,clean,25.5,51.0,1013.25,2,room_2,"[np.float64(16716.516049853155), np.float64(6407.581892045933), np.float64(7970.447906701798), np.float64(7938.156169427622), np.float64(21230.25755290159), np.float64(23651.12198163558), np.float64(19584.21912742899), np.float64(29054.31371186355), np.float64(14371.764488092602), np.float64(12142.802157046517)]"
synthetic_transient,transient_scan_1,1.6326530612244898,tgs2620,100.89108180926804,clean,25.5,51.0,1013.25,2,room_2,"[np.float64(16716.516049853155), np.float64(6407.581892045933), np.float64(7970.447906701798), np.float64(7938.156169427622), np.float64(21230.25755290159), np.float64(23651.12198163558), np.float64(19584.21912742899), np.float64(29054.31371186355), np.float64(14371.764488092602), np.float64(12142.802157046517)]"
synthetic_transient,transient_scan_1,1.836734693877551,tgs2620,100.2951373095309,clean,25.5,51.0,1013.25,2,room_2,"[np.float64(16716.516049853155), np.float64(6407.581892045933), np.float64(7970.447906701798), np.float64(7938.156169427622), np.float64(21230.25755290159), np.float64(23651.12198163558), np.float64(19584.21912742899), np.float64(29054.31371186355), np.float64(14371.764488092602), np.float64(12142.802157046517)]"
synthetic_transient,transient_scan_1,2.0408163265306123,tgs2620,99.30037747263965,clean,25.5,51.0,1013.25,2,room_2,"[np.float64(16716.516049853155), np.float64(6407.581892045933), np.float64(7970.447906701798), np.float64(7938.156169427622), np.float64(21230.25755290159), np.float64(23651.12198163558), np.float64(19584.21912742899), np.float64(29054.31371186355), np.float64(14371.764488092602), np.float64(12142.802157046517)]"
synthetic_transient,transient_scan_1,2.2448979591836737,tgs2620,95.61110009871109,clean,25.5,51.0,1013.25,2,room_2,"[np.float64(16716.516049853155), np.float64(6407.581892045933), np.float64(7970.447906701798), np.float64(7938.156169427622), np.float64(21230.25755290159), np.float64(23651.12198163558), np.float64(19584.21912742899), np.float64(29054.31371186355), np.float64(14371.764488092602), np.float64(12142.802157046517)]"
synthetic_transient,transient_scan_1,2.4489795918367347,tgs2620,92.08207112393791,clean,25.5,51.0,1013.25,2,room_2,"[np.float64(16716.516049853155), np.float64(6407.581892045933), np.float64(7970.447906701798), np.float64(7938.156169427622), np.float64(21230.25755290159), np.float64(23651.12198163558), np.float64(19584.21912742899), np.float64(29054.31371186355), np.float64(14371.764488092602), np.float64(12142.802157046517)]"
synthetic_transient,transient_scan_1,2.6530612244897958,tgs2620,88.2870144001119,clean,25.5,51.0,1013.25,2,room_2,"[np.float64(16716.516049853155), np.float64(6407.581892045933), np.float64(7970.447906701798), np.float64(7938.156169427622), np.float64(21230.25755290159), np.float64(23651.12198163558), np.float64(19584.21912742899), np.float64(29054.31371186355), np.float64(14371.764488092602), np.float64(12142.802157046517)]"
synthetic_transient,transient_scan_1,2.857142857142857,tgs2620,85.38683972234237,clean,25.5,51.0,1013.25,2,room_2,"[np.float64(16716.516049853155), np.float64(6407.581892045933), np.float64(7970.447906701798), np.float64(7938.156169427622), np.float64(21230.25755290159), np.float64(23651.12198163558), np.float64(19584.21912742899), np.float64(29054.31371186355), np.float64(14371.764488092602), np.float64(12142.802157046517)]"
synthetic_transient,transient_scan_1,3.0612244897959187,tgs2620,84.47320243941061,clean,25.5,51.0,1013.25,2,room_2,"[np.float64(16716.516049853155), np.float64(6407.581892045933), np.float64(7970.447906701798), np.float64(7938.156169427622), np.float64(21230.25755290159), np.float64(23651.12198163558), np.float64(19584.21912742899), np.float64(29054.31371186355), np.float64(14371.764488092602), np.float64(12142.802157046517)]"
synthetic_transient,transient_scan_1,3.2653061224489797,tgs2620,81.33916867917718,clean,25.5,51.0,1013.25,2,room_2,"[np.float64(16716.516049853155), np.float64(6407.581892045933), np.float64(7970.447906701798), np.float64(7938.156169427622), np.float64(21230.25755290159), np.float64(23651.12198163558), np.float64(19584.21912742899), np.float64(29054.31371186355), np.float64(14371.764488092602), np.float64(12142.802157046517)]"
synthetic_transient,transient_scan_1,3.4693877551020407,tgs2620,79.23613847449161,clean,25.5,51.0,1013.25,2,room_2,"[np.float64(16716.516049853155), np.float64(6407.581892045933), np.float64(7970.447906701798), np.float64(7938.156169427622), np.float64(21230.25755290159), np.float64(23651.12198163558), np.float64(19584.21912742899), np.float64(29054.31371186355), np.float64(14371.764488092602), np.float64(12142.802157046517)]"
synthetic_transient,transient_scan_1,3.673469387755102,tgs2620,77.27978594591602,clean,25.5,51.0,1013.25,2,room_2,"[np.float64(16716.516049853155), np.float64(6407.581892045933), np.float64(7970.447906701798), np.float64(7938.156169427622), np.float64(21230.25755290159), np.float64(23651.12198163558), np.float64(19584.21912742899), np.float64(29054.31371186355), np.float64(14371.764488092602), np.float64(12142.802157046517)]"
synthetic_transient,transient_scan_1,3.8775510204081636,tgs2620,76.0347945588219,clean,25.5,51.0,1013.25,2,room_2,"[np.float64(16716.516049853155), np.float64(6407.581892045933), np.float64(7970.447906701798), np.float64(7938.156169427622), np.float64(21230.25755290159), np.float64(23651.12198163558), np.float64(19584.21912742899), np.float64(29054.31371186355), np.float64(14371.764488092602), np.float64(12142.802157046517)]"
synthetic_transient,transient_scan_1,4.081632653061225,tgs2620,75.39599616133457,clean,25.5,51.0,1013.25,2,room_2,"[np.float64(16716.516049853155), np.float64(6407.581892045933), np.float64(7970.447906701798), np.float64(7938.156169427622), np.float64(21230.25755290159), np.float64(23651.12198163558), np.float64(19584.21912742899), np.float64(29054.31371186355), np.float64(14371.764488092602), np.float64(12142.802157046517)]"
synthetic_transient,transient_scan_1,4.285714285714286,tgs2620,73.01823862651271,clean,25.5,51.0,1013.25,2,room_2,"[np.float64(16716.516049853155), np.float64(6407.581892045933), np.float64(7970.447906701798), np.float64(7938.156169427622), np.float64(21230.25755290159), np.float64(23651.12198163558), np.float64(19584.21912742899), np.float64(29054.31371186355), np.float64(14371.764488092602), np.float64(12142.802157046517)]"
synthetic_transient,transient_scan_1,4.4897959183673475,tgs2620,71.22476824105104,clean,25.5,51.0,1013.25,2,room_2,"[np.float64(16716.516049853155), np.float64(6407.581892045933), np.float64(7970.447906701798), np.float64(7938.156169427622), np.float64(21230.25755290159), np.float64(23651.12198163558), np.float64(19584.21912742899), np.float64(29054.31371186355), np.float64(14371.764488092602), np.float64(12142.802157046517)]"
synthetic_transient,transient_scan_1,4.6938775510204085,tgs2620,70.33470233919611,clean,25.5,51.0,1013.25,2,room_2,"[np.float64(16716.516049853155), np.float64(6407.581892045933), np.float64(7970.447906701798), np.float64(7938.156169427622), np.float64(21230.25755290159), np.float64(23651.12198163558), np.float64(19584.21912742899), np.float64(29054.31371186355), np.float64(14371.764488092602), np.float64(12142.802157046517)]"
synthetic_transient,transient_scan_1,4.8979591836734695,tgs2620,69.92788894133533,clean,25.5,51.0,1013.25,2,room_2,"[np.float64(16716.516049853155), np.float64(6407.581892045933), np.float64(7970.447906701798), np.float64(7938.156169427622), np.float64(21230.25755290159), np.float64(23651.12198163558), np.float64(19584.21912742899), np.float64(29054.31371186355), np.float64(14371.764488092602), np.float64(12142.802157046517)]"
synthetic_transient,transient_scan_1,5.1020408163265305,tgs2620,68.18985988824616,clean,25.5,51.0,1013.25,2,room_2,"[np.float64(16716.516049853155), np.float64(6407.581892045933), np.float64(7970.447906701798), np.float64(7938.156169427622), np.float64(21230.25755290159), np.float64(23651.12198163558), np.float64(19584.21912742899), np.float64(29054.31371186355), np.float64(14371.764488092602), np.float64(12142.802157046517)]"
synthetic_transient,transient_scan_1,5.3061224489795915,tgs2620,68.08463923166336,clean,25.5,51.0,1013.25,2,room_2,"[np.float64(16716.516049853155), np.float64(6407.581892045933), np.float64(7970.447906701798), np.float64(7938.156169427622), np.float64(21230.25755290159), np.float64(23651.12198163558), np.float64(19584.21912742899), np.float64(29054.31371186355), np.float64(14371.764488092602), np.float64(12142.802157046517)]"
synthetic_transient,transient_scan_1,5.510204081632653,tgs2620,65.75521529683962,clean,25.5,51.0,1013.25,2,room_2,"[np.float64(16716.516049853155), np.float64(6407.581892045933), np.float64(7970.447906701798), np.float64(7938.156169427622), np.float64(21230.25755290159), np.float64(23651.12198163558), np.float64(19584.21912742899), np.float64(29054.31371186355), np.float64(14371.764488092602), np.float64(12142.802157046517)]"
synthetic_transient,transient_scan_1,5.714285714285714,tgs2620,66.12978202691565,clean,25.5,51.0,1013.25,2,room_2,"[np.float64(16716.516049853155), np.float64(6407.581892045933), np.float64(7970.447906701798), np.float64(7938.156169427622), np.float64(21230.25755290159), np.float64(23651.12198163558), np.float64(19584.21912742899), np.float64(29054.31371186355), np.float64(14371.764488092602), np.float64(12142.802157046517)]"
synthetic_transient,transient_scan_1,5.918367346938775,tgs2620,65.95300818006547,clean,25.5,51.0,1013.25,2,room_2,"[np.float64(16716.516049853155), np.float64(6407.581892045933), np.float64(7970.447906701798), np.float64(7938.156169427622), np.float64(21230.25755290159), np.float64(23651.12198163558), np.float64(19584.21912742899), np.float64(29054.31371186355), np.float64(14371.764488092602), np.float64(12142.802157046517)]"
synthetic_transient,transient_scan_1,6.122448979591837,tgs2620,65.72698274612432,clean,25.5,51.0,1013.25,2,room_2,"[np.float64(16716.516049853155), np.float64(6407.581892045933), np.float64(7970.447906701798), np.float64(7938.156169427622), np.float64(21230.25755290159), np.float64(23651.12198163558), np.float64(19584.21912742899), np.float64(29054.31371186355), np.float64(14371.764488092602), np.float64(12142.802157046517)]"
synthetic_transient,transient_scan_1,6.326530612244898,tgs2620,64.18872942574957,clean,25.5,51.0,1013.25,2,room_2,"[np.float64(16716.516049853155), np.float64(6407.581892045933), np.float64(7970.447906701798), np.float64(7938.156169427622), np.float64(21230.25755290159), np.float64(23651.12198163558), np.float64(19584.21912742899), np.float64(29054.31371186355), np.float64(14371.764488092602), np.float64(12142.802157046517)]"
synthetic_transient,transient_scan_1,6.530612244897959,tgs2620,63.400547679218896,clean,25.5,51.0,1013.25,2,room_2,"[np.float64(16716.516049853155), np.float64(6407.581892045933), np.float64(7970.447906701798), np.float64(7938.156169427622), np.float64(21230.25755290159), np.float64(23651.12198163558), np.float64(19584.21912742899), np.float64(29054.31371186355), np.float64(14371.764488092602), np.float64(12142.802157046517)]"
synthetic_transient,transient_scan_1,6.73469387755102,tgs2620,63.61879504364609,clean,25.5,51.0,1013.25,2,room_2,"[np.float64(16716.516049853155), np.float64(6407.581892045933), np.float64(7970.447906701798), np.float64(7938.156169427622), np.float64(21230.25755290159), np.float64(23651.12198163558), np.float64(19584.21912742899), np.float64(29054.31371186355), np.float64(14371.764488092602), np.float64(12142.802157046517)]"
synthetic_transient,transient_scan_1,6.938775510204081,tgs2620,62.822756956375535,clean,25.5,51.0,1013.25,2,room_2,"[np.float64(16716.516049853155), np.float64(6407.581892045933), np.float64(7970.447906701798), np.float64(7938.156169427622), np.float64(21230.25755290159), np.float64(23651.12198163558), np.float64(19584.21912742899), np.float64(29054.31371186355), np.float64(14371.764488092602), np.float64(12142.802157046517)]"
synthetic_transient,transient_scan_1,7.142857142857143,tgs2620,62.98253314626596,clean,25.5,51.0,1013.25,2,room_2,"[np.float64(16716.516049853155), np.float64(6407.581892045933), np.float64(7970.447906701798), np.float64(7938.156169427622), np.float64(21230.25755290159), np.float64(23651.12198163558), np.float64(19584.21912742899), np.float64(29054.31371186355), np.float64(14371.764488092602), np.float64(12142.802157046517)]"
synthetic_transient,transient_scan_1,7.346938775510204,tgs2620,62.75716842419302,clean,25.5,51.0,1013.25,2,room_2,"[np.float64(16716.516049853155), np.float64(6407.581892045933), np.float64(7970.447906701798), np.float64(7938.156169427622), np.float64(21230.25755290159), np.float64(23651.12198163558), np.float64(19584.21912742899), np.float64(29054.31371186355), np.float64(14371.764488092602), np.float64(12142.802157046517)]"
synthetic_transient,transient_scan_1,7.551020408163265,tgs2620,61.83313443123259,clean,25.5,51.0,1013.25,2,room_2,"[np.float64(16716.516049853155), np.float64(6407.581892045933), np.float64(7970.447906701798), np.float64(7938.156169427622), np.float64(21230.25755290159), np.float64(23651.12198163558), np.float64(19584.21912742899), np.float64(29054.31371186355), np.float64(14371.764488092602), np.float64(12142.802157046517)]"
synthetic_transient,transient_scan_1,7.755102040816327,tgs2620,62.65311572282968,clean,25.5,51.0,1013.25,2,room_2,"[np.float64(16716.516049853155), np.float64(6407.581892045933), np.float64(7970.447906701798), np.float64(7938.156169427622), np.float64(21230.25755290159), np.float64(23651.12198163558), np.float64(19584.21912742899), np.float64(29054.31371186355), np.float64(14371.764488092602), np.float64(12142.802157046517)]"
synthetic_transient,transient_scan_1,7.959183673469388,tgs2620,61.95393584793265,clean,25.5,51.0,1013.25,2,room_2,"[np.float64(16716.516049853155), np.float64(6407.581892045933), np.float64(7970.447906701798), np.float64(7938.156169427622), np.float64(21230.25755290159), np.float64(23651.12198163558), np.float64(19584.21912742899), np.float64(29054.31371186355), np.float64(14371.764488092602), np.float64(12142.802157046517)]"
synthetic_transient,transient_scan_1,8.16326530612245,tgs2620,62.37560122842866,clean,25.5,51.0,1013.25,2,room_2,"[np.float64(16716.516049853155), np.float64(6407.581892045933), np.float64(7970.447906701798), np.float64(7938.156169427622), np.float64(21230.25755290159), np.float64(23651.12198163558), np.float64(19584.21912742899), np.float64(29054.31371186355), np.float64(14371.764488092602), np.float64(12142.802157046517)]"
synthetic_transient,transient_scan_1,8.36734693877551,tgs2620,60.73487424917664,clean,25.5,51.0,1013.25,2,room_2,"[np.float64(16716.516049853155), np.float64(6407.581892045933), np.float64(7970.447906701798), np.float64(7938.156169427622), np.float64(21230.25755290159), np.float64(23651.12198163558), np.float64(19584.21912742899), np.float64(29054.31371186355), np.float64(14371.764488092602), np.float64(12142.802157046517)]"
synthetic_transient,transient_scan_1,8.571428571428571,tgs2620,60.987957969416776,clean,25.5,51.0,1013.25,2,room_2,"[np.float64(16716.516049853155), np.float64(6407.581892045933), np.float64(7970.447906701798), np.float64(7938.156169427622), np.float64(21230.25755290159), np.float64(23651.12198163558), np.float64(19584.21912742899), np.float64(29054.31371186355), np.float64(14371.764488092602), np.float64(12142.802157046517)]"
synthetic_transient,transient_scan_1,8.775510204081632,tgs2620,61.60971203199252,clean,25.5,51.0,1013.25,2,room_2,"[np.float64(16716.516049853155), np.float64(6407.581892045933), np.float64(7970.447906701798), np.float64(7938.156169427622), np.float64(21230.25755290159), np.float64(23651.12198163558), np.float64(19584.21912742899), np.float64(29054.31371186355), np.float64(14371.764488092602), np.float64(12142.802157046517)]"
synthetic_transient,transient_scan_1,8.979591836734695,tgs2620,60.820728613556206,clean,25.5,51.0,1013.25,2,room_2,"[np.float64(16716.516049853155), np.float64(6407.581892045933), np.float64(7970.447906701798), np.float64(7938.156169427622), np.float64(21230.25755290159), np.float64(23651.12198163558), np.float64(19584.21912742899), np.float64(29054.31371186355), np.float64(14371.764488092602), np.float64(12142.802157046517)]"
synthetic_transient,transient_scan_1,9.183673469387756,tgs2620,61.01963961643774,clean,25.5,51.0,1013.25,2,room_2,"[np.float64(16716.516049853155), np.float64(6407.581892045933), np.float64(7970.447906701798), np.float64(7938.156169427622), np.float64(21230.25755290159), np.float64(23651.12198163558), np.float64(19584.21912742899), np.float64(29054.31371186355), np.float64(14371.764488092602), np.float64(12142.802157046517)]"
synthetic_transient,transient_scan_1,9.387755102040817,tgs2620,60.99536393157488,clean,25.5,51.0,1013.25,2,room_2,"[np.float64(16716.516049853155), np.float64(6407.581892045933), np.float64(7970.447906701798), np.float64(7938.156169427622), np.float64(21230.25755290159), np.float64(23651.12198163558), np.float64(19584.21912742899), np.float64(29054.31371186355), np.float64(14371.764488092602), np.float64(12142.802157046517)]"
synthetic_transient,transient_scan_1,9.591836734693878,tgs2620,60.977618699608406,clean,25.5,51.0,1013.25,2,room_2,"[np.float64(16716.516049853155), np.float64(6407.581892045933), np.float64(7970.447906701798), np.float64(7938.156169427622), np.float64(21230.25755290159), np.float64(23651.12198163558), np.float64(19584.21912742899), np.float64(29054.31371186355), np.float64(14371.764488092602), np.float64(12142.802157046517)]"
synthetic_transient,transient_scan_1,9.795918367346939,tgs2620,60.472547439670684,clean,25.5,51.0,1013.25,2,room_2,"[np.float64(16716.516049853155), np.float64(6407.581892045933), np.float64(7970.447906701798), np.float64(7938.156169427622), np.float64(21230.25755290159), np.float64(23651.12198163558), np.float64(19584.21912742899), np.float64(29054.31371186355), np.float64(14371.764488092602), np.float64(12142.802157046517)]"
synthetic_transient,transient_scan_1,10.0,tgs2620,60.807268837285605,clean,25.5,51.0,1013.25,2,room_2,"[np.float64(16716.516049853155), np.float64(6407.581892045933), np.float64(7970.447906701798), np.float64(7938.156169427622), np.float64(21230.25755290159), np.float64(23651.12198163558), np.float64(19584.21912742899), np.float64(29054.31371186355), np.float64(14371.764488092602), np.float64(12142.802157046517)]"
synthetic_transient,transient_scan_1,0.0,mics2714_no2,99.60872814738276,clean,25.5,51.0,1013.25,2,room_2,"[np.float64(16716.516049853155), np.float64(6407.581892045933), np.float64(7970.447906701798), np.float64(7938.156169427622), np.float64(21230.25755290159), np.float64(23651.12198163558), np.float64(19584.21912742899), np.float64(29054.31371186355), np.float64(14371.764488092602), np.float64(12142.802157046517)]"
synthetic_transient,transient_scan_1,0.20408163265306123,mics2714_no2,100.3371402343734,clean,25.5,51.0,1013.25,2,room_2,"[np.float64(16716.516049853155), np.float64(6407.581892045933), np.float64(7970.447906701798), np.float64(7938.156169427622), np.float64(21230.25755290159), np.float64(23651.12198163558), np.float64(19584.21912742899), np.float64(29054.31371186355), np.float64(14371.764488092602), np.float64(12142.802157046517)]"
synthetic_transient,transient_scan_1,0.40816326530612246,mics2714_no2,99.94257799025848,clean,25.5,51.0,1013.25,2,room_2,"[np.float64(16716.516049853155), np.float64(6407.581892045933), np.float64(7970.447906701798), np.float64(7938.156169427622), np.float64(21230.25755290159), np.float64(23651.12198163558), np.float64(19584.21912742899), np.float64(29054.31371186355), np.float64(14371.764488092602), np.float64(12142.802157046517)]"
synthetic_transient,transient_scan_1,0.6122448979591837,mics2714_no2,100.07751831179776,clean,25.5,51.0,1013.25,2,room_2,"[np.float64(16716.516049853155), np.float64(6407.581892045933), np.float64(7970.447906701798), np.float64(7938.156169427622), np.float64(21230.25755290159), np.float64(23651.12198163558), np.float64(19584.21912742899), np.float64(29054.31371186355), np.float64(14371.764488092602), np.float64(12142.802157046517)]"
synthetic_transient,transient_scan_1,0.8163265306122449,mics2714_no2,101.28496341984517,clean,25.5,51.0,1013.25,2,room_2,"[np.float64(16716.516049853155), np.float64(6407.581892045933), np.float64(7970.447906701798), np.float64(7938.156169427622), np.float64(21230.25755290159), np.float64(23651.12198163558), np.float64(19584.21912742899), np.float64(29054.31371186355), np.float64(14371.764488092602), np.float64(12142.802157046517)]"
synthetic_transient,transient_scan_1,1.0204081632653061,mics2714_no2,99.44644777269998,clean,25.5,51.0,1013.25,2,room_2,"[np.float64(16716.516049853155), np.float64(6407.581892045933), np.float64(7970.447906701798), np.float64(7938.156169427622), np.float64(21230.25755290159), np.float64(23651.12198163558), np.float64(19584.21912742899), np.float64(29054.31371186355), np.float64(14371.764488092602), np.float64(12142.802157046517)]"
synthetic_transient,transient_scan_1,1.2244897959183674,mics2714_no2,100.69429113452014,clean,25.5,51.0,1013.25,2,room_2,"[np.float64(16716.516049853155), np.float64(6407.581892045933), np.float64(7970.447906701798), np.float64(7938.156169427622), np.float64(21230.25755290159), np.float64(23651.12198163558), np.float64(19584.21912742899), np.float64(29054.31371186355), np.float64(14371.764488092602), np.float64(12142.802157046517)]"
synthetic_transient,transient_scan_1,1.4285714285714286,mics2714_no2,98.67032432147532,clean,25.5,51.0,1013.25,2,room_2,"[np.float64(16716.516049853155), np.float64(6407.581892045933), np.float64(7970.447906701798), np.float64(7938.156169427622), np.float64(21230.25755290159), np.float64(23651.12198163558), np.float64(19584.21912742899), np.float64(29054.31371186355), np.float64(14371.764488092602), np.float64(12142.802157046517)]"
synthetic_transient,transient_scan_1,1.6326530612244898,mics2714_no2,98.96081167254053,clean,25.5,51.0,1013.25,2,room_2,"[np.float64(16716.516049853155), np.float64(6407.581892045933), np.float64(7970.447906701798), np.float64(7938.156169427622), np.float64(21230.25755290159), np.float64(23651.12198163558), np.float64(19584.21912742899), np.float64(29054.31371186355), np.float64(14371.764488092602), np.float64(12142.802157046517)]"
synthetic_transient,transient_scan_1,1.836734693877551,mics2714_no2,99.37967996115621,clean,25.5,51.0,1013.25,2,room_2,"[np.float64(16716.516049853155), np.float64(6407.581892045933), np.float64(7970.447906701798), np.float64(7938.156169427622), np.float64(21230.25755290159), np.float64(23651.12198163558), np.float64(19584.21912742899), np.float64(29054.31371186355), np.float64(14371.764488092602), np.float64(12142.802157046517)]"
synthetic_transient,transient_scan_1,2.0408163265306123,mics2714_no2,100.42130212467733,clean,25.5,51.0,1013.25,2,room_2,"[np.float64(16716.516049853155), np.float64(6407.581892045933), np.float64(7970.447906701798), np.float64(7938.156169427622), np.float64(21230.25755290159), np.float64(23651.12198163558), np.float64(19584.21912742899), np.float64(29054.31371186355), np.float64(14371.764488092602), np.float64(12142.802157046517)]"
synthetic_transient,transient_scan_1,2.2448979591836737,mics2714_no2,105.86429869150147,clean,25.5,51.0,1013.25,2,room_2,"[np.float64(16716.516049853155), np.float64(6407.581892045933), np.float64(7970.447906701798), np.float64(7938.156169427622), np.float64(21230.25755290159), np.float64(23651.12198163558), np.float64(19584.21912742899), np.float64(29054.31371186355), np.float64(14371.764488092602), np.float64(12142.802157046517)]"
synthetic_transient,transient_scan_1,2.4489795918367347,mics2714_no2,110.19873468502037,clean,25.5,51.0,1013.25,2,room_2,"[np.float64(16716.516049853155), np.float64(6407.581892045933), np.float64(7970.447906701798), np.float64(7938.156169427622), np.float64(21230.25755290159), np.float64(23651.12198163558), np.float64(19584.21912742899), np.float64(29054.31371186355), np.float64(14371.764488092602), np.float64(12142.802157046517)]"
synthetic_transient,transient_scan_1,2.6530612244897958,mics2714_no2,113.80147484807601,clean,25.5,51.0,1013.25,2,room_2,"[np.float64(16716.516049853155), np.float64(6407.581892045933), np.float64(7970.447906701798), np.float64(7938.156169427622), np.float64(21230.25755290159), np.float64(23651.12198163558), np.float64(19584.21912742899), np.float64(29054.31371186355), np.float64(14371.764488092602), np.float64(12142.802157046517)]"
synthetic_transient,transient_scan_1,2.857142857142857,mics2714_no2,117.35310814006598,clean,25.5,51.0,1013.25,2,room_2,"[np.float64(16716.516049853155), np.float64(6407.581892045933), np.float64(7970.447906701798), np.float64(7938.156169427622), np.float64(21230.25755290159), np.float64(23651.12198163558), np.float64(19584.21912742899), np.float64(29054.31371186355), np.float64(14371.764488092602), np.float64(12142.802157046517)]"
synthetic_transient,transient_scan_1,3.0612244897959187,mics2714_no2,120.85164690128023,clean,25.5,51.0,1013.25,2,room_2,"[np.float64(16716.516049853155), np.float64(6407.581892045933), np.float64(7970.447906701798), np.float64(7938.156169427622), np.float64(21230.25755290159), np.float64(23651.12198163558), np.float64(19584.21912742899), np.float64(29054.31371186355), np.float64(14371.764488092602), np.float64(12142.802157046517)]"
synthetic_transient,transient_scan_1,3.2653061224489797,mics2714_no2,123.85757818477963,clean,25.5,51.0,1013.25,2,room_2,"[np.float64(16716.516049853155), np.float64(6407.581892045933), np.float64(7970.447906701798), np.float64(7938.156169427622), np.float64(21230.25755290159), np.float64(23651.12198163558), np.float64(19584.21912742899), np.float64(29054.31371186355), np.float64(14371.764488092602), np.float64(12142.802157046517)]"
synthetic_transient,transient_scan_1,3.4693877551020407,mics2714_no2,125.3541170504429,clean,25.5,51.0,1013.25,2,room_2,"[np.float64(16716.516049853155), np.float64(6407.581892045933), np.float64(7970.447906701798), np.float64(7938.156169427622), np.float64(21230.25755290159), np.float64(23651.12198163558), np.float64(19584.21912742899), np.float64(29054.31371186355), np.float64(14371.764488092602), np.float64(12142.802157046517)]"
synthetic_transient,transient_scan_1,3.673469387755102,mics2714_no2,128.16292979195336,clean,25.5,51.0,1013.25,2,room_2,"[np.float64(16716.516049853155), np.float64(6407.581892045933), np.float64(7970.447906701798), np.float64(7938.156169427622), np.float64(21230.25755290159), np.float64(23651.12198163558), np.float64(19584.21912742899), np.float64(29054.31371186355), np.float64(14371.764488092602), np.float64(12142.802157046517)]"
synthetic_transient,transient_scan_1,3.8775510204081636,mics2714_no2,130.4098826822764,clean,25.5,51.0,1013.25,2,room_2,"[np.float64(16716.516049853155), np.float64(6407.581892045933), np.float64(7970.447906701798), np.float64(7938.156169427622), np.float64(21230.25755290159), np.float64(23651.12198163558), np.float64(19584.21912742899), np.float64(29054.31371186355), np.float64(14371.764488092602), np.float64(12142.802157046517)]"
synthetic_transient,transient_scan_1,4.081632653061225,mics2714_no2,132.58434473519796,clean,25.5,51.0,1013.25,2,room_2,"[np.float64(16716.516049853155), np.float64(6407.581892045933), np.float64(7970.447906701798), np.float64(7938.156169427622), np.float64(21230.25755290159), np.float64(23651.12198163558), np.float64(19584.21912742899), np.float64(29054.31371186355), np.float64(14371.764488092602), np.float64(12142.802157046517)]"
synthetic_transient,transient_scan_1,4.285714285714286,mics2714_no2,133.66833856266476,clean,25.5,51.0,1013.25,2,room_2,"[np.float64(16716.516049853155), np.float64(6407.581892045933), np.float64(7970.447906701798), np.float64(7938.156169427622), np.float64(21230.25755290159), np.float64(23651.12198163558), np.float64(19584.21912742899), np.float64(29054.31371186355), np.float64(14371.764488092602), np.float64(12142.802157046517)]"
synthetic_transient,transient_scan_1,4.4897959183673475,mics2714_no2,135.55687484444277,clean,25.5,51.0,1013.25,2,room_2,"[np.float64(16716.516049853155), np.float64(6407.581892045933), np.float64(7970.447906701798), np.float64(7938.156169427622), np.float64(21230.25755290159), np.float64(23651.12198163558), np.float64(19584.21912742899), np.float64(29054.31371186355), np.float64(14371.764488092602), np.float64(12142.802157046517)]"
synthetic_transient,transient_scan_1,4.6938775510204085,mics2714_no2,137.01323835708624,clean,25.5,51.0,1013.25,2,room_2,"[np.float64(16716.516049853155), np.float64(6407.581892045933), np.float64(7970.447906701798), np.float64(7938.156169427622), np.float64(21230.25755290159), np.float64(23651.12198163558), np.float64(19584.21912742899), np.float64(29054.31371186355), np.float64(14371.764488092602), np.float64(12142.802157046517)]"
synthetic_transient,transient_scan_1,4.8979591836734695,mics2714_no2,137.90727656360437,clean,25.5,51.0,1013.25,2,room_2,"[np.float64(16716.516049853155), np.float64(6407.581892045933), np.float64(7970.447906701798), np.float64(7938.156169427622), np.float64(21230.25755290159), np.float64(23651.12198163558), np.float64(19584.21912742899), np.float64(29054.31371186355), np.float64(14371.764488092602), np.float64(12142.802157046517)]"
synthetic_transient,transient_scan_1,5.1020408163265305,mics2714_no2,139.03426718883523,clean,25.5,51.0,1013.25,2,room_2,"[np.float64(16716.516049853155), np.float64(6407.581892045933), np.float64(7970.447906701798), np.float64(7938.156169427622), np.float64(21230.25755290159), np.float64(23651.12198163558), np.float64(19584.21912742899), np.float64(29054.31371186355), np.float64(14371.764488092602), np.float64(12142.802157046517)]"
synthetic_transient,transient_scan_1,5.3061224489795915,mics2714_no2,140.47622790488342,clean,25.5,51.0,1013.25,2,room_2,"[np.float64(16716.516049853155), np.float64(6407.581892045933), np.float64(7970.447906701798), np.float64(7938.156169427622), np.float64(21230.25755290159), np.float64(23651.12198163558), np.float64(19584.21912742899), np.float64(29054.31371186355), np.float64(14371.764488092602), np.float64(12142.802157046517)]"
synthetic_transient,transient_scan_1,5.510204081632653,mics2714_no2,141.29034744722054,clean,25.5,51.0,1013.25,2,room_2,"[np.float64(16716.516049853155), np.float64(6407.581892045933), np.float64(7970.447906701798), np.float64(7938.156169427622), np.float64(21230.25755290159), np.float64(23651.12198163558), np.float64(19584.21912742899), np.float64(29054.31371186355), np.float64(14371.764488092602), np.float64(12142.802157046517)]"
synthetic_transient,transient_scan_1,5.714285714285714,mics2714_no2,142.44433649391178,clean,25.5,51.0,1013.25,2,room_2,"[np.float64(16716.516049853155), np.float64(6407.581892045933), np.float64(7970.447906701798), np.float64(7938.156169427622), np.float64(21230.25755290159), np.float64(23651.12198163558), np.float64(19584.21912742899), np.float64(29054.31371186355), np.float64(14371.764488092602), np.float64(12142.802157046517)]"
synthetic_transient,transient_scan_1,5.918367346938775,mics2714_no2,142.4246979230211,clean,25.5,51.0,1013.25,2,room_2,"[np.float64(16716.516049853155), np.float64(6407.581892045933), np.float64(7970.447906701798), np.float64(7938.156169427622), np.float64(21230.25755290159), np.float64(23651.12198163558), np.float64(19584.21912742899), np.float64(29054.31371186355), np.float64(14371.764488092602), np.float64(12142.802157046517)]"
synthetic_transient,transient_scan_1,6.122448979591837,mics2714_no2,143.459759270015,clean,25.5,51.0,1013.25,2,room_2,"[np.float64(16716.516049853155), np.float64(6407.581892045933), np.float64(7970.447906701798), np.float64(7938.156169427622), np.float64(21230.25755290159), np.float64(23651.12198163558), np.float64(19584.21912742899), np.float64(29054.31371186355), np.float64(14371.764488092602), np.float64(12142.802157046517)]"
synthetic_transient,transient_scan_1,6.326530612244898,mics2714_no2,144.13793380638472,clean,25.5,51.0,1013.25,2,room_2,"[np.float64(16716.516049853155), np.float64(6407.581892045933), np.float64(7970.447906701798), np.float64(7938.156169427622), np.float64(21230.25755290159), np.float64(23651.12198163558), np.float64(19584.21912742899), np.float64(29054.31371186355), np.float64(14371.764488092602), np.float64(12142.802157046517)]"
synthetic_transient,transient_scan_1,6.530612244897959,mics2714_no2,145.21701921901905,clean,25.5,51.0,1013.25,2,room_2,"[np.float64(16716.516049853155), np.float64(6407.581892045933), np.float64(7970.447906701798), np.float64(7938.156169427622), np.float64(21230.25755290159), np.float64(23651.12198163558), np.float64(19584.21912742899), np.float64(29054.31371186355), np.float64(14371.764488092602), np.float64(12142.802157046517)]"
synthetic_transient,transient_scan_1,6.73469387755102,mics2714_no2,144.84333983010106,clean,25.5,51.0,1013.25,2,room_2,"[np.float64(16716.516049853155), np.float64(6407.581892045933), np.float64(7970.447906701798), np.float64(7938.156169427622), np.float64(21230.25755290159), np.float64(23651.12198163558), np.float64(19584.21912742899), np.float64(29054.31371186355), np.float64(14371.764488092602), np.float64(12142.802157046517)]"
synthetic_transient,transient_scan_1,6.938775510204081,mics2714_no2,145.88549292726634,clean,25.5,51.0,1013.25,2,room_2,"[np.float64(16716.516049853155), np.float64(6407.581892045933), np.float64(7970.447906701798), np.float64(7938.156169427622), np.float64(21230.25755290159), np.float64(23651.12198163558), np.float64(19584.21912742899), np.float64(29054.31371186355), np.float64(14371.764488092602), np.float64(12142.802157046517)]"
synthetic_transient,transient_scan_1,7.142857142857143,mics2714_no2,146.30506340423054,clean,25.5,51.0,1013.25,2,room_2,"[np.float64(16716.516049853155), np.float64(6407.581892045933), np.float64(7970.447906701798), np.float64(7938.156169427622), np.float64(21230.25755290159), np.float64(23651.12198163558), np.float64(19584.21912742899), np.float64(29054.31371186355), np.float64(14371.764488092602), np.float64(12142.802157046517)]"
synthetic_transient,transient_scan_1,7.346938775510204,mics2714_no2,147.37257968195422,clean,25.5,51.0,1013.25,2,room_2,"[np.float64(16716.516049853155), np.float64(6407.581892045933), np.float64(7970.447906701798), np.float64(7938.156169427622), np.float64(21230.25755290159), np.float64(23651.12198163558), np.float64(19584.21912742899), np.float64(29054.31371186355), np.float64(14371.764488092602), np.float64(12142.802157046517)]"
synthetic_transient,transient_scan_1,7.551020408163265,mics2714_no2,146.38057162555492,clean,25.5,51.0,1013.25,2,room_2,"[np.float64(16716.516049853155), np.float64(6407.581892045933), np.float64(7970.447906701798), np.float64(7938.156169427622), np.float64(21230.25755290159), np.float64(23651.12198163558), np.float64(19584.21912742899), np.float64(29054.31371186355), np.float64(14371.764488092602), np.float64(12142.802157046517)]"
synthetic_transient,transient_scan_1,7.755102040816327,mics2714_no2,146.85776313122344,clean,25.5,51.0,1013.25,2,room_2,"[np.float64(16716.516049853155), np.float64(6407.581892045933), np.float64(7970.447906701798), np.float64(7938.156169427622), np.float64(21230.25755290159), np.float64(23651.12198163558), np.float64(19584.21912742899), np.float64(29054.31371186355), np.float64(14371.764488092602), np.float64(12142.802157046517)]"
synthetic_transient,transient_scan_1,7.959183673469388,mics2714_no2,146.99064366561976,clean,25.5,51.0,1013.25,2,room_2,"[np.float64(16716.516049853155), np.float64(6407.581892045933), np.float64(7970.447906701798), np.float64(7938.156169427622), np.float64(21230.25755290159), np.float64(23651.12198163558), np.float64(19584.21912742899), np.float64(29054.31371186355), np.float64(14371.764488092602), np.float64(12142.802157046517)]"
synthetic_transient,transient_scan_1,8.16326530612245,mics2714_no2,146.87089629655833,clean,25.5,51.0,1013.25,2,room_2,"[np.float64(16716.516049853155), np.float64(6407.581892045933), np.float64(7970.447906701798), np.float64(7938.156169427622), np.float64(21230.25755290159), np.float64(23651.12198163558), np.float64(19584.21912742899), np.float64(29054.31371186355), np.float64(14371.764488092602), np.float64(12142.802157046517)]"
synthetic_transient,transient_scan_1,8.36734693877551,mics2714_no2,148.8106848804755,clean,25.5,51.0,1013.25,2,room_2,"[np.float64(16716.516049853155), np.float64(6407.581892045933), np.float64(7970.447906701798), np.float64(7938.156169427622), np.float64(21230.25755290159), np.float64(23651.12198163558), np.float64(19584.21912742899), np.float64(29054.31371186355), np.float64(14371.764488092602), np.float64(12142.802157046517)]"
synthetic_transient,transient_scan_1,8.571428571428571,mics2714_no2,147.5085568161636,clean,25.5,51.0,1013.25,2,room_2,"[np.float64(16716.516049853155), np.float64(6407.581892045933), np.float64(7970.447906701798), np.float64(7938.156169427622), np.float64(21230.25755290159), np.float64(23651.12198163558), np.float64(19584.21912742899), np.float64(29054.31371186355), np.float64(14371.764488092602), np.float64(12142.802157046517)]"
synthetic_transient,transient_scan_1,8.775510204081632,mics2714_no2,147.902625573387,clean,25.5,51.0,1013.25,2,room_2,"[np.float64(16716.516049853155), np.float64(6407.581892045933), np.float64(7970.447906701798), np.float64(7938.156169427622), np.float64(21230.25755290159), np.float64(23651.12198163558), np.float64(19584.21912742899), np.float64(29054.31371186355), np.float64(14371.764488092602), np.float64(12142.802157046517)]"
synthetic_transient,transient_scan_1,8.979591836734695,mics2714_no2,149.13252838043002,clean,25.5,51.0,1013.25,2,room_2,"[np.float64(16716.516049853155), np.float64(6407.581892045933), np.float64(7970.447906701798), np.float64(7938.156169427622), np.float64(21230.25755290159), np.float64(23651.12198163558), np.float64(19584.21912742899), np.float64(29054.31371186355), np.float64(14371.764488092602), np.float64(12142.802157046517)]"
synthetic_transient,transient_scan_1,9.183673469387756,mics2714_no2,147.74606216970264,clean,25.5,51.0,1013.25,2,room_2,"[np.float64(16716.516049853155), np.float64(6407.581892045933), np.float64(7970.447906701798), np.float64(7938.156169427622), np.float64(21230.25755290159), np.float64(23651.12198163558), np.float64(19584.21912742899), np.float64(29054.31371186355), np.float64(14371.764488092602), np.float64(12142.802157046517)]"
synthetic_transient,transient_scan_1,9.387755102040817,mics2714_no2,149.13440781864833,clean,25.5,51.0,1013.25,2,room_2,"[np.float64(16716.516049853155), np.float64(6407.581892045933), np.float64(7970.447906701798), np.float64(7938.156169427622), np.float64(21230.25755290159), np.float64(23651.12198163558), np.float64(19584.21912742899), np.float64(29054.31371186355), np.float64(14371.764488092602), np.float64(12142.802157046517)]"
synthetic_transient,transient_scan_1,9.591836734693878,mics2714_no2,148.17037444091446,clean,25.5,51.0,1013.25,2,room_2,"[np.float64(16716.516049853155), np.float64(6407.581892045933), np.float64(7970.447906701798), np.float64(7938.156169427622), np.float64(21230.25755290159), np.float64(23651.12198163558), np.float64(19584.21912742899), np.float64(29054.31371186355), np.float64(14371.764488092602), np.float64(12142.802157046517)]"
synthetic_transient,transient_scan_1,9.795918367346939,mics2714_no2,149.60918418571788,clean,25.5,51.0,1013.25,2,room_2,"[np.float64(16716.516049853155), np.float64(6407.581892045933), np.float64(7970.447906701798), np.float64(7938.156169427622), np.float64(21230.25755290159), np.float64(23651.12198163558), np.float64(19584.21912742899), np.float64(29054.31371186355), np.float64(14371.764488092602), np.float64(12142.802157046517)]"
synthetic_transient,transient_scan_1,10.0,mics2714_no2,147.99927921204286,clean,25.5,51.0,1013.25,2,room_2,"[np.float64(16716.516049853155), np.float64(6407.581892045933), np.float64(7970.447906701798), np.float64(7938.156169427622), np.float64(21230.25755290159), np.float64(23651.12198163558), np.float64(19584.21912742899), np.float64(29054.31371186355), np.float64(14371.764488092602), np.float64(12142.802157046517)]"
synthetic_transient,transient_scan_1,0.0,mics2714_h2,99.12326529187467,clean,25.5,51.0,1013.25,2,room_2,"[np.float64(16716.516049853155), np.float64(6407.581892045933), np.float64(7970.447906701798), np.float64(7938.156169427622), np.float64(21230.25755290159), np.float64(23651.12198163558), np.float64(19584.21912742899), np.float64(29054.31371186355), np.float64(14371.764488092602), np.float64(12142.802157046517)]"
synthetic_transient,transient_scan_1,0.20408163265306123,mics2714_h2,99.72753888252055,clean,25.5,51.0,1013.25,2,room_2,"[np.float64(16716.516049853155), np.float64(6407.581892045933), np.float64(7970.447906701798), np.float64(7938.156169427622), np.float64(21230.25755290159), np.float64(23651.12198163558), np.float64(19584.21912742899), np.float64(29054.31371186355), np.float64(14371.764488092602), np.float64(12142.802157046517)]"
synthetic_transient,transient_scan_1,0.40816326530612246,mics2714_h2,100.48591134508636,clean,25.5,51.0,1013.25,2,room_2,"[np.float64(16716.516049853155), np.float64(6407.581892045933), np.float64(7970.447906701798), np.float64(7938.156169427622), np.float64(21230.25755290159), np.float64(23651.12198163558), np.float64(19584.21912742899), np.float64(29054.31371186355), np.float64(14371.764488092602), np.float64(12142.802157046517)]"
synthetic_transient,transient_scan_1,0.6122448979591837,mics2714_h2,99.9845208746817,clean,25.5,51.0,1013.25,2,room_2,"[np.float64(16716.516049853155), np.float64(6407.581892045933), np.float64(7970.447906701798), np.float64(7938.156169427622), np.float64(21230.25755290159), np.float64(23651.12198163558), np.float64(19584.21912742899), np.float64(29054.31371186355), np.float64(14371.764488092602), np.float64(12142.802157046517)]"
synthetic_transient,transient_scan_1,0.8163265306122449,mics2714_h2,99.83214246355672,clean,25.5,51.0,1013.25,2,room_2,"[np.float64(16716.516049853155), np.float64(6407.581892045933), np.float64(7970.447906701798), np.float64(7938.156169427622), np.float64(21230.25755290159), np.float64(23651.12198163558), np.float64(19584.21912742899), np.float64(29054.31371186355), np.float64(14371.764488092602), np.float64(12142.802157046517)]"
synthetic_transient,transient_scan_1,1.0204081632653061,mics2714_h2,100.67302210373236,clean,25.5,51.0,1013.25,2,room_2,"[np.float64(16716.516049853155), np.float64(6407.581892045933), np.float64(7970.447906701798), np.float64(7938.156169427622), np.float64(21230.25755290159), np.float64(23651.12198163558), np.float64(19584.21912742899), np.float64(29054.31371186355), np.float64(14371.764488092602), np.float64(12142.802157046517)]"
synthetic_transient,transient_scan_1,1.2244897959183674,mics2714_h2,101.07761976921654,clean,25.5,51.0,1013.25,2,room_2,"[np.float64(16716.516049853155), np.float64(6407.581892045933), np.float64(7970.447906701798), np.float64(7938.156169427622), np.float64(21230.25755290159), np.float64(23651.12198163558), np.float64(19584.21912742899), np.float64(29054.31371186355), np.float64(14371.764488092602), np.float64(12142.802157046517)]"
synthetic_transient,transient_scan_1,1.4285714285714286,mics2714_h2,100.33612864220689,clean,25.5,51.0,1013.25,2,room_2,"[np.float64(16716.516049853155), np.float64(6407.581892045933), np.float64(7970.447906701798), np.float64(7938.156169427622), np.float64(21230.25755290159), np.float64(23651.12198163558), np.float64(19584.21912742899), np.float64(29054.31371186355), np.float64(14371.764488092602), np.float64(12142.802157046517)]"
synthetic_transient,transient_scan_1,1.6326530612244898,mics2714_h2,99.68857274844936,clean,25.5,51.0,1013.25,2,room_2,"[np.float64(16716.516049853155), np.float64(6407.581892045933), np.float64(7970.447906701798), np.float64(7938.156169427622), np.float64(21230.25755290159), np.float64(23651.12198163558), np.float64(19584.21912742899), np.float64(29054.31371186355), np.float64(14371.764488092602), np.float64(12142.802157046517)]"
synthetic_transient,transient_scan_1,1.836734693877551,mics2714_h2,99.79092848299537,clean,25.5,51.0,1013.25,2,room_2,"[np.float64(16716.516049853155), np.float64(6407.581892045933), np.float64(7970.447906701798), np.float64(7938.156169427622), np.float64(21230.25755290159), np.float64(23651.12198163558), np.float64(19584.21912742899), np.float64(29054.31371186355), np.float64(14371.764488092602), np.float64(12142.802157046517)]"
synthetic_transient,transient_scan_1,2.0408163265306123,mics2714_h2,98.54772326426952,clean,25.5,51.0,1013.25,2,room_2,"[np.float64(16716.516049853155), np.float64(6407.581892045933), np.float64(7970.447906701798), np.float64(7938.156169427622), np.float64(21230.25755290159), np.float64(23651.12198163558), np.float64(19584.21912742899), np.float64(29054.31371186355), np.float64(14371.764488092602), np.float64(12142.802157046517)]"
synthetic_transient,transient_scan_1,2.2448979591836737,mics2714_h2,95.44045047718137,clean,25.5,51.0,1013.25,2,room_2,"[np.float64(16716.516049853155), np.float64(6407.581892045933), np.float64(7970.447906701798), np.float64(7938.156169427622), np.float64(21230.25755290159), np.float64(23651.12198163558), np.float64(19584.21912742899), np.float64(29054.31371186355), np.float64(14371.764488092602), np.float64(12142.802157046517)]"
synthetic_transient,transient_scan_1,2.4489795918367347,mics2714_h2,91.14215266466292,clean,25.5,51.0,1013.25,2,room_2,"[np.float64(16716.516049853155), np.float64(6407.581892045933), np.float64(7970.447906701798), np.float64(7938.156169427622), np.float64(21230.25755290159), np.float64(23651.12198163558), np.float64(19584.21912742899), np.float64(29054.31371186355), np.float64(14371.764488092602), np.float64(12142.802157046517)]"
synthetic_transient,transient_scan_1,2.6530612244897958,mics2714_h2,89.13282344184499,clean,25.5,51.0,1013.25,2,room_2,"[np.float64(16716.516049853155), np.float64(6407.581892045933), np.float64(7970.447906701798), np.float64(7938.156169427622), np.float64(21230.25755290159), np.float64(23651.12198163558), np.float64(19584.21912742899), np.float64(29054.31371186355), np.float64(14371.764488092602), np.float64(12142.802157046517)]"
synthetic_transient,transient_scan_1,2.857142857142857,mics2714_h2,87.0603493240622,clean,25.5,51.0,1013.25,2,room_2,"[np.float64(16716.516049853155), np.float64(6407.581892045933), np.float64(7970.447906701798), np.float64(7938.156169427622), np.float64(21230.25755290159), np.float64(23651.12198163558), np.float64(19584.21912742899), np.float64(29054.31371186355), np.float64(14371.764488092602), np.float64(12142.802157046517)]"
synthetic_transient,transient_scan_1,3.0612244897959187,mics2714_h2,83.88858417324501,clean,25.5,51.0,1013.25,2,room_2,"[np.float64(16716.516049853155), np.float64(6407.581892045933), np.float64(7970.447906701798), np.float64(7938.156169427622), np.float64(21230.25755290159), np.float64(23651.12198163558), np.float64(19584.21912742899), np.float64(29054.31371186355), np.float64(14371.764488092602), np.float64(12142.802157046517)]"
synthetic_transient,transient_scan_1,3.2653061224489797,mics2714_h2,81.01265314312712,clean,25.5,51.0,1013.25,2,room_2,"[np.float64(16716.516049853155), np.float64(6407.581892045933), np.float64(7970.447906701798), np.float64(7938.156169427622), np.float64(21230.25755290159), np.float64(23651.12198163558), np.float64(19584.21912742899), np.float64(29054.31371186355), np.float64(14371.764488092602), np.float64(12142.802157046517)]"
synthetic_transient,transient_scan_1,3.4693877551020407,mics2714_h2,79.44955945951766,clean,25.5,51.0,1013.25,2,room_2,"[np.float64(16716.516049853155), np.float64(6407.581892045933), np.float64(7970.447906701798), np.float64(7938.156169427622), np.float64(21230.25755290159), np.float64(23651.12198163558), np.float64(19584.21912742899), np.float64(29054.31371186355), np.float64(14371.764488092602), np.float64(12142.802157046517)]"
synthetic_transient,transient_scan_1,3.673469387755102,mics2714_h2,78.13516650052706,clean,25.5,51.0,1013.25,2,room_2,"[np.float64(16716.516049853155), np.float64(6407.581892045933), np.float64(7970.447906701798), np.float64(7938.156169427622), np.float64(21230.25755290159), np.float64(23651.12198163558), np.float64(19584.21912742899), np.float64(29054.31371186355), np.float64(14371.764488092602), np.float64(12142.802157046517)]"
synthetic_transient,transient_scan_1,3.8775510204081636,mics2714_h2,76.42950524264424,clean,25.5,51.0,1013.25,2,room_2,"[np.float64(16716.516049853155), np.float64(6407.581892045933), np.float64(7970.447906701798), np.float64(7938.156169427622), np.float64(21230.25755290159), np.float64(23651.12198163558), np.float64(19584.21912742899), np.float64(29054.31371186355), np.float64(14371.764488092602), np.float64(12142.802157046517)]"
synthetic_transient,transient_scan_1,4.081632653061225,mics2714_h2,73.62477166468413,clean,25.5,51.0,1013.25,2,room_2,"[np.float64(16716.516049853155), np.float64(6407.581892045933), np.float64(7970.447906701798), np.float64(7938.156169427622), np.float64(21230.25755290159), np.float64(23651.12198163558), np.float64(19584.21912742899), np.float64(29054.31371186355), np.float64(14371.764488092602), np.float64(12142.802157046517)]"
synthetic_transient,transient_scan_1,4.285714285714286,mics2714_h2,73.01141048774997,clean,25.5,51.0,1013.25,2,room_2,"[np.float64(16716.516049853155), np.float64(6407.581892045933), np.float64(7970.447906701798), np.float64(7938.156169427622), np.float64(21230.25755290159), np.float64(23651.12198163558), np.float64(19584.21912742899), np.float64(29054.31371186355), np.float64(14371.764488092602), np.float64(12142.802157046517)]"
synthetic_transient,transient_scan_1,4.4897959183673475,mics2714_h2,71.43976090917322,clean,25.5,51.0,1013.25,2,room_2,"[np.float64(16716.516049853155), np.float64(6407.581892045933), np.float64(7970.447906701798), np.float64(7938.156169427622), np.float64(21230.25755290159), np.float64(23651.12198163558), np.float64(19584.21912742899), np.float64(29054.31371186355), np.float64(14371.764488092602), np.float64(12142.802157046517)]"
synthetic_transient,transient_scan_1,4.6938775510204085,mics2714_h2,70.80469939209873,clean,25.5,51.0,1013.25,2,room_2,"[np.float64(16716.516049853155), np.float64(6407.581892045933), np.float64(7970.447906701798), np.float64(7938.156169427622), np.float64(21230.25755290159), np.float64(23651.12198163558), np.float64(19584.21912742899), np.float64(29054.31371186355), np.float64(14371.764488092602), np.float64(12142.802157046517)]"
synthetic_transient,transient_scan_1,4.8979591836734695,mics2714_h2,69.58419768464108,clean,25.5,51.0,1013.25,2,room_2,"[np.float64(16716.516049853155), np.float64(6407.581892045933), np.float64(7970.447906701798), np.float64(7938.156169427622), np.float64(21230.25755290159), np.float64(23651.12198163558), np.float64(19584.21912742899), np.float64(29054.31371186355), np.float64(14371.764488092602), np.float64(12142.802157046517)]"
synthetic_transient,transient_scan_1,5.1020408163265305,mics2714_h2,67.29639948421044,clean,25.5,51.0,1013.25,2,room_2,"[np.float64(16716.516049853155), np.float64(6407.581892045933), np.float64(7970.447906701798), np.float64(7938.156169427622), np.float64(21230.25755290159), np.float64(23651.12198163558), np.float64(19584.21912742899), np.float64(29054.31371186355), np.float64(14371.764488092602), np.float64(12142.802157046517)]"
synthetic_transient,transient_scan_1,5.3061224489795915,mics2714_h2,67.4845094439998,clean,25.5,51.0,1013.25,2,room_2,"[np.float64(16716.516049853155), np.float64(6407.581892045933), np.float64(7970.447906701798), np.float64(7938.156169427622), np.float64(21230.25755290159), np.float64(23651.12198163558), np.float64(19584.21912742899), np.float64(29054.31371186355), np.float64(14371.764488092602), np.float64(12142.802157046517)]"
synthetic_transient,transient_scan_1,5.510204081632653,mics2714_h2,67.01486316527682,clean,25.5,51.0,1013.25,2,room_2,"[np.float64(16716.516049853155), np.float64(6407.581892045933), np.float64(7970.447906701798), np.float64(7938.156169427622), np.float64(21230.25755290159), np.float64(23651.12198163558), np.float64(19584.21912742899), np.float64(29054.31371186355), np.float64(14371.764488092602), np.float64(12142.802157046517)]"
synthetic_transient,transient_scan_1,5.714285714285714,mics2714_h2,65.52753932905942,clean,25.5,51.0,1013.25,2,room_2,"[np.float64(16716.516049853155), np.float64(6407.581892045933), np.float64(7970.447906701798), np.float64(7938.156169427622), np.float64(21230.25755290159), np.float64(23651.12198163558), np.float64(19584.21912742899), np.float64(29054.31371186355), np.float64(14371.764488092602), np.float64(12142.802157046517)]"
synthetic_transient,transient_scan_1,5.918367346938775,mics2714_h2,65.92944917825812,clean,25.5,51.0,1013.25,2,room_2,"[np.float64(16716.516049853155), np.float64(6407.581892045933), np.float64(7970.447906701798), np.float64(7938.156169427622), np.float64(21230.25755290159), np.float64(23651.12198163558), np.float64(19584.21912742899), np.float64(29054.31371186355), np.float64(14371.764488092602), np.float64(12142.802157046517)]"
synthetic_transient,transient_scan_1,6.122448979591837,mics2714_h2,64.32991235197295,clean,25.5,51.0,1013.25,2,room_2,"[np.float64(16716.516049853155), np.float64(6407.581892045933), np.float64(7970.447906701798), np.float64(7938.156169427622), np.float64(21230.25755290159), np.float64(23651.12198163558), np.float64(19584.21912742899), np.float64(29054.31371186355), np.float64(14371.764488092602), np.float64(12142.802157046517)]"
synthetic_transient,transient_scan_1,6.326530612244898,mics2714_h2,64.19874701056224,clean,25.5,51.0,1013.25,2,room_2,"[np.float64(16716.516049853155), np.float64(6407.581892045933), np.float64(7970.447906701798), np.float64(7938.156169427622), np.float64(21230.25755290159), np.float64(23651.12198163558), np.float64(19584.21912742899), np.float64(29054.31371186355), np.float64(14371.764488092602), np.float64(12142.802157046517)]"
synthetic_transient,transient_scan_1,6.530612244897959,mics2714_h2,64.82258614788427,clean,25.5,51.0,1013.25,2,room_2,"[np.float64(16716.516049853155), np.float64(6407.581892045933), np.float64(7970.447906701798), np.float64(7938.156169427622), np.float64(21230.25755290159), np.float64(23651.12198163558), np.float64(19584.21912742899), np.float64(29054.31371186355), np.float64(14371.764488092602), np.float64(12142.802157046517)]"
synthetic_transient,transient_scan_1,6.73469387755102,mics2714_h2,63.30727373165986,clean,25.5,51.0,1013.25,2,room_2,"[np.float64(16716.516049853155), np.float64(6407.581892045933), np.float64(7970.447906701798), np.float64(7938.156169427622), np.float64(21230.25755290159), np.float64(23651.12198163558), np.float64(19584.21912742899), np.float64(29054.31371186355), np.float64(14371.764488092602), np.float64(12142.802157046517)]"
synthetic_transient,transient_scan_1,6.938775510204081,mics2714_h2,63.67244993984981,clean,25.5,51.0,1013.25,2,room_2,"[np.float64(16716.516049853155), np.float64(6407.581892045933), np.float64(7970.447906701798), np.float64(7938.156169427622), np.float64(21230.25755290159), np.float64(23651.12198163558), np.float64(19584.21912742899), np.float64(29054.31371186355), np.float64(14371.764488092602), np.float64(12142.802157046517)]"
synthetic_transient,transient_scan_1,7.142857142857143,mics2714_h2,62.180264620676375,clean,25.5,51.0,1013.25,2,room_2,"[np.float64(16716.516049853155), np.float64(6407.581892045933), np.float64(7970.447906701798), np.float64(7938.156169427622), np.float64(21230.25755290159), np.float64(23651.12198163558), np.float64(19584.21912742899), np.float64(29054.31371186355), np.float64(14371.764488092602), np.float64(12142.802157046517)]"
synthetic_transient,transient_scan_1,7.346938775510204,mics2714_h2,63.80115247989121,clean,25.5,51.0,1013.25,2,room_2,"[np.float64(16716.516049853155), np.float64(6407.581892045933), np.float64(7970.447906701798), np.float64(7938.156169427622), np.float64(21230.25755290159), np.float64(23651.12198163558), np.float64(19584.21912742899), np.float64(29054.31371186355), np.float64(14371.764488092602), np.float64(12142.802157046517)]"
synthetic_transient,transient_scan_1,7.551020408163265,mics2714_h2,62.34043013458993,clean,25.5,51.0,1013.25,2,room_2,"[np.float64(16716.516049853155), np.float64(6407.581892045933), np.float64(7970.447906701798), np.float64(7938.156169427622), np.float64(21230.25755290159), np.float64(23651.12198163558), np.float64(19584.21912742899), np.float64(29054.31371186355), np.float64(14371.764488092602), np.float64(12142.802157046517)]"
synthetic_transient,transient_scan_1,7.755102040816327,mics2714_h2,62.29855657124811,clean,25.5,51.0,1013.25,2,room_2,"[np.float64(16716.516049853155), np.float64(6407.581892045933), np.float64(7970.447906701798), np.float64(7938.156169427622), np.float64(21230.25755290159), np.float64(23651.12198163558), np.float64(19584.21912742899), np.float64(29054.31371186355), np.float64(14371.764488092602), np.float64(12142.802157046517)]"
synthetic_transient,transient_scan_1,7.959183673469388,mics2714_h2,62.12206119288936,clean,25.5,51.0,1013.25,2,room_2,"[np.float64(16716.516049853155), np.float64(6407.581892045933), np.float64(7970.447906701798), np.float64(7938.156169427622), np.float64(21230.25755290159), np.float64(23651.12198163558), np.float64(19584.21912742899), np.float64(29054.31371186355), np.float64(14371.764488092602), np.float64(12142.802157046517)]"
synthetic_transient,transient_scan_1,8.16326530612245,mics2714_h2,62.13915472609166,clean,25.5,51.0,1013.25,2,room_2,"[np.float64(16716.516049853155), np.float64(6407.581892045933), np.float64(7970.447906701798), np.float64(7938.156169427622), np.float64(21230.25755290159), np.float64(23651.12198163558), np.float64(19584.21912742899), np.float64(29054.31371186355), np.float64(14371.764488092602), np.float64(12142.802157046517)]"
synthetic_transient,transient_scan_1,8.36734693877551,mics2714_h2,60.897736877831605,clean,25.5,51.0,1013.25,2,room_2,"[np.float64(16716.516049853155), np.float64(6407.581892045933), np.float64(7970.447906701798), np.float64(7938.156169427622), np.float64(21230.25755290159), np.float64(23651.12198163558), np.float64(19584.21912742899), np.float64(29054.31371186355), np.float64(14371.764488092602), np.float64(12142.802157046517)]"
synthetic_transient,transient_scan_1,8.571428571428571,mics2714_h2,61.493885819271135,clean,25.5,51.0,1013.25,2,room_2,"[np.float64(16716.516049853155), np.float64(6407.581892045933), np.float64(7970.447906701798), np.float64(7938.156169427622), np.float64(21230.25755290159), np.float64(23651.12198163558), np.float64(19584.21912742899), np.float64(29054.31371186355), np.float64(14371.764488092602), np.float64(12142.802157046517)]"
synthetic_transient,transient_scan_1,8.775510204081632,mics2714_h2,61.02199296477779,clean,25.5,51.0,1013.25,2,room_2,"[np.float64(16716.516049853155), np.float64(6407.581892045933), np.float64(7970.447906701798), np.float64(7938.156169427622), np.float64(21230.25755290159), np.float64(23651.12198163558), np.float64(19584.21912742899), np.float64(29054.31371186355), np.float64(14371.764488092602), np.float64(12142.802157046517)]"
synthetic_transient,transient_scan_1,8.979591836734695,mics2714_h2,60.375505285929705,clean,25.5,51.0,1013.25,2,room_2,"[np.float64(16716.516049853155), np.float64(6407.581892045933), np.float64(7970.447906701798), np.float64(7938.156169427622), np.float64(21230.25755290159), np.float64(23651.12198163558), np.float64(19584.21912742899), np.float64(29054.31371186355), np.float64(14371.764488092602), np.float64(12142.802157046517)]"
synthetic_transient,transient_scan_1,9.183673469387756,mics2714_h2,61.59546854552695,clean,25.5,51.0,1013.25,2,room_2,"[np.float64(16716.516049853155), np.float64(6407.581892045933), np.float64(7970.447906701798), np.float64(7938.156169427622), np.float64(21230.25755290159), np.float64(23651.12198163558), np.float64(19584.21912742899), np.float64(29054.31371186355), np.float64(14371.764488092602), np.float64(12142.802157046517)]"
synthetic_transient,transient_scan_1,9.387755102040817,mics2714_h2,60.8189278809965,clean,25.5,51.0,1013.25,2,room_2,"[np.float64(16716.516049853155), np.float64(6407.581892045933), np.float64(7970.447906701798), np.float64(7938.156169427622), np.float64(21230.25755290159), np.float64(23651.12198163558), np.float64(19584.21912742899), np.float64(29054.31371186355), np.float64(14371.764488092602), np.float64(12142.802157046517)]"
synthetic_transient,transient_scan_1,9.591836734693878,mics2714_h2,61.019750921937984,clean,25.5,51.0,1013.25,2,room_2,"[np.float64(16716.516049853155), np.float64(6407.581892045933), np.float64(7970.447906701798), np.float64(7938.156169427622), np.float64(21230.25755290159), np.float64(23651.12198163558), np.float64(19584.21912742899), np.float64(29054.31371186355), np.float64(14371.764488092602), np.float64(12142.802157046517)]"
synthetic_transient,transient_scan_1,9.795918367346939,mics2714_h2,60.90125325540157,clean,25.5,51.0,1013.25,2,room_2,"[np.float64(16716.516049853155), np.float64(6407.581892045933), np.float64(7970.447906701798), np.float64(7938.156169427622), np.float64(21230.25755290159), np.float64(23651.12198163558), np.float64(19584.21912742899), np.float64(29054.31371186355), np.float64(14371.764488092602), np.float64(12142.802157046517)]"
synthetic_transient,transient_scan_1,10.0,mics2714_h2,60.56519941936131,clean,25.5,51.0,1013.25,2,room_2,"[np.float64(16716.516049853155), np.float64(6407.581892045933), np.float64(7970.447906701798), np.float64(7938.156169427622), np.float64(21230.25755290159), np.float64(23651.12198163558), np.float64(19584.21912742899), np.float64(29054.31371186355), np.float64(14371.764488092602), np.float64(12142.802157046517)]"
synthetic_transient,transient_scan_2,0.0,mq2,99.34032605543129,narcotic_voc,26.0,52.0,1013.25,3,room_1,"[np.float64(17387.282905154963), np.float64(22210.059910693402), np.float64(15870.683465093656), np.float64(11160.05083097767), np.float64(25477.557941854993), np.float64(24985.39697422448), np.float64(22367.41177136067), np.float64(11803.628430749068), np.float64(19755.76667172718), np.float64(14024.34742350067)]"
synthetic_transient,transient_scan_2,0.20408163265306123,mq2,99.88687739049566,narcotic_voc,26.0,52.0,1013.25,3,room_1,"[np.float64(17387.282905154963), np.float64(22210.059910693402), np.float64(15870.683465093656), np.float64(11160.05083097767), np.float64(25477.557941854993), np.float64(24985.39697422448), np.float64(22367.41177136067), np.float64(11803.628430749068), np.float64(19755.76667172718), np.float64(14024.34742350067)]"
synthetic_transient,transient_scan_2,0.40816326530612246,mq2,100.53228433901334,narcotic_voc,26.0,52.0,1013.25,3,room_1,"[np.float64(17387.282905154963), np.float64(22210.059910693402), np.float64(15870.683465093656), np.float64(11160.05083097767), np.float64(25477.557941854993), np.float64(24985.39697422448), np.float64(22367.41177136067), np.float64(11803.628430749068), np.float64(19755.76667172718), np.float64(14024.34742350067)]"
synthetic_transient,transient_scan_2,0.6122448979591837,mq2,100.05980283444353,narcotic_voc,26.0,52.0,1013.25,3,room_1,"[np.float64(17387.282905154963), np.float64(22210.059910693402), np.float64(15870.683465093656), np.float64(11160.05083097767), np.float64(25477.557941854993), np.float64(24985.39697422448), np.float64(22367.41177136067), np.float64(11803.628430749068), np.float64(19755.76667172718), np.float64(14024.34742350067)]"
synthetic_transient,transient_scan_2,0.8163265306122449,mq2,100.40834925885679,narcotic_voc,26.0,52.0,1013.25,3,room_1,"[np.float64(17387.282905154963), np.float64(22210.059910693402), np.float64(15870.683465093656), np.float64(11160.05083097767), np.float64(25477.557941854993), np.float64(24985.39697422448), np.float64(22367.41177136067), np.float64(11803.628430749068), np.float64(19755.76667172718), np.float64(14024.34742350067)]"
synthetic_transient,transient_scan_2,1.0204081632653061,mq2,100.30933097985496,narcotic_voc,26.0,52.0,1013.25,3,room_1,"[np.float64(17387.282905154963), np.float64(22210.059910693402), np.float64(15870.683465093656), np.float64(11160.05083097767), np.float64(25477.557941854993), np.float64(24985.39697422448), np.float64(22367.41177136067), np.float64(11803.628430749068), np.float64(19755.76667172718), np.float64(14024.34742350067)]"
synthetic_transient,transient_scan_2,1.2244897959183674,mq2,100.6431343067023,narcotic_voc,26.0,52.0,1013.25,3,room_1,"[np.float64(17387.282905154963), np.float64(22210.059910693402), np.float64(15870.683465093656), np.float64(11160.05083097767), np.float64(25477.557941854993), np.float64(24985.39697422448), np.float64(22367.41177136067), np.float64(11803.628430749068), np.float64(19755.76667172718), np.float64(14024.34742350067)]"
synthetic_transient,transient_scan_2,1.4285714285714286,mq2,100.53110492545686,narcotic_voc,26.0,52.0,1013.25,3,room_1,"[np.float64(17387.282905154963), np.float64(22210.059910693402), np.float64(15870.683465093656), np.float64(11160.05083097767), np.float64(25477.557941854993), np.float64(24985.39697422448), np.float64(22367.41177136067), np.float64(11803.628430749068), np.float64(19755.76667172718), np.float64(14024.34742350067)]"
synthetic_transient,transient_scan_2,1.6326530612244898,mq2,99.77312784573178,narcotic_voc,26.0,52.0,1013.25,3,room_1,"[np.float64(17387.282905154963), np.float64(22210.059910693402), np.float64(15870.683465093656), np.float64(11160.05083097767), np.float64(25477.557941854993), np.float64(24985.39697422448), np.float64(22367.41177136067), np.float64(11803.628430749068), np.float64(19755.76667172718), np.float64(14024.34742350067)]"
synthetic_transient,transient_scan_2,1.836734693877551,mq2,100.31647081689674,narcotic_voc,26.0,52.0,1013.25,3,room_1,"[np.float64(17387.282905154963), np.float64(22210.059910693402), np.float64(15870.683465093656), np.float64(11160.05083097767), np.float64(25477.557941854993), np.float64(24985.39697422448), np.float64(22367.41177136067), np.float64(11803.628430749068), np.float64(19755.76667172718), np.float64(14024.34742350067)]"
synthetic_transient,transient_scan_2,2.0408163265306123,mq2,98.4286710232993,narcotic_voc,26.0,52.0,1013.25,3,room_1,"[np.float64(17387.282905154963), np.float64(22210.059910693402), np.float64(15870.683465093656), np.float64(11160.05083097767), np.float64(25477.557941854993), np.float64(24985.39697422448), np.float64(22367.41177136067), np.float64(11803.628430749068), np.float64(19755.76667172718), np.float64(14024.34742350067)]"
synthetic_transient,transient_scan_2,2.2448979591836737,mq2,95.36108931238546,narcotic_voc,26.0,52.0,1013.25,3,room_1,"[np.float64(17387.282905154963), np.float64(22210.059910693402), np.float64(15870.683465093656), np.float64(11160.05083097767), np.float64(25477.557941854993), np.float64(24985.39697422448), np.float64(22367.41177136067), np.float64(11803.628430749068), np.float64(19755.76667172718), np.float64(14024.34742350067)]"
synthetic_transient,transient_scan_2,2.4489795918367347,mq2,92.36619152497035,narcotic_voc,26.0,52.0,1013.25,3,room_1,"[np.float64(17387.282905154963), np.float64(22210.059910693402), np.float64(15870.683465093656), np.float64(11160.05083097767), np.float64(25477.557941854993), np.float64(24985.39697422448), np.float64(22367.41177136067), np.float64(11803.628430749068), np.float64(19755.76667172718), np.float64(14024.34742350067)]"
synthetic_transient,transient_scan_2,2.6530612244897958,mq2,88.92381544131325,narcotic_voc,26.0,52.0,1013.25,3,room_1,"[np.float64(17387.282905154963), np.float64(22210.059910693402), np.float64(15870.683465093656), np.float64(11160.05083097767), np.float64(25477.557941854993), np.float64(24985.39697422448), np.float64(22367.41177136067), np.float64(11803.628430749068), np.float64(19755.76667172718), np.float64(14024.34742350067)]"
synthetic_transient,transient_scan_2,2.857142857142857,mq2,86.28088216700077,narcotic_voc,26.0,52.0,1013.25,3,room_1,"[np.float64(17387.282905154963), np.float64(22210.059910693402), np.float64(15870.683465093656), np.float64(11160.05083097767), np.float64(25477.557941854993), np.float64(24985.39697422448), np.float64(22367.41177136067), np.float64(11803.628430749068), np.float64(19755.76667172718), np.float64(14024.34742350067)]"
synthetic_transient,transient_scan_2,3.0612244897959187,mq2,83.42315219536559,narcotic_voc,26.0,52.0,1013.25,3,room_1,"[np.float64(17387.282905154963), np.float64(22210.059910693402), np.float64(15870.683465093656), np.float64(11160.05083097767), np.float64(25477.557941854993), np.float64(24985.39697422448), np.float64(22367.41177136067), np.float64(11803.628430749068), np.float64(19755.76667172718), np.float64(14024.34742350067)]"
synthetic_transient,transient_scan_2,3.2653061224489797,mq2,81.81176172199217,narcotic_voc,26.0,52.0,1013.25,3,room_1,"[np.float64(17387.282905154963), np.float64(22210.059910693402), np.float64(15870.683465093656), np.float64(11160.05083097767), np.float64(25477.557941854993), np.float64(24985.39697422448), np.float64(22367.41177136067), np.float64(11803.628430749068), np.float64(19755.76667172718), np.float64(14024.34742350067)]"
synthetic_transient,transient_scan_2,3.4693877551020407,mq2,79.14588286634726,narcotic_voc,26.0,52.0,1013.25,3,room_1,"[np.float64(17387.282905154963), np.float64(22210.059910693402), np.float64(15870.683465093656), np.float64(11160.05083097767), np.float64(25477.557941854993), np.float64(24985.39697422448), np.float64(22367.41177136067), np.float64(11803.628430749068), np.float64(19755.76667172718), np.float64(14024.34742350067)]"
synthetic_transient,transient_scan_2,3.673469387755102,mq2,77.0921746867421,narcotic_voc,26.0,52.0,1013.25,3,room_1,"[np.float64(17387.282905154963), np.float64(22210.059910693402), np.float64(15870.683465093656), np.float64(11160.05083097767), np.float64(25477.557941854993), np.float64(24985.39697422448), np.float64(22367.41177136067), np.float64(11803.628430749068), np.float64(19755.76667172718), np.float64(14024.34742350067)]"
synthetic_transient,transient_scan_2,3.8775510204081636,mq2,76.0875166312982,narcotic_voc,26.0,52.0,1013.25,3,room_1,"[np.float64(17387.282905154963), np.float64(22210.059910693402), np.float64(15870.683465093656), np.float64(11160.05083097767), np.float64(25477.557941854993), np.float64(24985.39697422448), np.float64(22367.41177136067), np.float64(11803.628430749068), np.float64(19755.76667172718), np.float64(14024.34742350067)]"
synthetic_transient,transient_scan_2,4.081632653061225,mq2,73.42407064928359,narcotic_voc,26.0,52.0,1013.25,3,room_1,"[np.float64(17387.282905154963), np.float64(22210.059910693402), np.float64(15870.683465093656), np.float64(11160.05083097767), np.float64(25477.557941854993), np.float64(24985.39697422448), np.float64(22367.41177136067), np.float64(11803.628430749068), np.float64(19755.76667172718), np.float64(14024.34742350067)]"
synthetic_transient,transient_scan_2,4.285714285714286,mq2,73.00677896471748,narcotic_voc,26.0,52.0,1013.25,3,room_1,"[np.float64(17387.282905154963), np.float64(22210.059910693402), np.float64(15870.683465093656), np.float64(11160.05083097767), np.float64(25477.557941854993), np.float64(24985.39697422448), np.float64(22367.41177136067), np.float64(11803.628430749068), np.float64(19755.76667172718), np.float64(14024.34742350067)]"
synthetic_transient,transient_scan_2,4.4897959183673475,mq2,70.99756921709475,narcotic_voc,26.0,52.0,1013.25,3,room_1,"[np.float64(17387.282905154963), np.float64(22210.059910693402), np.float64(15870.683465093656), np.float64(11160.05083097767), np.float64(25477.557941854993), np.float64(24985.39697422448), np.float64(22367.41177136067), np.float64(11803.628430749068), np.float64(19755.76667172718), np.float64(14024.34742350067)]"
synthetic_transient,transient_scan_2,4.6938775510204085,mq2,71.04036618276096,narcotic_voc,26.0,52.0,1013.25,3,room_1,"[np.float64(17387.282905154963), np.float64(22210.059910693402), np.float64(15870.683465093656), np.float64(11160.05083097767), np.float64(25477.557941854993), np.float64(24985.39697422448), np.float64(22367.41177136067), np.float64(11803.628430749068), np.float64(19755.76667172718), np.float64(14024.34742350067)]"
synthetic_transient,transient_scan_2,4.8979591836734695,mq2,69.2618770811093,narcotic_voc,26.0,52.0,1013.25,3,room_1,"[np.float64(17387.282905154963), np.float64(22210.059910693402), np.float64(15870.683465093656), np.float64(11160.05083097767), np.float64(25477.557941854993), np.float64(24985.39697422448), np.float64(22367.41177136067), np.float64(11803.628430749068), np.float64(19755.76667172718), np.float64(14024.34742350067)]"
synthetic_transient,transient_scan_2,5.1020408163265305,mq2,68.5487525493625,narcotic_voc,26.0,52.0,1013.25,3,room_1,"[np.float64(17387.282905154963), np.float64(22210.059910693402), np.float64(15870.683465093656), np.float64(11160.05083097767), np.float64(25477.557941854993), np.float64(24985.39697422448), np.float64(22367.41177136067), np.float64(11803.628430749068), np.float64(19755.76667172718), np.float64(14024.34742350067)]"
synthetic_transient,transient_scan_2,5.3061224489795915,mq2,67.86480118547028,narcotic_voc,26.0,52.0,1013.25,3,room_1,"[np.float64(17387.282905154963), np.float64(22210.059910693402), np.float64(15870.683465093656), np.float64(11160.05083097767), np.float64(25477.557941854993), np.float64(24985.39697422448), np.float64(22367.41177136067), np.float64(11803.628430749068), np.float64(19755.76667172718), np.float64(14024.34742350067)]"
synthetic_transient,transient_scan_2,5.510204081632653,mq2,65.9507416856716,narcotic_voc,26.0,52.0,1013.25,3,room_1,"[np.float64(17387.282905154963), np.float64(22210.059910693402), np.float64(15870.683465093656), np.float64(11160.05083097767), np.float64(25477.557941854993), np.float64(24985.39697422448), np.float64(22367.41177136067), np.float64(11803.628430749068), np.float64(19755.76667172718), np.float64(14024.34742350067)]"
synthetic_transient,transient_scan_2,5.714285714285714,mq2,65.91942939186042,narcotic_voc,26.0,52.0,1013.25,3,room_1,"[np.float64(17387.282905154963), np.float64(22210.059910693402), np.float64(15870.683465093656), np.float64(11160.05083097767), np.float64(25477.557941854993), np.float64(24985.39697422448), np.float64(22367.41177136067), np.float64(11803.628430749068), np.float64(19755.76667172718), np.float64(14024.34742350067)]"
synthetic_transient,transient_scan_2,5.918367346938775,mq2,66.16071112796841,narcotic_voc,26.0,52.0,1013.25,3,room_1,"[np.float64(17387.282905154963), np.float64(22210.059910693402), np.float64(15870.683465093656), np.float64(11160.05083097767), np.float64(25477.557941854993), np.float64(24985.39697422448), np.float64(22367.41177136067), np.float64(11803.628430749068), np.float64(19755.76667172718), np.float64(14024.34742350067)]"
synthetic_transient,transient_scan_2,6.122448979591837,mq2,65.52580248492191,narcotic_voc,26.0,52.0,1013.25,3,room_1,"[np.float64(17387.282905154963), np.float64(22210.059910693402), np.float64(15870.683465093656), np.float64(11160.05083097767), np.float64(25477.557941854993), np.float64(24985.39697422448), np.float64(22367.41177136067), np.float64(11803.628430749068), np.float64(19755.76667172718), np.float64(14024.34742350067)]"
synthetic_transient,transient_scan_2,6.326530612244898,mq2,64.73948263696838,narcotic_voc,26.0,52.0,1013.25,3,room_1,"[np.float64(17387.282905154963), np.float64(22210.059910693402), np.float64(15870.683465093656), np.float64(11160.05083097767), np.float64(25477.557941854993), np.float64(24985.39697422448), np.float64(22367.41177136067), np.float64(11803.628430749068), np.float64(19755.76667172718), np.float64(14024.34742350067)]"
synthetic_transient,transient_scan_2,6.530612244897959,mq2,63.47719840232144,narcotic_voc,26.0,52.0,1013.25,3,room_1,"[np.float64(17387.282905154963), np.float64(22210.059910693402), np.float64(15870.683465093656), np.float64(11160.05083097767), np.float64(25477.557941854993), np.float64(24985.39697422448), np.float64(22367.41177136067), np.float64(11803.628430749068), np.float64(19755.76667172718), np.float64(14024.34742350067)]"
synthetic_transient,transient_scan_2,6.73469387755102,mq2,64.04191435652129,narcotic_voc,26.0,52.0,1013.25,3,room_1,"[np.float64(17387.282905154963), np.float64(22210.059910693402), np.float64(15870.683465093656), np.float64(11160.05083097767), np.float64(25477.557941854993), np.float64(24985.39697422448), np.float64(22367.41177136067), np.float64(11803.628430749068), np.float64(19755.76667172718), np.float64(14024.34742350067)]"
synthetic_transient,transient_scan_2,6.938775510204081,mq2,63.7421662553517,narcotic_voc,26.0,52.0,1013.25,3,room_1,"[np.float64(17387.282905154963), np.float64(22210.059910693402), np.float64(15870.683465093656), np.float64(11160.05083097767), np.float64(25477.557941854993), np.float64(24985.39697422448), np.float64(22367.41177136067), np.float64(11803.628430749068), np.float64(19755.76667172718), np.float64(14024.34742350067)]"
synthetic_transient,transient_scan_2,7.142857142857143,mq2,63.0805600861926,narcotic_voc,26.0,52.0,1013.25,3,room_1,"[np.float64(17387.282905154963), np.float64(22210.059910693402), np.float64(15870.683465093656), np.float64(11160.05083097767), np.float64(25477.557941854993), np.float64(24985.39697422448), np.float64(22367.41177136067), np.float64(11803.628430749068), np.float64(19755.76667172718), np.float64(14024.34742350067)]"
synthetic_transient,transient_scan_2,7.346938775510204,mq2,63.37208062680436,narcotic_voc,26.0,52.0,1013.25,3,room_1,"[np.float64(17387.282905154963), np.float64(22210.059910693402), np.float64(15870.683465093656), np.float64(11160.05083097767), np.float64(25477.557941854993), np.float64(24985.39697422448), np.float64(22367.41177136067), np.float64(11803.628430749068), np.float64(19755.76667172718), np.float64(14024.34742350067)]"
synthetic_transient,transient_scan_2,7.551020408163265,mq2,62.1509910587685,narcotic_voc,26.0,52.0,1013.25,3,room_1,"[np.float64(17387.282905154963), np.float64(22210.059910693402), np.float64(15870.683465093656), np.float64(11160.05083097767), np.float64(25477.557941854993), np.float64(24985.39697422448), np.float64(22367.41177136067), np.float64(11803.628430749068), np.float64(19755.76667172718), np.float64(14024.34742350067)]"
synthetic_transient,transient_scan_2,7.755102040816327,mq2,61.995967379024265,narcotic_voc,26.0,52.0,1013.25,3,room_1,"[np.float64(17387.282905154963), np.float64(22210.059910693402), np.float64(15870.683465093656), np.float64(11160.05083097767), np.float64(25477.557941854993), np.float64(24985.39697422448), np.float64(22367.41177136067), np.float64(11803.628430749068), np.float64(19755.76667172718), np.float64(14024.34742350067)]"
synthetic_transient,transient_scan_2,7.959183673469388,mq2,60.79023700507197,narcotic_voc,26.0,52.0,1013.25,3,room_1,"[np.float64(17387.282905154963), np.float64(22210.059910693402), np.float64(15870.683465093656), np.float64(11160.05083097767), np.float64(25477.557941854993), np.float64(24985.39697422448), np.float64(22367.41177136067), np.float64(11803.628430749068), np.float64(19755.76667172718), np.float64(14024.34742350067)]"
synthetic_transient,transient_scan_2,8.16326530612245,mq2,62.295285048999816,narcotic_voc,26.0,52.0,1013.25,3,room_1,"[np.float64(17387.282905154963), np.float64(22210.059910693402), np.float64(15870.683465093656), np.float64(11160.05083097767), np.float64(25477.557941854993), np.float64(24985.39697422448), np.float64(22367.41177136067), np.float64(11803.628430749068), np.float64(19755.76667172718), np.float64(14024.34742350067)]"
synthetic_transient,transient_scan_2,8.36734693877551,mq2,61.81425785105976,narcotic_voc,26.0,52.0,1013.25,3,room_1,"[np.float64(17387.282905154963), np.float64(22210.059910693402), np.float64(15870.683465093656), np.float64(11160.05083097767), np.float64(25477.557941854993), np.float64(24985.39697422448), np.float64(22367.41177136067), np.float64(11803.628430749068), np.float64(19755.76667172718), np.float64(14024.34742350067)]"
synthetic_transient,transient_scan_2,8.571428571428571,mq2,60.65564389212285,narcotic_voc,26.0,52.0,1013.25,3,room_1,"[np.float64(17387.282905154963), np.float64(22210.059910693402), np.float64(15870.683465093656), np.float64(11160.05083097767), np.float64(25477.557941854993), np.float64(24985.39697422448), np.float64(22367.41177136067), np.float64(11803.628430749068), np.float64(19755.76667172718), np.float64(14024.34742350067)]"
synthetic_transient,transient_scan_2,8.775510204081632,mq2,60.47207787767139,narcotic_voc,26.0,52.0,1013.25,3,room_1,"[np.float64(17387.282905154963), np.float64(22210.059910693402), np.float64(15870.683465093656), np.float64(11160.05083097767), np.float64(25477.557941854993), np.float64(24985.39697422448), np.float64(22367.41177136067), np.float64(11803.628430749068), np.float64(19755.76667172718), np.float64(14024.34742350067)]"
synthetic_transient,transient_scan_2,8.979591836734695,mq2,60.78396858528333,narcotic_voc,26.0,52.0,1013.25,3,room_1,"[np.float64(17387.282905154963), np.float64(22210.059910693402), np.float64(15870.683465093656), np.float64(11160.05083097767), np.float64(25477.557941854993), np.float64(24985.39697422448), np.float64(22367.41177136067), np.float64(11803.628430749068), np.float64(19755.76667172718), np.float64(14024.34742350067)]"
synthetic_transient,transient_scan_2,9.183673469387756,mq2,61.49873641645277,narcotic_voc,26.0,52.0,1013.25,3,room_1,"[np.float64(17387.282905154963), np.float64(22210.059910693402), np.float64(15870.683465093656), np.float64(11160.05083097767), np.float64(25477.557941854993), np.float64(24985.39697422448), np.float64(22367.41177136067), np.float64(11803.628430749068), np.float64(19755.76667172718), np.float64(14024.34742350067)]"
synthetic_transient,transient_scan_2,9.387755102040817,mq2,60.84483412875198,narcotic_voc,26.0,52.0,1013.25,3,room_1,"[np.float64(17387.282905154963), np.float64(22210.059910693402), np.float64(15870.683465093656), np.float64(11160.05083097767), np.float64(25477.557941854993), np.float64(24985.39697422448), np.float64(22367.41177136067), np.float64(11803.628430749068), np.float64(19755.76667172718), np.float64(14024.34742350067)]"
synthetic_transient,transient_scan_2,9.591836734693878,mq2,60.49609725080156,narcotic_voc,26.0,52.0,1013.25,3,room_1,"[np.float64(17387.282905154963), np.float64(22210.059910693402), np.float64(15870.683465093656), np.float64(11160.05083097767), np.float64(25477.557941854993), np.float64(24985.39697422448), np.float64(22367.41177136067), np.float64(11803.628430749068), np.float64(19755.76667172718), np.float64(14024.34742350067)]"
synthetic_transient,transient_scan_2,9.795918367346939,mq2,60.308272599495794,narcotic_voc,26.0,52.0,1013.25,3,room_1,"[np.float64(17387.282905154963), np.float64(22210.059910693402), np.float64(15870.683465093656), np.float64(11160.05083097767), np.float64(25477.557941854993), np.float64(24985.39697422448), np.float64(22367.41177136067), np.float64(11803.628430749068), np.float64(19755.76667172718), np.float64(14024.34742350067)]"
synthetic_transient,transient_scan_2,10.0,mq2,60.20716957663527,narcotic_voc,26.0,52.0,1013.25,3,room_1,"[np.float64(17387.282905154963), np.float64(22210.059910693402), np.float64(15870.683465093656), np.float64(11160.05083097767), np.float64(25477.557941854993), np.float64(24985.39697422448), np.float64(22367.41177136067), np.float64(11803.628430749068), np.float64(19755.76667172718), np.float64(14024.34742350067)]"
synthetic_transient,transient_scan_2,0.0,mq3,99.03316084944622,narcotic_voc,26.0,52.0,1013.25,3,room_1,"[np.float64(17387.282905154963), np.float64(22210.059910693402), np.float64(15870.683465093656), np.float64(11160.05083097767), np.float64(25477.557941854993), np.float64(24985.39697422448), np.float64(22367.41177136067), np.float64(11803.628430749068), np.float64(19755.76667172718), np.float64(14024.34742350067)]"
synthetic_transient,transient_scan_2,0.20408163265306123,mq3,99.39630208417681,narcotic_voc,26.0,52.0,1013.25,3,room_1,"[np.float64(17387.282905154963), np.float64(22210.059910693402), np.float64(15870.683465093656), np.float64(11160.05083097767), np.float64(25477.557941854993), np.float64(24985.39697422448), np.float64(22367.41177136067), np.float64(11803.628430749068), np.float64(19755.76667172718), np.float64(14024.34742350067)]"
synthetic_transient,transient_scan_2,0.40816326530612246,mq3,99.46471096016141,narcotic_voc,26.0,52.0,1013.25,3,room_1,"[np.float64(17387.282905154963), np.float64(22210.059910693402), np.float64(15870.683465093656), np.float64(11160.05083097767), np.float64(25477.557941854993), np.float64(24985.39697422448), np.float64(22367.41177136067), np.float64(11803.628430749068), np.float64(19755.76667172718), np.float64(14024.34742350067)]"
synthetic_transient,transient_scan_2,0.6122448979591837,mq3,100.34131161822857,narcotic_voc,26.0,52.0,1013.25,3,room_1,"[np.float64(17387.282905154963), np.float64(22210.059910693402), np.float64(15870.683465093656), np.float64(11160.05083097767), np.float64(25477.557941854993), np.float64(24985.39697422448), np.float64(22367.41177136067), np.float64(11803.628430749068), np.float64(19755.76667172718), np.float64(14024.34742350067)]"
synthetic_transient,transient_scan_2,0.8163265306122449,mq3,99.91713847342669,narcotic_voc,26.0,52.0,1013.25,3,room_1,"[np.float64(17387.282905154963), np.float64(22210.059910693402), np.float64(15870.683465093656), np.float64(11160.05083097767), np.float64(25477.557941854993), np.float64(24985.39697422448), np.float64(22367.41177136067), np.float64(11803.628430749068), np.float64(19755.76667172718), np.float64(14024.34742350067)]"
synthetic_transient,transient_scan_2,1.0204081632653061,mq3,99.58720757849127,narcotic_voc,26.0,52.0,1013.25,3,room_1,"[np.float64(17387.282905154963), np.float64(22210.059910693402), np.float64(15870.683465093656), np.float64(11160.05083097767), np.float64(25477.557941854993), np.float64(24985.39697422448), np.float64(22367.41177136067), np.float64(11803.628430749068), np.float64(19755.76667172718), np.float64(14024.34742350067)]"
synthetic_transient,transient_scan_2,1.2244897959183674,mq3,101.1548613777031,narcotic_voc,26.0,52.0,1013.25,3,room_1,"[np.float64(17387.282905154963), np.float64(22210.059910693402), np.float64(15870.683465093656), np.float64(11160.05083097767), np.float64(25477.557941854993), np.float64(24985.39697422448), np.float64(22367.41177136067), np.float64(11803.628430749068), np.float64(19755.76667172718), np.float64(14024.34742350067)]"
synthetic_transient,transient_scan_2,1.4285714285714286,mq3,99.66805154322667,narcotic_voc,26.0,52.0,1013.25,3,room_1,"[np.float64(17387.282905154963), np.float64(22210.059910693402), np.float64(15870.683465093656), np.float64(11160.05083097767), np.float64(25477.557941854993), np.float64(24985.39697422448), np.float64(22367.41177136067), np.float64(11803.628430749068), np.float64(19755.76667172718), np.float64(14024.34742350067)]"
synthetic_transient,transient_scan_2,1.6326530612244898,mq3,100.58355145719182,narcotic_voc,26.0,52.0,1013.25,3,room_1,"[np.float64(17387.282905154963), np.float64(22210.059910693402), np.float64(15870.683465093656), np.float64(11160.05083097767), np.float64(25477.557941854993), np.float64(24985.39697422448), np.float64(22367.41177136067), np.float64(11803.628430749068), np.float64(19755.76667172718), np.float64(14024.34742350067)]"
synthetic_transient,transient_scan_2,1.836734693877551,mq3,100.81055427889386,narcotic_voc,26.0,52.0,1013.25,3,room_1,"[np.float64(17387.282905154963), np.float64(22210.059910693402), np.float64(15870.683465093656), np.float64(11160.05083097767), np.float64(25477.557941854993), np.float64(24985.39697422448), np.float64(22367.41177136067), np.float64(11803.628430749068), np.float64(19755.76667172718), np.float64(14024.34742350067)]"
synthetic_transient,transient_scan_2,2.0408163265306123,mq3,98.40696678531951,narcotic_voc,26.0,52.0,1013.25,3,room_1,"[np.float64(17387.282905154963), np.float64(22210.059910693402), np.float64(15870.683465093656), np.float64(11160.05083097767), np.float64(25477.557941854993), np.float64(24985.39697422448), np.float64(22367.41177136067), np.float64(11803.628430749068), np.float64(19755.76667172718), np.float64(14024.34742350067)]"
synthetic_transient,transient_scan_2,2.2448979591836737,mq3,95.42702324809113,narcotic_voc,26.0,52.0,1013.25,3,room_1,"[np.float64(17387.282905154963), np.float64(22210.059910693402), np.float64(15870.683465093656), np.float64(11160.05083097767), np.float64(25477.557941854993), np.float64(24985.39697422448), np.float64(22367.41177136067), np.float64(11803.628430749068), np.float64(19755.76667172718), np.float64(14024.34742350067)]"
synthetic_transient,transient_scan_2,2.4489795918367347,mq3,91.69818233219696,narcotic_voc,26.0,52.0,1013.25,3,room_1,"[np.float64(17387.282905154963), np.float64(22210.059910693402), np.float64(15870.683465093656), np.float64(11160.05083097767), np.float64(25477.557941854993), np.float64(24985.39697422448), np.float64(22367.41177136067), np.float64(11803.628430749068), np.float64(19755.76667172718), np.float64(14024.34742350067)]"
synthetic_transient,transient_scan_2,2.6530612244897958,mq3,88.55742941591058,narcotic_voc,26.0,52.0,1013.25,3,room_1,"[np.float64(17387.282905154963), np.float64(22210.059910693402), np.float64(15870.683465093656), np.float64(11160.05083097767), np.float64(25477.557941854993), np.float64(24985.39697422448), np.float64(22367.41177136067), np.float64(11803.628430749068), np.float64(19755.76667172718), np.float64(14024.34742350067)]"
synthetic_transient,transient_scan_2,2.857142857142857,mq3,86.33525070964568,narcotic_voc,26.0,52.0,1013.25,3,room_1,"[np.float64(17387.282905154963), np.float64(22210.059910693402), np.float64(15870.683465093656), np.float64(11160.05083097767), np.float64(25477.557941854993), np.float64(24985.39697422448), np.float64(22367.41177136067), np.float64(11803.628430749068), np.float64(19755.76667172718), np.float64(14024.34742350067)]"
synthetic_transient,transient_scan_2,3.0612244897959187,mq3,83.21835313513685,narcotic_voc,26.0,52.0,1013.25,3,room_1,"[np.float64(17387.282905154963), np.float64(22210.059910693402), np.float64(15870.683465093656), np.float64(11160.05083097767), np.float64(25477.557941854993), np.float64(24985.39697422448), np.float64(22367.41177136067), np.float64(11803.628430749068), np.float64(19755.76667172718), np.float64(14024.34742350067)]"
synthetic_transient,transient_scan_2,3.2653061224489797,mq3,80.99924248006135,narcotic_voc,26.0,52.0,1013.25,3,room_1,"[np.float64(17387.282905154963), np.float64(22210.059910693402), np.float64(15870.683465093656), np.float64(11160.05083097767), np.float64(25477.557941854993), np.float64(24985.39697422448), np.float64(22367.41177136067), np.float64(11803.628430749068), np.float64(19755.76667172718), np.float64(14024.34742350067)]"
synthetic_transient,transient_scan_2,3.4693877551020407,mq3,79.10203330538913,narcotic_voc,26.0,52.0,1013.25,3,room_1,"[np.float64(17387.282905154963), np.float64(22210.059910693402), np.float64(15870.683465093656), np.float64(11160.05083097767), np.float64(25477.557941854993), np.float64(24985.39697422448), np.float64(22367.41177136067), np.float64(11803.628430749068), np.float64(19755.76667172718), np.float64(14024.34742350067)]"
synthetic_transient,transient_scan_2,3.673469387755102,mq3,77.13820014375584,narcotic_voc,26.0,52.0,1013.25,3,room_1,"[np.float64(17387.282905154963), np.float64(22210.059910693402), np.float64(15870.683465093656), np.float64(11160.05083097767), np.float64(25477.557941854993), np.float64(24985.39697422448), np.float64(22367.41177136067), np.float64(11803.628430749068), np.float64(19755.76667172718), np.float64(14024.34742350067)]"
synthetic_transient,transient_scan_2,3.8775510204081636,mq3,75.05747282150762,narcotic_voc,26.0,52.0,1013.25,3,room_1,"[np.float64(17387.282905154963), np.float64(22210.059910693402), np.float64(15870.683465093656), np.float64(11160.05083097767), np.float64(25477.557941854993), np.float64(24985.39697422448), np.float64(22367.41177136067), np.float64(11803.628430749068), np.float64(19755.76667172718), np.float64(14024.34742350067)]"
synthetic_transient,transient_scan_2,4.081632653061225,mq3,74.52460386288955,narcotic_voc,26.0,52.0,1013.25,3,room_1,"[np.float64(17387.282905154963), np.float64(22210.059910693402), np.float64(15870.683465093656), np.float64(11160.05083097767), np.float64(25477.557941854993), np.float64(24985.39697422448), np.float64(22367.41177136067), np.float64(11803.628430749068), np.float64(19755.76667172718), np.float64(14024.34742350067)]"
synthetic_transient,transient_scan_2,4.285714285714286,mq3,73.28052776221261,narcotic_voc,26.0,52.0,1013.25,3,room_1,"[np.float64(17387.282905154963), np.float64(22210.059910693402), np.float64(15870.683465093656), np.float64(11160.05083097767), np.float64(25477.557941854993), np.float64(24985.39697422448), np.float64(22367.41177136067), np.float64(11803.628430749068), np.float64(19755.76667172718), np.float64(14024.34742350067)]"
synthetic_transient,transient_scan_2,4.4897959183673475,mq3,71.69062094897593,narcotic_voc,26.0,52.0,1013.25,3,room_1,"[np.float64(17387.282905154963), np.float64(22210.059910693402), np.float64(15870.683465093656), np.float64(11160.05083097767), np.float64(25477.557941854993), np.float64(24985.39697422448), np.float64(22367.41177136067), np.float64(11803.628430749068), np.float64(19755.76667172718), np.float64(14024.34742350067)]"
synthetic_transient,transient_scan_2,4.6938775510204085,mq3,70.21312644263074,narcotic_voc,26.0,52.0,1013.25,3,room_1,"[np.float64(17387.282905154963), np.float64(22210.059910693402), np.float64(15870.683465093656), np.float64(11160.05083097767), np.float64(25477.557941854993), np.float64(24985.39697422448), np.float64(22367.41177136067), np.float64(11803.628430749068), np.float64(19755.76667172718), np.float64(14024.34742350067)]"
synthetic_transient,transient_scan_2,4.8979591836734695,mq3,69.03978533956781,narcotic_voc,26.0,52.0,1013.25,3,room_1,"[np.float64(17387.282905154963), np.float64(22210.059910693402), np.float64(15870.683465093656), np.float64(11160.05083097767), np.float64(25477.557941854993), np.float64(24985.39697422448), np.float64(22367.41177136067), np.float64(11803.628430749068), np.float64(19755.76667172718), np.float64(14024.34742350067)]"
synthetic_transient,transient_scan_2,5.1020408163265305,mq3,68.12945015748944,narcotic_voc,26.0,52.0,1013.25,3,room_1,"[np.float64(17387.282905154963), np.float64(22210.059910693402), np.float64(15870.683465093656), np.float64(11160.05083097767), np.float64(25477.557941854993), np.float64(24985.39697422448), np.float64(22367.41177136067), np.float64(11803.628430749068), np.float64(19755.76667172718), np.float64(14024.34742350067)]"
synthetic_transient,transient_scan_2,5.3061224489795915,mq3,68.83720416966457,narcotic_voc,26.0,52.0,1013.25,3,room_1,"[np.float64(17387.282905154963), np.float64(22210.059910693402), np.float64(15870.683465093656), np.float64(11160.05083097767), np.float64(25477.557941854993), np.float64(24985.39697422448), np.float64(22367.41177136067), np.float64(11803.628430749068), np.float64(19755.76667172718), np.float64(14024.34742350067)]"
synthetic_transient,transient_scan_2,5.510204081632653,mq3,67.384503134612,narcotic_voc,26.0,52.0,1013.25,3,room_1,"[np.float64(17387.282905154963), np.float64(22210.059910693402), np.float64(15870.683465093656), np.float64(11160.05083097767), np.float64(25477.557941854993), np.float64(24985.39697422448), np.float64(22367.41177136067), np.float64(11803.628430749068), np.float64(19755.76667172718), np.float64(14024.34742350067)]"
synthetic_transient,transient_scan_2,5.714285714285714,mq3,65.82466677334718,narcotic_voc,26.0,52.0,1013.25,3,room_1,"[np.float64(17387.282905154963), np.float64(22210.059910693402), np.float64(15870.683465093656), np.float64(11160.05083097767), np.float64(25477.557941854993), np.float64(24985.39697422448), np.float64(22367.41177136067), np.float64(11803.628430749068), np.float64(19755.76667172718), np.float64(14024.34742350067)]"
synthetic_transient,transient_scan_2,5.918367346938775,mq3,65.7212870870437,narcotic_voc,26.0,52.0,1013.25,3,room_1,"[np.float64(17387.282905154963), np.float64(22210.059910693402), np.float64(15870.683465093656), np.float64(11160.05083097767), np.float64(25477.557941854993), np.float64(24985.39697422448), np.float64(22367.41177136067), np.float64(11803.628430749068), np.float64(19755.76667172718), np.float64(14024.34742350067)]"
synthetic_transient,transient_scan_2,6.122448979591837,mq3,64.91065246028678,narcotic_voc,26.0,52.0,1013.25,3,room_1,"[np.float64(17387.282905154963), np.float64(22210.059910693402), np.float64(15870.683465093656), np.float64(11160.05083097767), np.float64(25477.557941854993), np.float64(24985.39697422448), np.float64(22367.41177136067), np.float64(11803.628430749068), np.float64(19755.76667172718), np.float64(14024.34742350067)]"
synthetic_transient,transient_scan_2,6.326530612244898,mq3,64.88986672234891,narcotic_voc,26.0,52.0,1013.25,3,room_1,"[np.float64(17387.282905154963), np.float64(22210.059910693402), np.float64(15870.683465093656), np.float64(11160.05083097767), np.float64(25477.557941854993), np.float64(24985.39697422448), np.float64(22367.41177136067), np.float64(11803.628430749068), np.float64(19755.76667172718), np.float64(14024.34742350067)]"
synthetic_transient,transient_scan_2,6.530612244897959,mq3,64.42367973942888,narcotic_voc,26.0,52.0,1013.25,3,room_1,"[np.float64(17387.282905154963), np.float64(22210.059910693402), np.float64(15870.683465093656), np.float64(11160.05083097767), np.float64(25477.557941854993), np.float64(24985.39697422448), np.float64(22367.41177136067), np.float64(11803.628430749068), np.float64(19755.76667172718), np.float64(14024.34742350067)]"
synthetic_transient,transient_scan_2,6.73469387755102,mq3,64.29096745304473,narcotic_voc,26.0,52.0,1013.25,3,room_1,"[np.float64(17387.282905154963), np.float64(22210.059910693402), np.float64(15870.683465093656), np.float64(11160.05083097767), np.float64(25477.557941854993), np.float64(24985.39697422448), np.float64(22367.41177136067), np.float64(11803.628430749068), np.float64(19755.76667172718), np.float64(14024.34742350067)]"
synthetic_transient,transient_scan_2,6.938775510204081,mq3,62.96018823091788,narcotic_voc,26.0,52.0,1013.25,3,room_1,"[np.float64(17387.282905154963), np.float64(22210.059910693402), np.float64(15870.683465093656), np.float64(11160.05083097767), np.float64(25477.557941854993), np.float64(24985.39697422448), np.float64(22367.41177136067), np.float64(11803.628430749068), np.float64(19755.76667172718), np.float64(14024.34742350067)]"
synthetic_transient,transient_scan_2,7.142857142857143,mq3,63.10941912894979,narcotic_voc,26.0,52.0,1013.25,3,room_1,"[np.float64(17387.282905154963), np.float64(22210.059910693402), np.float64(15870.683465093656), np.float64(11160.05083097767), np.float64(25477.557941854993), np.float64(24985.39697422448), np.float64(22367.41177136067), np.float64(11803.628430749068), np.float64(19755.76667172718), np.float64(14024.34742350067)]"
synthetic_transient,transient_scan_2,7.346938775510204,mq3,61.88622165902987,narcotic_voc,26.0,52.0,1013.25,3,room_1,"[np.float64(17387.282905154963), np.float64(22210.059910693402), np.float64(15870.683465093656), np.float64(11160.05083097767), np.float64(25477.557941854993), np.float64(24985.39697422448), np.float64(22367.41177136067), np.float64(11803.628430749068), np.float64(19755.76667172718), np.float64(14024.34742350067)]"
synthetic_transient,transient_scan_2,7.551020408163265,mq3,61.864036803619136,narcotic_voc,26.0,52.0,1013.25,3,room_1,"[np.float64(17387.282905154963), np.float64(22210.059910693402), np.float64(15870.683465093656), np.float64(11160.05083097767), np.float64(25477.557941854993), np.float64(24985.39697422448), np.float64(22367.41177136067), np.float64(11803.628430749068), np.float64(19755.76667172718), np.float64(14024.34742350067)]"
synthetic_transient,transient_scan_2,7.755102040816327,mq3,62.69294658605384,narcotic_voc,26.0,52.0,1013.25,3,room_1,"[np.float64(17387.282905154963), np.float64(22210.059910693402), np.float64(15870.683465093656), np.float64(11160.05083097767), np.float64(25477.557941854993), np.float64(24985.39697422448), np.float64(22367.41177136067), np.float64(11803.628430749068), np.float64(19755.76667172718), np.float64(14024.34742350067)]"
synthetic_transient,transient_scan_2,7.959183673469388,mq3,61.557200898912214,narcotic_voc,26.0,52.0,1013.25,3,room_1,"[np.float64(17387.282905154963), np.float64(22210.059910693402), np.float64(15870.683465093656), np.float64(11160.05083097767), np.float64(25477.557941854993), np.float64(24985.39697422448), np.float64(22367.41177136067), np.float64(11803.628430749068), np.float64(19755.76667172718), np.float64(14024.34742350067)]"
synthetic_transient,transient_scan_2,8.16326530612245,mq3,61.414916894902056,narcotic_voc,26.0,52.0,1013.25,3,room_1,"[np.float64(17387.282905154963), np.float64(22210.059910693402), np.float64(15870.683465093656), np.float64(11160.05083097767), np.float64(25477.557941854993), np.float64(24985.39697422448), np.float64(22367.41177136067), np.float64(11803.628430749068), np.float64(19755.76667172718), np.float64(14024.34742350067)]"
synthetic_transient,transient_scan_2,8.36734693877551,mq3,61.65318783204967,narcotic_voc,26.0,52.0,1013.25,3,room_1,"[np.float64(17387.282905154963), np.float64(22210.059910693402), np.float64(15870.683465093656), np.float64(11160.05083097767), np.float64(25477.557941854993), np.float64(24985.39697422448), np.float64(22367.41177136067), np.float64(11803.628430749068), np.float64(19755.76667172718), np.float64(14024.34742350067)]"
synthetic_transient,transient_scan_2,8.571428571428571,mq3,61.84393457011274,narcotic_voc,26.0,52.0,1013.25,3,room_1,"[np.float64(17387.282905154963), np.float64(22210.059910693402), np.float64(15870.683465093656), np.float64(11160.05083097767), np.float64(25477.557941854993), np.float64(24985.39697422448), np.float64(22367.41177136067), np.float64(11803.628430749068), np.float64(19755.76667172718), np.float64(14024.34742350067)]"
synthetic_transient,transient_scan_2,8.775510204081632,mq3,60.82096397975141,narcotic_voc,26.0,52.0,1013.25,3,room_1,"[np.float64(17387.282905154963), np.float64(22210.059910693402), np.float64(15870.683465093656), np.float64(11160.05083097767), np.float64(25477.557941854993), np.float64(24985.39697422448), np.float64(22367.41177136067), np.float64(11803.628430749068), np.float64(19755.76667172718), np.float64(14024.34742350067)]"
synthetic_transient,transient_scan_2,8.979591836734695,mq3,59.47987948458879,narcotic_voc,26.0,52.0,1013.25,3,room_1,"[np.float64(17387.282905154963), np.float64(22210.059910693402), np.float64(15870.683465093656), np.float64(11160.05083097767), np.float64(25477.557941854993), np.float64(24985.39697422448), np.float64(22367.41177136067), np.float64(11803.628430749068), np.float64(19755.76667172718), np.float64(14024.34742350067)]"
synthetic_transient,transient_scan_2,9.183673469387756,mq3,60.66679582439084,narcotic_voc,26.0,52.0,1013.25,3,room_1,"[np.float64(17387.282905154963), np.float64(22210.059910693402), np.float64(15870.683465093656), np.float64(11160.05083097767), np.float64(25477.557941854993), np.float64(24985.39697422448), np.float64(22367.41177136067), np.float64(11803.628430749068), np.float64(19755.76667172718), np.float64(14024.34742350067)]"
synthetic_transient,transient_scan_2,9.387755102040817,mq3,61.59782841177271,narcotic_voc,26.0,52.0,1013.25,3,room_1,"[np.float64(17387.282905154963), np.float64(22210.059910693402), np.float64(15870.683465093656), np.float64(11160.05083097767), np.float64(25477.557941854993), np.float64(24985.39697422448), np.float64(22367.41177136067), np.float64(11803.628430749068), np.float64(19755.76667172718), np.float64(14024.34742350067)]"
synthetic_transient,transient_scan_2,9.591836734693878,mq3,61.07005823464016,narcotic_voc,26.0,52.0,1013.25,3,room_1,"[np.float64(17387.282905154963), np.float64(22210.059910693402), np.float64(15870.683465093656), np.float64(11160.05083097767), np.float64(25477.557941854993), np.float64(24985.39697422448), np.float64(22367.41177136067), np.float64(11803.628430749068), np.float64(19755.76667172718), np.float64(14024.34742350067)]"
synthetic_transient,transient_scan_2,9.795918367346939,mq3,61.47326794793115,narcotic_voc,26.0,52.0,1013.25,3,room_1,"[np.float64(17387.282905154963), np.float64(22210.059910693402), np.float64(15870.683465093656), np.float64(11160.05083097767), np.float64(25477.557941854993), np.float64(24985.39697422448), np.float64(22367.41177136067), np.float64(11803.628430749068), np.float64(19755.76667172718), np.float64(14024.34742350067)]"
synthetic_transient,transient_scan_2,10.0,mq3,60.16671748448302,narcotic_voc,26.0,52.0,1013.25,3,room_1,"[np.float64(17387.282905154963), np.float64(22210.059910693402), np.float64(15870.683465093656), np.float64(11160.05083097767), np.float64(25477.557941854993), np.float64(24985.39697422448), np.float64(22367.41177136067), np.float64(11803.628430749068), np.float64(19755.76667172718), np.float64(14024.34742350067)]"
synthetic_transient,transient_scan_2,0.0,mq135,99.18030186616797,narcotic_voc,26.0,52.0,1013.25,3,room_1,"[np.float64(17387.282905154963), np.float64(22210.059910693402), np.float64(15870.683465093656), np.float64(11160.05083097767), np.float64(25477.557941854993), np.float64(24985.39697422448), np.float64(22367.41177136067), np.float64(11803.628430749068), np.float64(19755.76667172718), np.float64(14024.34742350067)]"
synthetic_transient,transient_scan_2,0.20408163265306123,mq135,100.23127427632377,narcotic_voc,26.0,52.0,1013.25,3,room_1,"[np.float64(17387.282905154963), np.float64(22210.059910693402), np.float64(15870.683465093656), np.float64(11160.05083097767), np.float64(25477.557941854993), np.float64(24985.39697422448), np.float64(22367.41177136067), np.float64(11803.628430749068), np.float64(19755.76667172718), np.float64(14024.34742350067)]"
synthetic_transient,transient_scan_2,0.40816326530612246,mq135,100.12001136884253,narcotic_voc,26.0,52.0,1013.25,3,room_1,"[np.float64(17387.282905154963), np.float64(22210.059910693402), np.float64(15870.683465093656), np.float64(11160.05083097767), np.float64(25477.557941854993), np.float64(24985.39697422448), np.float64(22367.41177136067), np.float64(11803.628430749068), np.float64(19755.76667172718), np.float64(14024.34742350067)]"
synthetic_transient,transient_scan_2,0.6122448979591837,mq135,100.15277716018863,narcotic_voc,26.0,52.0,1013.25,3,room_1,"[np.float64(17387.282905154963), np.float64(22210.059910693402), np.float64(15870.683465093656), np.float64(11160.05083097767), np.float64(25477.557941854993), np.float64(24985.39697422448), np.float64(22367.41177136067), np.float64(11803.628430749068), np.float64(19755.76667172718), np.float64(14024.34742350067)]"
synthetic_transient,transient_scan_2,0.8163265306122449,mq135,100.46649832132529,narcotic_voc,26.0,52.0,1013.25,3,room_1,"[np.float64(17387.282905154963), np.float64(22210.059910693402), np.float64(15870.683465093656), np.float64(11160.05083097767), np.float64(25477.557941854993), np.float64(24985.39697422448), np.float64(22367.41177136067), np.float64(11803.628430749068), np.float64(19755.76667172718), np.float64(14024.34742350067)]"
synthetic_transient,transient_scan_2,1.0204081632653061,mq135,100.21084246195613,narcotic_voc,26.0,52.0,1013.25,3,room_1,"[np.float64(17387.282905154963), np.float64(22210.059910693402), np.float64(15870.683465093656), np.float64(11160.05083097767), np.float64(25477.557941854993), np.float64(24985.39697422448), np.float64(22367.41177136067), np.float64(11803.628430749068), np.float64(19755.76667172718), np.float64(14024.34742350067)]"
synthetic_transient,transient_scan_2,1.2244897959183674,mq135,100.2028087965702,narcotic_voc,26.0,52.0,1013.25,3,room_1,"[np.float64(17387.282905154963), np.float64(22210.059910693402), np.float64(15870.683465093656), np.float64(11160.05083097767), np.float64(25477.557941854993), np.float64(24985.39697422448), np.float64(22367.41177136067), np.float64(11803.628430749068), np.float64(19755.76667172718), np.float64(14024.34742350067)]"
synthetic_transient,transient_scan_2,1.4285714285714286,mq135,100.35750350690057,narcotic_voc,26.0,52.0,1013.25,3,room_1,"[np.float64(17387.282905154963), np.float64(22210.059910693402), np.float64(15870.683465093656), np.float64(11160.05083097767), np.float64(25477.557941854993), np.float64(24985.39697422448), np.float64(22367.41177136067), np.float64(11803.628430749068), np.float64(19755.76667172718), np.float64(14024.34742350067)]"
synthetic_transient,transient_scan_2,1.6326530612244898,mq135,100.25120831609351,narcotic_voc,26.0,52.0,1013.25,3,room_1,"[np.float64(17387.282905154963), np.float64(22210.059910693402), np.float64(15870.683465093656), np.float64(11160.05083097767), np.float64(25477.557941854993), np.float64(24985.39697422448), np.float64(22367.41177136067), np.float64(11803.628430749068), np.float64(19755.76667172718), np.float64(14024.34742350067)]"
synthetic_transient,transient_scan_2,1.836734693877551,mq135,100.4287229658587,narcotic_voc,26.0,52.0,1013.25,3,room_1,"[np.float64(17387.282905154963), np.float64(22210.059910693402), np.float64(15870.683465093656), np.float64(11160.05083097767), np.float64(25477.557941854993), np.float64(24985.39697422448), np.float64(22367.41177136067), np.float64(11803.628430749068), np.float64(19755.76667172718), np.float64(14024.34742350067)]"
synthetic_transient,transient_scan_2,2.0408163265306123,mq135,99.69620736653746,narcotic_voc,26.0,52.0,1013.25,3,room_1,"[np.float64(17387.282905154963), np.float64(22210.059910693402), np.float64(15870.683465093656), np.float64(11160.05083097767), np.float64(25477.557941854993), np.float64(24985.39697422448), np.float64(22367.41177136067), np.float64(11803.628430749068), np.float64(19755.76667172718), np.float64(14024.34742350067)]"
synthetic_transient,transient_scan_2,2.2448979591836737,mq135,96.1558861666748,narcotic_voc,26.0,52.0,1013.25,3,room_1,"[np.float64(17387.282905154963), np.float64(22210.059910693402), np.float64(15870.683465093656), np.float64(11160.05083097767), np.float64(25477.557941854993), np.float64(24985.39697422448), np.float64(22367.41177136067), np.float64(11803.628430749068), np.float64(19755.76667172718), np.float64(14024.34742350067)]"
synthetic_transient,transient_scan_2,2.4489795918367347,mq135,91.63235349519924,narcotic_voc,26.0,52.0,1013.25,3,room_1,"[np.float64(17387.282905154963), np.float64(22210.059910693402), np.float64(15870.683465093656), np.float64(11160.05083097767), np.float64(25477.557941854993), np.float64(24985.39697422448), np.float64(22367.41177136067), np.float64(11803.628430749068), np.float64(19755.76667172718), np.float64(14024.34742350067)]"
synthetic_transient,transient_scan_2,2.6530612244897958,mq135,89.09717266789562,narcotic_voc,26.0,52.0,1013.25,3,room_1,"[np.float64(17387.282905154963), np.float64(22210.059910693402), np.float64(15870.683465093656), np.float64(11160.05083097767), np.float64(25477.557941854993), np.float64(24985.39697422448), np.float64(22367.41177136067), np.float64(11803.628430749068), np.float64(19755.76667172718), np.float64(14024.34742350067)]"
synthetic_transient,transient_scan_2,2.857142857142857,mq135,85.87240061694358,narcotic_voc,26.0,52.0,1013.25,3,room_1,"[np.float64(17387.282905154963), np.float64(22210.059910693402), np.float64(15870.683465093656), np.float64(11160.05083097767), np.float64(25477.557941854993), np.float64(24985.39697422448), np.float64(22367.41177136067), np.float64(11803.628430749068), np.float64(19755.76667172718), np.float64(14024.34742350067)]"
synthetic_transient,transient_scan_2,3.0612244897959187,mq135,83.11300888970885,narcotic_voc,26.0,52.0,1013.25,3,room_1,"[np.float64(17387.282905154963), np.float64(22210.059910693402), np.float64(15870.683465093656), np.float64(11160.05083097767), np.float64(25477.557941854993), np.float64(24985.39697422448), np.float64(22367.41177136067), np.float64(11803.628430749068), np.float64(19755.76667172718), np.float64(14024.34742350067)]"
synthetic_transient,transient_scan_2,3.2653061224489797,mq135,80.90245684268442,narcotic_voc,26.0,52.0,1013.25,3,room_1,"[np.float64(17387.282905154963), np.float64(22210.059910693402), np.float64(15870.683465093656), np.float64(11160.05083097767), np.float64(25477.557941854993), np.float64(24985.39697422448), np.float64(22367.41177136067), np.float64(11803.628430749068), np.float64(19755.76667172718), np.float64(14024.34742350067)]"
synthetic_transient,transient_scan_2,3.4693877551020407,mq135,79.43356851198253,narcotic_voc,26.0,52.0,1013.25,3,room_1,"[np.float64(17387.282905154963), np.float64(22210.059910693402), np.float64(15870.683465093656), np.float64(11160.05083097767), np.float64(25477.557941854993), np.float64(24985.39697422448), np.float64(22367.41177136067), np.float64(11803.628430749068), np.float64(19755.76667172718), np.float64(14024.34742350067)]"
synthetic_transient,transient_scan_2,3.673469387755102,mq135,77.53402605533712,narcotic_voc,26.0,52.0,1013.25,3,room_1,"[np.float64(17387.282905154963), np.float64(22210.059910693402), np.float64(15870.683465093656), np.float64(11160.05083097767), np.float64(25477.557941854993), np.float64(24985.39697422448), np.float64(22367.41177136067), np.float64(11803.628430749068), np.float64(19755.76667172718), np.float64(14024.34742350067)]"
synthetic_transient,transient_scan_2,3.8775510204081636,mq135,75.84446393963289,narcotic_voc,26.0,52.0,1013.25,3,room_1,"[np.float64(17387.282905154963), np.float64(22210.059910693402), np.float64(15870.683465093656), np.float64(11160.05083097767), np.float64(25477.557941854993), np.float64(24985.39697422448), np.float64(22367.41177136067), np.float64(11803.628430749068), np.float64(19755.76667172718), np.float64(14024.34742350067)]"
synthetic_transient,transient_scan_2,4.081632653061225,mq135,74.01379378668115,narcotic_voc,26.0,52.0,1013.25,3,room_1,"[np.float64(17387.282905154963), np.float64(22210.059910693402), np.float64(15870.683465093656), np.float64(11160.05083097767), np.float64(25477.557941854993), np.float64(24985.39697422448), np.float64(22367.41177136067), np.float64(11803.628430749068), np.float64(19755.76667172718), np.float64(14024.34742350067)]"
synthetic_transient,transient_scan_2,4.285714285714286,mq135,72.75796966854801,narcotic_voc,26.0,52.0,1013.25,3,room_1,"[np.float64(17387.282905154963), np.float64(22210.059910693402), np.float64(15870.683465093656), np.float64(11160.05083097767), np.float64(25477.557941854993), np.float64(24985.39697422448), np.float64(22367.41177136067), np.float64(11803.628430749068), np.float64(19755.76667172718), np.float64(14024.34742350067)]"
synthetic_transient,transient_scan_2,4.4897959183673475,mq135,71.92768800214634,narcotic_voc,26.0,52.0,1013.25,3,room_1,"[np.float64(17387.282905154963), np.float64(22210.059910693402), np.float64(15870.683465093656), np.float64(11160.05083097767), np.float64(25477.557941854993), np.float64(24985.39697422448), np.float64(22367.41177136067), np.float64(11803.628430749068), np.float64(19755.76667172718), np.float64(14024.34742350067)]"
synthetic_transient,transient_scan_2,4.6938775510204085,mq135,69.65670623831723,narcotic_voc,26.0,52.0,1013.25,3,room_1,"[np.float64(17387.282905154963), np.float64(22210.059910693402), np.float64(15870.683465093656), np.float64(11160.05083097767), np.float64(25477.557941854993), np.float64(24985.39697422448), np.float64(22367.41177136067), np.float64(11803.628430749068), np.float64(19755.76667172718), np.float64(14024.34742350067)]"
synthetic_transient,transient_scan_2,4.8979591836734695,mq135,69.404711756947,narcotic_voc,26.0,52.0,1013.25,3,room_1,"[np.float64(17387.282905154963), np.float64(22210.059910693402), np.float64(15870.683465093656), np.float64(11160.05083097767), np.float64(25477.557941854993), np.float64(24985.39697422448), np.float64(22367.41177136067), np.float64(11803.628430749068), np.float64(19755.76667172718), np.float64(14024.34742350067)]"
synthetic_transient,transient_scan_2,5.1020408163265305,mq135,68.52623826301605,narcotic_voc,26.0,52.0,1013.25,3,room_1,"[np.float64(17387.282905154963), np.float64(22210.059910693402), np.float64(15870.683465093656), np.float64(11160.05083097767), np.float64(25477.557941854993), np.float64(24985.39697422448), np.float64(22367.41177136067), np.float64(11803.628430749068), np.float64(19755.76667172718), np.float64(14024.34742350067)]"
synthetic_transient,transient_scan_2,5.3061224489795915,mq135,68.03516812168705,narcotic_voc,26.0,52.0,1013.25,3,room_1,"[np.float64(17387.282905154963), np.float64(22210.059910693402), np.float64(15870.683465093656), np.float64(11160.05083097767), np.float64(25477.557941854993), np.float64(24985.39697422448), np.float64(22367.41177136067), np.float64(11803.628430749068), np.float64(19755.76667172718), np.float64(14024.34742350067)]"
synthetic_transient,transient_scan_2,5.510204081632653,mq135,66.24045977785727,narcotic_voc,26.0,52.0,1013.25,3,room_1,"[np.float64(17387.282905154963), np.float64(22210.059910693402), np.float64(15870.683465093656), np.float64(11160.05083097767), np.float64(25477.557941854993), np.float64(24985.39697422448), np.float64(22367.41177136067), np.float64(11803.628430749068), np.float64(19755.76667172718), np.float64(14024.34742350067)]"
synthetic_transient,transient_scan_2,5.714285714285714,mq135,66.99228868539755,narcotic_voc,26.0,52.0,1013.25,3,room_1,"[np.float64(17387.282905154963), np.float64(22210.059910693402), np.float64(15870.683465093656), np.float64(11160.05083097767), np.float64(25477.557941854993), np.float64(24985.39697422448), np.float64(22367.41177136067), np.float64(11803.628430749068), np.float64(19755.76667172718), np.float64(14024.34742350067)]"
synthetic_transient,transient_scan_2,5.918367346938775,mq135,65.74575338553939,narcotic_voc,26.0,52.0,1013.25,3,room_1,"[np.float64(17387.282905154963), np.float64(22210.059910693402), np.float64(15870.683465093656), np.float64(11160.05083097767), np.float64(25477.557941854993), np.float64(24985.39697422448), np.float64(22367.41177136067), np.float64(11803.628430749068), np.float64(19755.76667172718), np.float64(14024.34742350067)]"
synthetic_transient,transient_scan_2,6.122448979591837,mq135,65.22521024618393,narcotic_voc,26.0,52.0,1013.25,3,room_1,"[np.float64(17387.282905154963), np.float64(22210.059910693402), np.float64(15870.683465093656), np.float64(11160.05083097767), np.float64(25477.557941854993), np.float64(24985.39697422448), np.float64(22367.41177136067), np.float64(11803.628430749068), np.float64(19755.76667172718), np.float64(14024.34742350067)]"
synthetic_transient,transient_scan_2,6.326530612244898,mq135,64.39727665560466,narcotic_voc,26.0,52.0,1013.25,3,room_1,"[np.float64(17387.282905154963), np.float64(22210.059910693402), np.float64(15870.683465093656), np.float64(11160.05083097767), np.float64(25477.557941854993), np.float64(24985.39697422448), np.float64(22367.41177136067), np.float64(11803.628430749068), np.float64(19755.76667172718), np.float64(14024.34742350067)]"
synthetic_transient,transient_scan_2,6.530612244897959,mq135,64.42094136543263,narcotic_voc,26.0,52.0,1013.25,3,room_1,"[np.float64(17387.282905154963), np.float64(22210.059910693402), np.float64(15870.683465093656), np.float64(11160.05083097767), np.float64(25477.557941854993), np.float64(24985.39697422448), np.float64(22367.41177136067), np.float64(11803.628430749068), np.float64(19755.76667172718), np.float64(14024.34742350067)]"
synthetic_transient,transient_scan_2,6.73469387755102,mq135,63.77313965123355,narcotic_voc,26.0,52.0,1013.25,3,room_1,"[np.float64(17387.282905154963), np.float64(22210.059910693402), np.float64(15870.683465093656), np.float64(11160.05083097767), np.float64(25477.557941854993), np.float64(24985.39697422448), np.float64(22367.41177136067), np.float64(11803.628430749068), np.float64(19755.76667172718), np.float64(14024.34742350067)]"
synthetic_transient,transient_scan_2,6.938775510204081,mq135,63.98995743230221,narcotic_voc,26.0,52.0,1013.25,3,room_1,"[np.float64(17387.282905154963), np.float64(22210.059910693402), np.float64(15870.683465093656), np.float64(11160.05083097767), np.float64(25477.557941854993), np.float64(24985.39697422448), np.float64(22367.41177136067), np.float64(11803.628430749068), np.float64(19755.76667172718), np.float64(14024.34742350067)]"
synthetic_transient,transient_scan_2,7.142857142857143,mq135,62.33630435559891,narcotic_voc,26.0,52.0,1013.25,3,room_1,"[np.float64(17387.282905154963), np.float64(22210.059910693402), np.float64(15870.683465093656), np.float64(11160.05083097767), np.float64(25477.557941854993), np.float64(24985.39697422448), np.float64(22367.41177136067), np.float64(11803.628430749068), np.float64(19755.76667172718), np.float64(14024.34742350067)]"
synthetic_transient,transient_scan_2,7.346938775510204,mq135,62.84826806645389,narcotic_voc,26.0,52.0,1013.25,3,room_1,"[np.float64(17387.282905154963), np.float64(22210.059910693402), np.float64(15870.683465093656), np.float64(11160.05083097767), np.float64(25477.557941854993), np.float64(24985.39697422448), np.float64(22367.41177136067), np.float64(11803.628430749068), np.float64(19755.76667172718), np.float64(14024.34742350067)]"
synthetic_transient,transient_scan_2,7.551020408163265,mq135,62.696963128022276,narcotic_voc,26.0,52.0,1013.25,3,room_1,"[np.float64(17387.282905154963), np.float64(22210.059910693402), np.float64(15870.683465093656), np.float64(11160.05083097767), np.float64(25477.557941854993), np.float64(24985.39697422448), np.float64(22367.41177136067), np.float64(11803.628430749068), np.float64(19755.76667172718), np.float64(14024.34742350067)]"
synthetic_transient,transient_scan_2,7.755102040816327,mq135,62.157709970592705,narcotic_voc,26.0,52.0,1013.25,3,room_1,"[np.float64(17387.282905154963), np.float64(22210.059910693402), np.float64(15870.683465093656), np.float64(11160.05083097767), np.float64(25477.557941854993), np.float64(24985.39697422448), np.float64(22367.41177136067), np.float64(11803.628430749068), np.float64(19755.76667172718), np.float64(14024.34742350067)]"
synthetic_transient,transient_scan_2,7.959183673469388,mq135,61.830209882961356,narcotic_voc,26.0,52.0,1013.25,3,room_1,"[np.float64(17387.282905154963), np.float64(22210.059910693402), np.float64(15870.683465093656), np.float64(11160.05083097767), np.float64(25477.557941854993), np.float64(24985.39697422448), np.float64(22367.41177136067), np.float64(11803.628430749068), np.float64(19755.76667172718), np.float64(14024.34742350067)]"
synthetic_transient,transient_scan_2,8.16326530612245,mq135,61.65389265444163,narcotic_voc,26.0,52.0,1013.25,3,room_1,"[np.float64(17387.282905154963), np.float64(22210.059910693402), np.float64(15870.683465093656), np.float64(11160.05083097767), np.float64(25477.557941854993), np.float64(24985.39697422448), np.float64(22367.41177136067), np.float64(11803.628430749068), np.float64(19755.76667172718), np.float64(14024.34742350067)]"
synthetic_transient,transient_scan_2,8.36734693877551,mq135,61.74464650400861,narcotic_voc,26.0,52.0,1013.25,3,room_1,"[np.float64(17387.282905154963), np.float64(22210.059910693402), np.float64(15870.683465093656), np.float64(11160.05083097767), np.float64(25477.557941854993), np.float64(24985.39697422448), np.float64(22367.41177136067), np.float64(11803.628430749068), np.float64(19755.76667172718), np.float64(14024.34742350067)]"
synthetic_transient,transient_scan_2,8.571428571428571,mq135,60.59157460419912,narcotic_voc,26.0,52.0,1013.25,3,room_1,"[np.float64(17387.282905154963), np.float64(22210.059910693402), np.float64(15870.683465093656), np.float64(11160.05083097767), np.float64(25477.557941854993), np.float64(24985.39697422448), np.float64(22367.41177136067), np.float64(11803.628430749068), np.float64(19755.76667172718), np.float64(14024.34742350067)]"
synthetic_transient,transient_scan_2,8.775510204081632,mq135,61.83388485820008,narcotic_voc,26.0,52.0,1013.25,3,room_1,"[np.float64(17387.282905154963), np.float64(22210.059910693402), np.float64(15870.683465093656), np.float64(11160.05083097767), np.float64(25477.557941854993), np.float64(24985.39697422448), np.float64(22367.41177136067), np.float64(11803.628430749068), np.float64(19755.76667172718), np.float64(14024.34742350067)]"
synthetic_transient,transient_scan_2,8.979591836734695,mq135,60.980217965120914,narcotic_voc,26.0,52.0,1013.25,3,room_1,"[np.float64(17387.282905154963), np.float64(22210.059910693402), np.float64(15870.683465093656), np.float64(11160.05083097767), np.float64(25477.557941854993), np.float64(24985.39697422448), np.float64(22367.41177136067), np.float64(11803.628430749068), np.float64(19755.76667172718), np.float64(14024.34742350067)]"
synthetic_transient,transient_scan_2,9.183673469387756,mq135,61.16580879414599,narcotic_voc,26.0,52.0,1013.25,3,room_1,"[np.float64(17387.282905154963), np.float64(22210.059910693402), np.float64(15870.683465093656), np.float64(11160.05083097767), np.float64(25477.557941854993), np.float64(24985.39697422448), np.float64(22367.41177136067), np.float64(11803.628430749068), np.float64(19755.76667172718), np.float64(14024.34742350067)]"
synthetic_transient,transient_scan_2,9.387755102040817,mq135,61.178565506190324,narcotic_voc,26.0,52.0,1013.25,3,room_1,"[np.float64(17387.282905154963), np.float64(22210.059910693402), np.float64(15870.683465093656), np.float64(11160.05083097767), np.float64(25477.557941854993), np.float64(24985.39697422448), np.float64(22367.41177136067), np.float64(11803.628430749068), np.float64(19755.76667172718), np.float64(14024.34742350067)]"
synthetic_transient,transient_scan_2,9.591836734693878,mq135,60.63558801547524,narcotic_voc,26.0,52.0,1013.25,3,room_1,"[np.float64(17387.282905154963), np.float64(22210.059910693402), np.float64(15870.683465093656), np.float64(11160.05083097767), np.float64(25477.557941854993), np.float64(24985.39697422448), np.float64(22367.41177136067), np.float64(11803.628430749068), np.float64(19755.76667172718), np.float64(14024.34742350067)]"
synthetic_transient,transient_scan_2,9.795918367346939,mq135,60.74581134253804,narcotic_voc,26.0,52.0,1013.25,3,room_1,"[np.float64(17387.282905154963), np.float64(22210.059910693402), np.float64(15870.683465093656), np.float64(11160.05083097767), np.float64(25477.557941854993), np.float64(24985.39697422448), np.float64(22367.41177136067), np.float64(11803.628430749068), np.float64(19755.76667172718), np.float64(14024.34742350067)]"
synthetic_transient,transient_scan_2,10.0,mq135,59.71500543523662,narcotic_voc,26.0,52.0,1013.25,3,room_1,"[np.float64(17387.282905154963), np.float64(22210.059910693402), np.float64(15870.683465093656), np.float64(11160.05083097767), np.float64(25477.557941854993), np.float64(24985.39697422448), np.float64(22367.41177136067), np.float64(11803.628430749068), np.float64(19755.76667172718), np.float64(14024.34742350067)]"
synthetic_transient,transient_scan_2,0.0,mq137,100.36606180366654,narcotic_voc,26.0,52.0,1013.25,3,room_1,"[np.float64(17387.282905154963), np.float64(22210.059910693402), np.float64(15870.683465093656), np.float64(11160.05083097767), np.float64(25477.557941854993), np.float64(24985.39697422448), np.float64(22367.41177136067), np.float64(11803.628430749068), np.float64(19755.76667172718), np.float64(14024.34742350067)]"
synthetic_transient,transient_scan_2,0.20408163265306123,mq137,100.54003450016108,narcotic_voc,26.0,52.0,1013.25,3,room_1,"[np.float64(17387.282905154963), np.float64(22210.059910693402), np.float64(15870.683465093656), np.float64(11160.05083097767), np.float64(25477.557941854993), np.float64(24985.39697422448), np.float64(22367.41177136067), np.float64(11803.628430749068), np.float64(19755.76667172718), np.float64(14024.34742350067)]"
synthetic_transient,transient_scan_2,0.40816326530612246,mq137,99.14950322403062,narcotic_voc,26.0,52.0,1013.25,3,room_1,"[np.float64(17387.282905154963), np.float64(22210.059910693402), np.float64(15870.683465093656), np.float64(11160.05083097767), np.float64(25477.557941854993), np.float64(24985.39697422448), np.float64(22367.41177136067), np.float64(11803.628430749068), np.float64(19755.76667172718), np.float64(14024.34742350067)]"
synthetic_transient,transient_scan_2,0.6122448979591837,mq137,99.79675356165187,narcotic_voc,26.0,52.0,1013.25,3,room_1,"[np.float64(17387.282905154963), np.float64(22210.059910693402), np.float64(15870.683465093656), np.float64(11160.05083097767), np.float64(25477.557941854993), np.float64(24985.39697422448), np.float64(22367.41177136067), np.float64(11803.628430749068), np.float64(19755.76667172718), np.float64(14024.34742350067)]"
synthetic_transient,transient_scan_2,0.8163265306122449,mq137,99.3850653108796,narcotic_voc,26.0,52.0,1013.25,3,room_1,"[np.float64(17387.282905154963), np.float64(22210.059910693402), np.float64(15870.683465093656), np.float64(11160.05083097767), np.float64(25477.557941854993), np.float64(24985.39697422448), np.float64(22367.41177136067), np.float64(11803.628430749068), np.float64(19755.76667172718), np.float64(14024.34742350067)]"
synthetic_transient,transient_scan_2,1.0204081632653061,mq137,99.91112983925629,narcotic_voc,26.0,52.0,1013.25,3,room_1,"[np.float64(17387.282905154963), np.float64(22210.059910693402), np.float64(15870.683465093656), np.float64(11160.05083097767), np.float64(25477.557941854993), np.float64(24985.39697422448), np.float64(22367.41177136067), np.float64(11803.628430749068), np.float64(19755.76667172718), np.float64(14024.34742350067)]"
synthetic_transient,transient_scan_2,1.2244897959183674,mq137,100.32431816736047,narcotic_voc,26.0,52.0,1013.25,3,room_1,"[np.float64(17387.282905154963), np.float64(22210.059910693402), np.float64(15870.683465093656), np.float64(11160.05083097767), np.float64(25477.557941854993), np.float64(24985.39697422448), np.float64(22367.41177136067), np.float64(11803.628430749068), np.float64(19755.76667172718), np.float64(14024.34742350067)]"
synthetic_transient,transient_scan_2,1.4285714285714286,mq137,100.49365444962831,narcotic_voc,26.0,52.0,1013.25,3,room_1,"[np.float64(17387.282905154963), np.float64(22210.059910693402), np.float64(15870.683465093656), np.float64(11160.05083097767), np.float64(25477.557941854993), np.float64(24985.39697422448), np.float64(22367.41177136067), np.float64(11803.628430749068), np.float64(19755.76667172718), np.float64(14024.34742350067)]"
synthetic_transient,transient_scan_2,1.6326530612244898,mq137,100.56092659471342,narcotic_voc,26.0,52.0,1013.25,3,room_1,"[np.float64(17387.282905154963), np.float64(22210.059910693402), np.float64(15870.683465093656), np.float64(11160.05083097767), np.float64(25477.557941854993), np.float64(24985.39697422448), np.float64(22367.41177136067), np.float64(11803.628430749068), np.float64(19755.76667172718), np.float64(14024.34742350067)]"
synthetic_transient,transient_scan_2,1.836734693877551,mq137,100.65527191234611,narcotic_voc,26.0,52.0,1013.25,3,room_1,"[np.float64(17387.282905154963), np.float64(22210.059910693402), np.float64(15870.683465093656), np.float64(11160.05083097767), np.float64(25477.557941854993), np.float64(24985.39697422448), np.float64(22367.41177136067), np.float64(11803.628430749068), np.float64(19755.76667172718), np.float64(14024.34742350067)]"
synthetic_transient,transient_scan_2,2.0408163265306123,mq137,99.08074056492039,narcotic_voc,26.0,52.0,1013.25,3,room_1,"[np.float64(17387.282905154963), np.float64(22210.059910693402), np.float64(15870.683465093656), np.float64(11160.05083097767), np.float64(25477.557941854993), np.float64(24985.39697422448), np.float64(22367.41177136067), np.float64(11803.628430749068), np.float64(19755.76667172718), np.float64(14024.34742350067)]"
synthetic_transient,transient_scan_2,2.2448979591836737,mq137,94.81656245168763,narcotic_voc,26.0,52.0,1013.25,3,room_1,"[np.float64(17387.282905154963), np.float64(22210.059910693402), np.float64(15870.683465093656), np.float64(11160.05083097767), np.float64(25477.557941854993), np.float64(24985.39697422448), np.float64(22367.41177136067), np.float64(11803.628430749068), np.float64(19755.76667172718), np.float64(14024.34742350067)]"
synthetic_transient,transient_scan_2,2.4489795918367347,mq137,91.89965400749709,narcotic_voc,26.0,52.0,1013.25,3,room_1,"[np.float64(17387.282905154963), np.float64(22210.059910693402), np.float64(15870.683465093656), np.float64(11160.05083097767), np.float64(25477.557941854993), np.float64(24985.39697422448), np.float64(22367.41177136067), np.float64(11803.628430749068), np.float64(19755.76667172718), np.float64(14024.34742350067)]"
synthetic_transient,transient_scan_2,2.6530612244897958,mq137,89.17352536534203,narcotic_voc,26.0,52.0,1013.25,3,room_1,"[np.float64(17387.282905154963), np.float64(22210.059910693402), np.float64(15870.683465093656), np.float64(11160.05083097767), np.float64(25477.557941854993), np.float64(24985.39697422448), np.float64(22367.41177136067), np.float64(11803.628430749068), np.float64(19755.76667172718), np.float64(14024.34742350067)]"
synthetic_transient,transient_scan_2,2.857142857142857,mq137,85.4439324107818,narcotic_voc,26.0,52.0,1013.25,3,room_1,"[np.float64(17387.282905154963), np.float64(22210.059910693402), np.float64(15870.683465093656), np.float64(11160.05083097767), np.float64(25477.557941854993), np.float64(24985.39697422448), np.float64(22367.41177136067), np.float64(11803.628430749068), np.float64(19755.76667172718), np.float64(14024.34742350067)]"
synthetic_transient,transient_scan_2,3.0612244897959187,mq137,84.35985686007261,narcotic_voc,26.0,52.0,1013.25,3,room_1,"[np.float64(17387.282905154963), np.float64(22210.059910693402), np.float64(15870.683465093656), np.float64(11160.05083097767), np.float64(25477.557941854993), np.float64(24985.39697422448), np.float64(22367.41177136067), np.float64(11803.628430749068), np.float64(19755.76667172718), np.float64(14024.34742350067)]"
synthetic_transient,transient_scan_2,3.2653061224489797,mq137,81.69617127260477,narcotic_voc,26.0,52.0,1013.25,3,room_1,"[np.float64(17387.282905154963), np.float64(22210.059910693402), np.float64(15870.683465093656), np.float64(11160.05083097767), np.float64(25477.557941854993), np.float64(24985.39697422448), np.float64(22367.41177136067), np.float64(11803.628430749068), np.float64(19755.76667172718), np.float64(14024.34742350067)]"
synthetic_transient,transient_scan_2,3.4693877551020407,mq137,79.08280716898611,narcotic_voc,26.0,52.0,1013.25,3,room_1,"[np.float64(17387.282905154963), np.float64(22210.059910693402), np.float64(15870.683465093656), np.float64(11160.05083097767), np.float64(25477.557941854993), np.float64(24985.39697422448), np.float64(22367.41177136067), np.float64(11803.628430749068), np.float64(19755.76667172718), np.float64(14024.34742350067)]"
synthetic_transient,transient_scan_2,3.673469387755102,mq137,76.96946381273851,narcotic_voc,26.0,52.0,1013.25,3,room_1,"[np.float64(17387.282905154963), np.float64(22210.059910693402), np.float64(15870.683465093656), np.float64(11160.05083097767), np.float64(25477.557941854993), np.float64(24985.39697422448), np.float64(22367.41177136067), np.float64(11803.628430749068), np.float64(19755.76667172718), np.float64(14024.34742350067)]"
synthetic_transient,transient_scan_2,3.8775510204081636,mq137,75.30969738445735,narcotic_voc,26.0,52.0,1013.25,3,room_1,"[np.float64(17387.282905154963), np.float64(22210.059910693402), np.float64(15870.683465093656), np.float64(11160.05083097767), np.float64(25477.557941854993), np.float64(24985.39697422448), np.float64(22367.41177136067), np.float64(11803.628430749068), np.float64(19755.76667172718), np.float64(14024.34742350067)]"
synthetic_transient,transient_scan_2,4.081632653061225,mq137,74.16375371736589,narcotic_voc,26.0,52.0,1013.25,3,room_1,"[np.float64(17387.282905154963), np.float64(22210.059910693402), np.float64(15870.683465093656), np.float64(11160.05083097767), np.float64(25477.557941854993), np.float64(24985.39697422448), np.float64(22367.41177136067), np.float64(11803.628430749068), np.float64(19755.76667172718), np.float64(14024.34742350067)]"
synthetic_transient,transient_scan_2,4.285714285714286,mq137,72.64156099159364,narcotic_voc,26.0,52.0,1013.25,3,room_1,"[np.float64(17387.282905154963), np.float64(22210.059910693402), np.float64(15870.683465093656), np.float64(11160.05083097767), np.float64(25477.557941854993), np.float64(24985.39697422448), np.float64(22367.41177136067), np.float64(11803.628430749068), np.float64(19755.76667172718), np.float64(14024.34742350067)]"
synthetic_transient,transient_scan_2,4.4897959183673475,mq137,71.99406303184963,narcotic_voc,26.0,52.0,1013.25,3,room_1,"[np.float64(17387.282905154963), np.float64(22210.059910693402), np.float64(15870.683465093656), np.float64(11160.05083097767), np.float64(25477.557941854993), np.float64(24985.39697422448), np.float64(22367.41177136067), np.float64(11803.628430749068), np.float64(19755.76667172718), np.float64(14024.34742350067)]"
synthetic_transient,transient_scan_2,4.6938775510204085,mq137,70.22991485399056,narcotic_voc,26.0,52.0,1013.25,3,room_1,"[np.float64(17387.282905154963), np.float64(22210.059910693402), np.float64(15870.683465093656), np.float64(11160.05083097767), np.float64(25477.557941854993), np.float64(24985.39697422448), np.float64(22367.41177136067), np.float64(11803.628430749068), np.float64(19755.76667172718), np.float64(14024.34742350067)]"
synthetic_transient,transient_scan_2,4.8979591836734695,mq137,69.64514161303845,narcotic_voc,26.0,52.0,1013.25,3,room_1,"[np.float64(17387.282905154963), np.float64(22210.059910693402), np.float64(15870.683465093656), np.float64(11160.05083097767), np.float64(25477.557941854993), np.float64(24985.39697422448), np.float64(22367.41177136067), np.float64(11803.628430749068), np.float64(19755.76667172718), np.float64(14024.34742350067)]"
synthetic_transient,transient_scan_2,5.1020408163265305,mq137,68.46679774686523,narcotic_voc,26.0,52.0,1013.25,3,room_1,"[np.float64(17387.282905154963), np.float64(22210.059910693402), np.float64(15870.683465093656), np.float64(11160.05083097767), np.float64(25477.557941854993), np.float64(24985.39697422448), np.float64(22367.41177136067), np.float64(11803.628430749068), np.float64(19755.76667172718), np.float64(14024.34742350067)]"
synthetic_transient,transient_scan_2,5.3061224489795915,mq137,67.79335066584676,narcotic_voc,26.0,52.0,1013.25,3,room_1,"[np.float64(17387.282905154963), np.float64(22210.059910693402), np.float64(15870.683465093656), np.float64(11160.05083097767), np.float64(25477.557941854993), np.float64(24985.39697422448), np.float64(22367.41177136067), np.float64(11803.628430749068), np.float64(19755.76667172718), np.float64(14024.34742350067)]"
synthetic_transient,transient_scan_2,5.510204081632653,mq137,66.80055576603048,narcotic_voc,26.0,52.0,1013.25,3,room_1,"[np.float64(17387.282905154963), np.float64(22210.059910693402), np.float64(15870.683465093656), np.float64(11160.05083097767), np.float64(25477.557941854993), np.float64(24985.39697422448), np.float64(22367.41177136067), np.float64(11803.628430749068), np.float64(19755.76667172718), np.float64(14024.34742350067)]"
synthetic_transient,transient_scan_2,5.714285714285714,mq137,66.59857958326366,narcotic_voc,26.0,52.0,1013.25,3,room_1,"[np.float64(17387.282905154963), np.float64(22210.059910693402), np.float64(15870.683465093656), np.float64(11160.05083097767), np.float64(25477.557941854993), np.float64(24985.39697422448), np.float64(22367.41177136067), np.float64(11803.628430749068), np.float64(19755.76667172718), np.float64(14024.34742350067)]"
synthetic_transient,transient_scan_2,5.918367346938775,mq137,66.00020821347017,narcotic_voc,26.0,52.0,1013.25,3,room_1,"[np.float64(17387.282905154963), np.float64(22210.059910693402), np.float64(15870.683465093656), np.float64(11160.05083097767), np.float64(25477.557941854993), np.float64(24985.39697422448), np.float64(22367.41177136067), np.float64(11803.628430749068), np.float64(19755.76667172718), np.float64(14024.34742350067)]"
synthetic_transient,transient_scan_2,6.122448979591837,mq137,65.32188448574753,narcotic_voc,26.0,52.0,1013.25,3,room_1,"[np.float64(17387.282905154963), np.float64(22210.059910693402), np.float64(15870.683465093656), np.float64(11160.05083097767), np.float64(25477.557941854993), np.float64(24985.39697422448), np.float64(22367.41177136067), np.float64(11803.628430749068), np.float64(19755.76667172718), np.float64(14024.34742350067)]"
synthetic_transient,transient_scan_2,6.326530612244898,mq137,64.90172369784553,narcotic_voc,26.0,52.0,1013.25,3,room_1,"[np.float64(17387.282905154963), np.float64(22210.059910693402), np.float64(15870.683465093656), np.float64(11160.05083097767), np.float64(25477.557941854993), np.float64(24985.39697422448), np.float64(22367.41177136067), np.float64(11803.628430749068), np.float64(19755.76667172718), np.float64(14024.34742350067)]"
synthetic_transient,transient_scan_2,6.530612244897959,mq137,63.679745799262676,narcotic_voc,26.0,52.0,1013.25,3,room_1,"[np.float64(17387.282905154963), np.float64(22210.059910693402), np.float64(15870.683465093656), np.float64(11160.05083097767), np.float64(25477.557941854993), np.float64(24985.39697422448), np.float64(22367.41177136067), np.float64(11803.628430749068), np.float64(19755.76667172718), np.float64(14024.34742350067)]"
synthetic_transient,transient_scan_2,6.73469387755102,mq137,63.910785507546485,narcotic_voc,26.0,52.0,1013.25,3,room_1,"[np.float64(17387.282905154963), np.float64(22210.059910693402), np.float64(15870.683465093656), np.float64(11160.05083097767), np.float64(25477.557941854993), np.float64(24985.39697422448), np.float64(22367.41177136067), np.float64(11803.628430749068), np.float64(19755.76667172718), np.float64(14024.34742350067)]"
synthetic_transient,transient_scan_2,6.938775510204081,mq137,64.01006734399274,narcotic_voc,26.0,52.0,1013.25,3,room_1,"[np.float64(17387.282905154963), np.float64(22210.059910693402), np.float64(15870.683465093656), np.float64(11160.05083097767), np.float64(25477.557941854993), np.float64(24985.39697422448), np.float64(22367.41177136067), np.float64(11803.628430749068), np.float64(19755.76667172718), np.float64(14024.34742350067)]"
synthetic_transient,transient_scan_2,7.142857142857143,mq137,63.30275376314047,narcotic_voc,26.0,52.0,1013.25,3,room_1,"[np.float64(17387.282905154963), np.float64(22210.059910693402), np.float64(15870.683465093656), np.float64(11160.05083097767), np.float64(25477.557941854993), np.float64(24985.39697422448), np.float64(22367.41177136067), np.float64(11803.628430749068), np.float64(19755.76667172718), np.float64(14024.34742350067)]"
synthetic_transient,transient_scan_2,7.346938775510204,mq137,62.245136400107874,narcotic_voc,26.0,52.0,1013.25,3,room_1,"[np.float64(17387.282905154963), np.float64(22210.059910693402), np.float64(15870.683465093656), np.float64(11160.05083097767), np.float64(25477.557941854993), np.float64(24985.39697422448), np.float64(22367.41177136067), np.float64(11803.628430749068), np.float64(19755.76667172718), np.float64(14024.34742350067)]"
synthetic_transient,transient_scan_2,7.551020408163265,mq137,62.46782369900902,narcotic_voc,26.0,52.0,1013.25,3,room_1,"[np.float64(17387.282905154963), np.float64(22210.059910693402), np.float64(15870.683465093656), np.float64(11160.05083097767), np.float64(25477.557941854993), np.float64(24985.39697422448), np.float64(22367.41177136067), np.float64(11803.628430749068), np.float64(19755.76667172718), np.float64(14024.34742350067)]"
synthetic_transient,transient_scan_2,7.755102040816327,mq137,62.438385136944106,narcotic_voc,26.0,52.0,1013.25,3,room_1,"[np.float64(17387.282905154963), np.float64(22210.059910693402), np.float64(15870.683465093656), np.float64(11160.05083097767), np.float64(25477.557941854993), np.float64(24985.39697422448), np.float64(22367.41177136067), np.float64(11803.628430749068), np.float64(19755.76667172718), np.float64(14024.34742350067)]"
synthetic_transient,transient_scan_2,7.959183673469388,mq137,61.653843036165725,narcotic_voc,26.0,52.0,1013.25,3,room_1,"[np.float64(17387.282905154963), np.float64(22210.059910693402), np.float64(15870.683465093656), np.float64(11160.05083097767), np.float64(25477.557941854993), np.float64(24985.39697422448), np.float64(22367.41177136067), np.float64(11803.628430749068), np.float64(19755.76667172718), np.float64(14024.34742350067)]"
synthetic_transient,transient_scan_2,8.16326530612245,mq137,61.156235695564305,narcotic_voc,26.0,52.0,1013.25,3,room_1,"[np.float64(17387.282905154963), np.float64(22210.059910693402), np.float64(15870.683465093656), np.float64(11160.05083097767), np.float64(25477.557941854993), np.float64(24985.39697422448), np.float64(22367.41177136067), np.float64(11803.628430749068), np.float64(19755.76667172718), np.float64(14024.34742350067)]"
synthetic_transient,transient_scan_2,8.36734693877551,mq137,61.49927793510643,narcotic_voc,26.0,52.0,1013.25,3,room_1,"[np.float64(17387.282905154963), np.float64(22210.059910693402), np.float64(15870.683465093656), np.float64(11160.05083097767), np.float64(25477.557941854993), np.float64(24985.39697422448), np.float64(22367.41177136067), np.float64(11803.628430749068), np.float64(19755.76667172718), np.float64(14024.34742350067)]"
synthetic_transient,transient_scan_2,8.571428571428571,mq137,61.12613785070562,narcotic_voc,26.0,52.0,1013.25,3,room_1,"[np.float64(17387.282905154963), np.float64(22210.059910693402), np.float64(15870.683465093656), np.float64(11160.05083097767), np.float64(25477.557941854993), np.float64(24985.39697422448), np.float64(22367.41177136067), np.float64(11803.628430749068), np.float64(19755.76667172718), np.float64(14024.34742350067)]"
synthetic_transient,transient_scan_2,8.775510204081632,mq137,61.34423286197348,narcotic_voc,26.0,52.0,1013.25,3,room_1,"[np.float64(17387.282905154963), np.float64(22210.059910693402), np.float64(15870.683465093656), np.float64(11160.05083097767), np.float64(25477.557941854993), np.float64(24985.39697422448), np.float64(22367.41177136067), np.float64(11803.628430749068), np.float64(19755.76667172718), np.float64(14024.34742350067)]"
synthetic_transient,transient_scan_2,8.979591836734695,mq137,60.42458157522069,narcotic_voc,26.0,52.0,1013.25,3,room_1,"[np.float64(17387.282905154963), np.float64(22210.059910693402), np.float64(15870.683465093656), np.float64(11160.05083097767), np.float64(25477.557941854993), np.float64(24985.39697422448), np.float64(22367.41177136067), np.float64(11803.628430749068), np.float64(19755.76667172718), np.float64(14024.34742350067)]"
synthetic_transient,transient_scan_2,9.183673469387756,mq137,61.38425797673067,narcotic_voc,26.0,52.0,1013.25,3,room_1,"[np.float64(17387.282905154963), np.float64(22210.059910693402), np.float64(15870.683465093656), np.float64(11160.05083097767), np.float64(25477.557941854993), np.float64(24985.39697422448), np.float64(22367.41177136067), np.float64(11803.628430749068), np.float64(19755.76667172718), np.float64(14024.34742350067)]"
synthetic_transient,transient_scan_2,9.387755102040817,mq137,60.67771185514961,narcotic_voc,26.0,52.0,1013.25,3,room_1,"[np.float64(17387.282905154963), np.float64(22210.059910693402), np.float64(15870.683465093656), np.float64(11160.05083097767), np.float64(25477.557941854993), np.float64(24985.39697422448), np.float64(22367.41177136067), np.float64(11803.628430749068), np.float64(19755.76667172718), np.float64(14024.34742350067)]"
synthetic_transient,transient_scan_2,9.591836734693878,mq137,61.3963668274724,narcotic_voc,26.0,52.0,1013.25,3,room_1,"[np.float64(17387.282905154963), np.float64(22210.059910693402), np.float64(15870.683465093656), np.float64(11160.05083097767), np.float64(25477.557941854993), np.float64(24985.39697422448), np.float64(22367.41177136067), np.float64(11803.628430749068), np.float64(19755.76667172718), np.float64(14024.34742350067)]"
synthetic_transient,transient_scan_2,9.795918367346939,mq137,60.67288112613935,narcotic_voc,26.0,52.0,1013.25,3,room_1,"[np.float64(17387.282905154963), np.float64(22210.059910693402), np.float64(15870.683465093656), np.float64(11160.05083097767), np.float64(25477.557941854993), np.float64(24985.39697422448), np.float64(22367.41177136067), np.float64(11803.628430749068), np.float64(19755.76667172718), np.float64(14024.34742350067)]"
synthetic_transient,transient_scan_2,10.0,mq137,60.719931032357124,narcotic_voc,26.0,52.0,1013.25,3,room_1,"[np.float64(17387.282905154963), np.float64(22210.059910693402), np.float64(15870.683465093656), np.float64(11160.05083097767), np.float64(25477.557941854993), np.float64(24985.39697422448), np.float64(22367.41177136067), np.float64(11803.628430749068), np.float64(19755.76667172718), np.float64(14024.34742350067)]"
synthetic_transient,transient_scan_2,0.0,mq138,99.91348256065154,narcotic_voc,26.0,52.0,1013.25,3,room_1,"[np.float64(17387.282905154963), np.float64(22210.059910693402), np.float64(15870.683465093656), np.float64(11160.05083097767), np.float64(25477.557941854993), np.float64(24985.39697422448), np.float64(22367.41177136067), np.float64(11803.628430749068), np.float64(19755.76667172718), np.float64(14024.34742350067)]"
synthetic_transient,transient_scan_2,0.20408163265306123,mq138,99.65592015494987,narcotic_voc,26.0,52.0,1013.25,3,room_1,"[np.float64(17387.282905154963), np.float64(22210.059910693402), np.float64(15870.683465093656), np.float64(11160.05083097767), np.float64(25477.557941854993), np.float64(24985.39697422448), np.float64(22367.41177136067), np.float64(11803.628430749068), np.float64(19755.76667172718), np.float64(14024.34742350067)]"
synthetic_transient,transient_scan_2,0.40816326530612246,mq138,101.23613973113633,narcotic_voc,26.0,52.0,1013.25,3,room_1,"[np.float64(17387.282905154963), np.float64(22210.059910693402), np.float64(15870.683465093656), np.float64(11160.05083097767), np.float64(25477.557941854993), np.float64(24985.39697422448), np.float64(22367.41177136067), np.float64(11803.628430749068), np.float64(19755.76667172718), np.float64(14024.34742350067)]"
synthetic_transient,transient_scan_2,0.6122448979591837,mq138,99.75206691099636,narcotic_voc,26.0,52.0,1013.25,3,room_1,"[np.float64(17387.282905154963), np.float64(22210.059910693402), np.float64(15870.683465093656), np.float64(11160.05083097767), np.float64(25477.557941854993), np.float64(24985.39697422448), np.float64(22367.41177136067), np.float64(11803.628430749068), np.float64(19755.76667172718), np.float64(14024.34742350067)]"
synthetic_transient,transient_scan_2,0.8163265306122449,mq138,100.51176076123284,narcotic_voc,26.0,52.0,1013.25,3,room_1,"[np.float64(17387.282905154963), np.float64(22210.059910693402), np.float64(15870.683465093656), np.float64(11160.05083097767), np.float64(25477.557941854993), np.float64(24985.39697422448), np.float64(22367.41177136067), np.float64(11803.628430749068), np.float64(19755.76667172718), np.float64(14024.34742350067)]"
synthetic_transient,transient_scan_2,1.0204081632653061,mq138,99.4531855269683,narcotic_voc,26.0,52.0,1013.25,3,room_1,"[np.float64(17387.282905154963), np.float64(22210.059910693402), np.float64(15870.683465093656), np.float64(11160.05083097767), np.float64(25477.557941854993), np.float64(24985.39697422448), np.float64(22367.41177136067), np.float64(11803.628430749068), np.float64(19755.76667172718), np.float64(14024.34742350067)]"
synthetic_transient,transient_scan_2,1.2244897959183674,mq138,100.18606569554657,narcotic_voc,26.0,52.0,1013.25,3,room_1,"[np.float64(17387.282905154963), np.float64(22210.059910693402), np.float64(15870.683465093656), np.float64(11160.05083097767), np.float64(25477.557941854993), np.float64(24985.39697422448), np.float64(22367.41177136067), np.float64(11803.628430749068), np.float64(19755.76667172718), np.float64(14024.34742350067)]"
synthetic_transient,transient_scan_2,1.4285714285714286,mq138,100.23943608196592,narcotic_voc,26.0,52.0,1013.25,3,room_1,"[np.float64(17387.282905154963), np.float64(22210.059910693402), np.float64(15870.683465093656), np.float64(11160.05083097767), np.float64(25477.557941854993), np.float64(24985.39697422448), np.float64(22367.41177136067), np.float64(11803.628430749068), np.float64(19755.76667172718), np.float64(14024.34742350067)]"
synthetic_transient,transient_scan_2,1.6326530612244898,mq138,99.98791151145093,narcotic_voc,26.0,52.0,1013.25,3,room_1,"[np.float64(17387.282905154963), np.float64(22210.059910693402), np.float64(15870.683465093656), np.float64(11160.05083097767), np.float64(25477.557941854993), np.float64(24985.39697422448), np.float64(22367.41177136067), np.float64(11803.628430749068), np.float64(19755.76667172718), np.float64(14024.34742350067)]"
synthetic_transient,transient_scan_2,1.836734693877551,mq138,99.71449764018021,narcotic_voc,26.0,52.0,1013.25,3,room_1,"[np.float64(17387.282905154963), np.float64(22210.059910693402), np.float64(15870.683465093656), np.float64(11160.05083097767), np.float64(25477.557941854993), np.float64(24985.39697422448), np.float64(22367.41177136067), np.float64(11803.628430749068), np.float64(19755.76667172718), np.float64(14024.34742350067)]"
synthetic_transient,transient_scan_2,2.0408163265306123,mq138,99.0602860028412,narcotic_voc,26.0,52.0,1013.25,3,room_1,"[np.float64(17387.282905154963), np.float64(22210.059910693402), np.float64(15870.683465093656), np.float64(11160.05083097767), np.float64(25477.557941854993), np.float64(24985.39697422448), np.float64(22367.41177136067), np.float64(11803.628430749068), np.float64(19755.76667172718), np.float64(14024.34742350067)]"
synthetic_transient,transient_scan_2,2.2448979591836737,mq138,95.18839701506779,narcotic_voc,26.0,52.0,1013.25,3,room_1,"[np.float64(17387.282905154963), np.float64(22210.059910693402), np.float64(15870.683465093656), np.float64(11160.05083097767), np.float64(25477.557941854993), np.float64(24985.39697422448), np.float64(22367.41177136067), np.float64(11803.628430749068), np.float64(19755.76667172718), np.float64(14024.34742350067)]"
synthetic_transient,transient_scan_2,2.4489795918367347,mq138,93.1579622985688,narcotic_voc,26.0,52.0,1013.25,3,room_1,"[np.float64(17387.282905154963), np.float64(22210.059910693402), np.float64(15870.683465093656), np.float64(11160.05083097767), np.float64(25477.557941854993), np.float64(24985.39697422448), np.float64(22367.41177136067), np.float64(11803.628430749068), np.float64(19755.76667172718), np.float64(14024.34742350067)]"
synthetic_transient,transient_scan_2,2.6530612244897958,mq138,88.84559006946783,narcotic_voc,26.0,52.0,1013.25,3,room_1,"[np.float64(17387.282905154963), np.float64(22210.059910693402), np.float64(15870.683465093656), np.float64(11160.05083097767), np.float64(25477.557941854993), np.float64(24985.39697422448), np.float64(22367.41177136067), np.float64(11803.628430749068), np.float64(19755.76667172718), np.float64(14024.34742350067)]"
synthetic_transient,transient_scan_2,2.857142857142857,mq138,86.3200066905742,narcotic_voc,26.0,52.0,1013.25,3,room_1,"[np.float64(17387.282905154963), np.float64(22210.059910693402), np.float64(15870.683465093656), np.float64(11160.05083097767), np.float64(25477.557941854993), np.float64(24985.39697422448), np.float64(22367.41177136067), np.float64(11803.628430749068), np.float64(19755.76667172718), np.float64(14024.34742350067)]"
synthetic_transient,transient_scan_2,3.0612244897959187,mq138,84.42060092856117,narcotic_voc,26.0,52.0,1013.25,3,room_1,"[np.float64(17387.282905154963), np.float64(22210.059910693402), np.float64(15870.683465093656), np.float64(11160.05083097767), np.float64(25477.557941854993), np.float64(24985.39697422448), np.float64(22367.41177136067), np.float64(11803.628430749068), np.float64(19755.76667172718), np.float64(14024.34742350067)]"
synthetic_transient,transient_scan_2,3.2653061224489797,mq138,80.8090676692375,narcotic_voc,26.0,52.0,1013.25,3,room_1,"[np.float64(17387.282905154963), np.float64(22210.059910693402), np.float64(15870.683465093656), np.float64(11160.05083097767), np.float64(25477.557941854993), np.float64(24985.39697422448), np.float64(22367.41177136067), np.float64(11803.628430749068), np.float64(19755.76667172718), np.float64(14024.34742350067)]"
synthetic_transient,transient_scan_2,3.4693877551020407,mq138,79.20492086978574,narcotic_voc,26.0,52.0,1013.25,3,room_1,"[np.float64(17387.282905154963), np.float64(22210.059910693402), np.float64(15870.683465093656), np.float64(11160.05083097767), np.float64(25477.557941854993), np.float64(24985.39697422448), np.float64(22367.41177136067), np.float64(11803.628430749068), np.float64(19755.76667172718), np.float64(14024.34742350067)]"
synthetic_transient,transient_scan_2,3.673469387755102,mq138,77.19030671210344,narcotic_voc,26.0,52.0,1013.25,3,room_1,"[np.float64(17387.282905154963), np.float64(22210.059910693402), np.float64(15870.683465093656), np.float64(11160.05083097767), np.float64(25477.557941854993), np.float64(24985.39697422448), np.float64(22367.41177136067), np.float64(11803.628430749068), np.float64(19755.76667172718), np.float64(14024.34742350067)]"
synthetic_transient,transient_scan_2,3.8775510204081636,mq138,75.601188702272,narcotic_voc,26.0,52.0,1013.25,3,room_1,"[np.float64(17387.282905154963), np.float64(22210.059910693402), np.float64(15870.683465093656), np.float64(11160.05083097767), np.float64(25477.557941854993), np.float64(24985.39697422448), np.float64(22367.41177136067), np.float64(11803.628430749068), np.float64(19755.76667172718), np.float64(14024.34742350067)]"
synthetic_transient,transient_scan_2,4.081632653061225,mq138,74.03714462690708,narcotic_voc,26.0,52.0,1013.25,3,room_1,"[np.float64(17387.282905154963), np.float64(22210.059910693402), np.float64(15870.683465093656), np.float64(11160.05083097767), np.float64(25477.557941854993), np.float64(24985.39697422448), np.float64(22367.41177136067), np.float64(11803.628430749068), np.float64(19755.76667172718), np.float64(14024.34742350067)]"
synthetic_transient,transient_scan_2,4.285714285714286,mq138,72.3903237501437,narcotic_voc,26.0,52.0,1013.25,3,room_1,"[np.float64(17387.282905154963), np.float64(22210.059910693402), np.float64(15870.683465093656), np.float64(11160.05083097767), np.float64(25477.557941854993), np.float64(24985.39697422448), np.float64(22367.41177136067), np.float64(11803.628430749068), np.float64(19755.76667172718), np.float64(14024.34742350067)]"
synthetic_transient,transient_scan_2,4.4897959183673475,mq138,71.61651679670663,narcotic_voc,26.0,52.0,1013.25,3,room_1,"[np.float64(17387.282905154963), np.float64(22210.059910693402), np.float64(15870.683465093656), np.float64(11160.05083097767), np.float64(25477.557941854993), np.float64(24985.39697422448), np.float64(22367.41177136067), np.float64(11803.628430749068), np.float64(19755.76667172718), np.float64(14024.34742350067)]"
synthetic_transient,transient_scan_2,4.6938775510204085,mq138,69.87008637943383,narcotic_voc,26.0,52.0,1013.25,3,room_1,"[np.float64(17387.282905154963), np.float64(22210.059910693402), np.float64(15870.683465093656), np.float64(11160.05083097767), np.float64(25477.557941854993), np.float64(24985.39697422448), np.float64(22367.41177136067), np.float64(11803.628430749068), np.float64(19755.76667172718), np.float64(14024.34742350067)]"
synthetic_transient,transient_scan_2,4.8979591836734695,mq138,69.88683207638721,narcotic_voc,26.0,52.0,1013.25,3,room_1,"[np.float64(17387.282905154963), np.float64(22210.059910693402), np.float64(15870.683465093656), np.float64(11160.05083097767), np.float64(25477.557941854993), np.float64(24985.39697422448), np.float64(22367.41177136067), np.float64(11803.628430749068), np.float64(19755.76667172718), np.float64(14024.34742350067)]"
synthetic_transient,transient_scan_2,5.1020408163265305,mq138,68.79291509227997,narcotic_voc,26.0,52.0,1013.25,3,room_1,"[np.float64(17387.282905154963), np.float64(22210.059910693402), np.float64(15870.683465093656), np.float64(11160.05083097767), np.float64(25477.557941854993), np.float64(24985.39697422448), np.float64(22367.41177136067), np.float64(11803.628430749068), np.float64(19755.76667172718), np.float64(14024.34742350067)]"
synthetic_transient,transient_scan_2,5.3061224489795915,mq138,67.4117845789662,narcotic_voc,26.0,52.0,1013.25,3,room_1,"[np.float64(17387.282905154963), np.float64(22210.059910693402), np.float64(15870.683465093656), np.float64(11160.05083097767), np.float64(25477.557941854993), np.float64(24985.39697422448), np.float64(22367.41177136067), np.float64(11803.628430749068), np.float64(19755.76667172718), np.float64(14024.34742350067)]"
synthetic_transient,transient_scan_2,5.510204081632653,mq138,66.69309232314176,narcotic_voc,26.0,52.0,1013.25,3,room_1,"[np.float64(17387.282905154963), np.float64(22210.059910693402), np.float64(15870.683465093656), np.float64(11160.05083097767), np.float64(25477.557941854993), np.float64(24985.39697422448), np.float64(22367.41177136067), np.float64(11803.628430749068), np.float64(19755.76667172718), np.float64(14024.34742350067)]"
synthetic_transient,transient_scan_2,5.714285714285714,mq138,66.38247709381297,narcotic_voc,26.0,52.0,1013.25,3,room_1,"[np.float64(17387.282905154963), np.float64(22210.059910693402), np.float64(15870.683465093656), np.float64(11160.05083097767), np.float64(25477.557941854993), np.float64(24985.39697422448), np.float64(22367.41177136067), np.float64(11803.628430749068), np.float64(19755.76667172718), np.float64(14024.34742350067)]"
synthetic_transient,transient_scan_2,5.918367346938775,mq138,65.23966551552203,narcotic_voc,26.0,52.0,1013.25,3,room_1,"[np.float64(17387.282905154963), np.float64(22210.059910693402), np.float64(15870.683465093656), np.float64(11160.05083097767), np.float64(25477.557941854993), np.float64(24985.39697422448), np.float64(22367.41177136067), np.float64(11803.628430749068), np.float64(19755.76667172718), np.float64(14024.34742350067)]"
synthetic_transient,transient_scan_2,6.122448979591837,mq138,65.9979100349039,narcotic_voc,26.0,52.0,1013.25,3,room_1,"[np.float64(17387.282905154963), np.float64(22210.059910693402), np.float64(15870.683465093656), np.float64(11160.05083097767), np.float64(25477.557941854993), np.float64(24985.39697422448), np.float64(22367.41177136067), np.float64(11803.628430749068), np.float64(19755.76667172718), np.float64(14024.34742350067)]"
synthetic_transient,transient_scan_2,6.326530612244898,mq138,64.77692939861666,narcotic_voc,26.0,52.0,1013.25,3,room_1,"[np.float64(17387.282905154963), np.float64(22210.059910693402), np.float64(15870.683465093656), np.float64(11160.05083097767), np.float64(25477.557941854993), np.float64(24985.39697422448), np.float64(22367.41177136067), np.float64(11803.628430749068), np.float64(19755.76667172718), np.float64(14024.34742350067)]"
synthetic_transient,transient_scan_2,6.530612244897959,mq138,64.34856176372604,narcotic_voc,26.0,52.0,1013.25,3,room_1,"[np.float64(17387.282905154963), np.float64(22210.059910693402), np.float64(15870.683465093656), np.float64(11160.05083097767), np.float64(25477.557941854993), np.float64(24985.39697422448), np.float64(22367.41177136067), np.float64(11803.628430749068), np.float64(19755.76667172718), np.float64(14024.34742350067)]"
synthetic_transient,transient_scan_2,6.73469387755102,mq138,64.08988516627063,narcotic_voc,26.0,52.0,1013.25,3,room_1,"[np.float64(17387.282905154963), np.float64(22210.059910693402), np.float64(15870.683465093656), np.float64(11160.05083097767), np.float64(25477.557941854993), np.float64(24985.39697422448), np.float64(22367.41177136067), np.float64(11803.628430749068), np.float64(19755.76667172718), np.float64(14024.34742350067)]"
synthetic_transient,transient_scan_2,6.938775510204081,mq138,63.095734823213945,narcotic_voc,26.0,52.0,1013.25,3,room_1,"[np.float64(17387.282905154963), np.float64(22210.059910693402), np.float64(15870.683465093656), np.float64(11160.05083097767), np.float64(25477.557941854993), np.float64(24985.39697422448), np.float64(22367.41177136067), np.float64(11803.628430749068), np.float64(19755.76667172718), np.float64(14024.34742350067)]"
synthetic_transient,transient_scan_2,7.142857142857143,mq138,63.60155647052311,narcotic_voc,26.0,52.0,1013.25,3,room_1,"[np.float64(17387.282905154963), np.float64(22210.059910693402), np.float64(15870.683465093656), np.float64(11160.05083097767), np.float64(25477.557941854993), np.float64(24985.39697422448), np.float64(22367.41177136067), np.float64(11803.628430749068), np.float64(19755.76667172718), np.float64(14024.34742350067)]"
synthetic_transient,transient_scan_2,7.346938775510204,mq138,62.81776183461637,narcotic_voc,26.0,52.0,1013.25,3,room_1,"[np.float64(17387.282905154963), np.float64(22210.059910693402), np.float64(15870.683465093656), np.float64(11160.05083097767), np.float64(25477.557941854993), np.float64(24985.39697422448), np.float64(22367.41177136067), np.float64(11803.628430749068), np.float64(19755.76667172718), np.float64(14024.34742350067)]"
synthetic_transient,transient_scan_2,7.551020408163265,mq138,62.96777968933298,narcotic_voc,26.0,52.0,1013.25,3,room_1,"[np.float64(17387.282905154963), np.float64(22210.059910693402), np.float64(15870.683465093656), np.float64(11160.05083097767), np.float64(25477.557941854993), np.float64(24985.39697422448), np.float64(22367.41177136067), np.float64(11803.628430749068), np.float64(19755.76667172718), np.float64(14024.34742350067)]"
synthetic_transient,transient_scan_2,7.755102040816327,mq138,62.15191960449008,narcotic_voc,26.0,52.0,1013.25,3,room_1,"[np.float64(17387.282905154963), np.float64(22210.059910693402), np.float64(15870.683465093656), np.float64(11160.05083097767), np.float64(25477.557941854993), np.float64(24985.39697422448), np.float64(22367.41177136067), np.float64(11803.628430749068), np.float64(19755.76667172718), np.float64(14024.34742350067)]"
synthetic_transient,transient_scan_2,7.959183673469388,mq138,62.69118190798047,narcotic_voc,26.0,52.0,1013.25,3,room_1,"[np.float64(17387.282905154963), np.float64(22210.059910693402), np.float64(15870.683465093656), np.float64(11160.05083097767), np.float64(25477.557941854993), np.float64(24985.39697422448), np.float64(22367.41177136067), np.float64(11803.628430749068), np.float64(19755.76667172718), np.float64(14024.34742350067)]"
synthetic_transient,transient_scan_2,8.16326530612245,mq138,62.036043107438374,narcotic_voc,26.0,52.0,1013.25,3,room_1,"[np.float64(17387.282905154963), np.float64(22210.059910693402), np.float64(15870.683465093656), np.float64(11160.05083097767), np.float64(25477.557941854993), np.float64(24985.39697422448), np.float64(22367.41177136067), np.float64(11803.628430749068), np.float64(19755.76667172718), np.float64(14024.34742350067)]"
synthetic_transient,transient_scan_2,8.36734693877551,mq138,62.748580381413234,narcotic_voc,26.0,52.0,1013.25,3,room_1,"[np.float64(17387.282905154963), np.float64(22210.059910693402), np.float64(15870.683465093656), np.float64(11160.05083097767), np.float64(25477.557941854993), np.float64(24985.39697422448), np.float64(22367.41177136067), np.float64(11803.628430749068), np.float64(19755.76667172718), np.float64(14024.34742350067)]"
synthetic_transient,transient_scan_2,8.571428571428571,mq138,61.311793246278356,narcotic_voc,26.0,52.0,1013.25,3,room_1,"[np.float64(17387.282905154963), np.float64(22210.059910693402), np.float64(15870.683465093656), np.float64(11160.05083097767), np.float64(25477.557941854993), np.float64(24985.39697422448), np.float64(22367.41177136067), np.float64(11803.628430749068), np.float64(19755.76667172718), np.float64(14024.34742350067)]"
synthetic_transient,transient_scan_2,8.775510204081632,mq138,61.45365207571383,narcotic_voc,26.0,52.0,1013.25,3,room_1,"[np.float64(17387.282905154963), np.float64(22210.059910693402), np.float64(15870.683465093656), np.float64(11160.05083097767), np.float64(25477.557941854993), np.float64(24985.39697422448), np.float64(22367.41177136067), np.float64(11803.628430749068), np.float64(19755.76667172718), np.float64(14024.34742350067)]"
synthetic_transient,transient_scan_2,8.979591836734695,mq138,60.70449577553376,narcotic_voc,26.0,52.0,1013.25,3,room_1,"[np.float64(17387.282905154963), np.float64(22210.059910693402), np.float64(15870.683465093656), np.float64(11160.05083097767), np.float64(25477.557941854993), np.float64(24985.39697422448), np.float64(22367.41177136067), np.float64(11803.628430749068), np.float64(19755.76667172718), np.float64(14024.34742350067)]"
synthetic_transient,transient_scan_2,9.183673469387756,mq138,60.837258326689486,narcotic_voc,26.0,52.0,1013.25,3,room_1,"[np.float64(17387.282905154963), np.float64(22210.059910693402), np.float64(15870.683465093656), np.float64(11160.05083097767), np.float64(25477.557941854993), np.float64(24985.39697422448), np.float64(22367.41177136067), np.float64(11803.628430749068), np.float64(19755.76667172718), np.float64(14024.34742350067)]"
synthetic_transient,transient_scan_2,9.387755102040817,mq138,61.30435764672024,narcotic_voc,26.0,52.0,1013.25,3,room_1,"[np.float64(17387.282905154963), np.float64(22210.059910693402), np.float64(15870.683465093656), np.float64(11160.05083097767), np.float64(25477.557941854993), np.float64(24985.39697422448), np.float64(22367.41177136067), np.float64(11803.628430749068), np.float64(19755.76667172718), np.float64(14024.34742350067)]"
synthetic_transient,transient_scan_2,9.591836734693878,mq138,61.46315292790147,narcotic_voc,26.0,52.0,1013.25,3,room_1,"[np.float64(17387.282905154963), np.float64(22210.059910693402), np.float64(15870.683465093656), np.float64(11160.05083097767), np.float64(25477.557941854993), np.float64(24985.39697422448), np.float64(22367.41177136067), np.float64(11803.628430749068), np.float64(19755.76667172718), np.float64(14024.34742350067)]"
synthetic_transient,transient_scan_2,9.795918367346939,mq138,62.2938357218979,narcotic_voc,26.0,52.0,1013.25,3,room_1,"[np.float64(17387.282905154963), np.float64(22210.059910693402), np.float64(15870.683465093656), np.float64(11160.05083097767), np.float64(25477.557941854993), np.float64(24985.39697422448), np.float64(22367.41177136067), np.float64(11803.628430749068), np.float64(19755.76667172718), np.float64(14024.34742350067)]"
synthetic_transient,transient_scan_2,10.0,mq138,60.68431110223776,narcotic_voc,26.0,52.0,1013.25,3,room_1,"[np.float64(17387.282905154963), np.float64(22210.059910693402), np.float64(15870.683465093656), np.float64(11160.05083097767), np.float64(25477.557941854993), np.float64(24985.39697422448), np.float64(22367.41177136067), np.float64(11803.628430749068), np.float64(19755.76667172718), np.float64(14024.34742350067)]"
synthetic_transient,transient_scan_2,0.0,tgs2620,99.5333932961772,narcotic_voc,26.0,52.0,1013.25,3,room_1,"[np.float64(17387.282905154963), np.float64(22210.059910693402), np.float64(15870.683465093656), np.float64(11160.05083097767), np.float64(25477.557941854993), np.float64(24985.39697422448), np.float64(22367.41177136067), np.float64(11803.628430749068), np.float64(19755.76667172718), np.float64(14024.34742350067)]"
synthetic_transient,transient_scan_2,0.20408163265306123,tgs2620,100.37666288018862,narcotic_voc,26.0,52.0,1013.25,3,room_1,"[np.float64(17387.282905154963), np.float64(22210.059910693402), np.float64(15870.683465093656), np.float64(11160.05083097767), np.float64(25477.557941854993), np.float64(24985.39697422448), np.float64(22367.41177136067), np.float64(11803.628430749068), np.float64(19755.76667172718), np.float64(14024.34742350067)]"
synthetic_transient,transient_scan_2,0.40816326530612246,tgs2620,99.43608638974935,narcotic_voc,26.0,52.0,1013.25,3,room_1,"[np.float64(17387.282905154963), np.float64(22210.059910693402), np.float64(15870.683465093656), np.float64(11160.05083097767), np.float64(25477.557941854993), np.float64(24985.39697422448), np.float64(22367.41177136067), np.float64(11803.628430749068), np.float64(19755.76667172718), np.float64(14024.34742350067)]"
synthetic_transient,transient_scan_2,0.6122448979591837,tgs2620,100.28213869401337,narcotic_voc,26.0,52.0,1013.25,3,room_1,"[np.float64(17387.282905154963), np.float64(22210.059910693402), np.float64(15870.683465093656), np.float64(11160.05083097767), np.float64(25477.557941854993), np.float64(24985.39697422448), np.float64(22367.41177136067), np.float64(11803.628430749068), np.float64(19755.76667172718), np.float64(14024.34742350067)]"
synthetic_transient,transient_scan_2,0.8163265306122449,tgs2620,99.74887214190294,narcotic_voc,26.0,52.0,1013.25,3,room_1,"[np.float64(17387.282905154963), np.float64(22210.059910693402), np.float64(15870.683465093656), np.float64(11160.05083097767), np.float64(25477.557941854993), np.float64(24985.39697422448), np.float64(22367.41177136067), np.float64(11803.628430749068), np.float64(19755.76667172718), np.float64(14024.34742350067)]"
synthetic_transient,transient_scan_2,1.0204081632653061,tgs2620,100.1057974851902,narcotic_voc,26.0,52.0,1013.25,3,room_1,"[np.float64(17387.282905154963), np.float64(22210.059910693402), np.float64(15870.683465093656), np.float64(11160.05083097767), np.float64(25477.557941854993), np.float64(24985.39697422448), np.float64(22367.41177136067), np.float64(11803.628430749068), np.float64(19755.76667172718), np.float64(14024.34742350067)]"
synthetic_transient,transient_scan_2,1.2244897959183674,tgs2620,100.54552305108233,narcotic_voc,26.0,52.0,1013.25,3,room_1,"[np.float64(17387.282905154963), np.float64(22210.059910693402), np.float64(15870.683465093656), np.float64(11160.05083097767), np.float64(25477.557941854993), np.float64(24985.39697422448), np.float64(22367.41177136067), np.float64(11803.628430749068), np.float64(19755.76667172718), np.float64(14024.34742350067)]"
synthetic_transient,transient_scan_2,1.4285714285714286,tgs2620,99.94463328545966,narcotic_voc,26.0,52.0,1013.25,3,room_1,"[np.float64(17387.282905154963), np.float64(22210.059910693402), np.float64(15870.683465093656), np.float64(11160.05083097767), np.float64(25477.557941854993), np.float64(24985.39697422448), np.float64(22367.41177136067), np.float64(11803.628430749068), np.float64(19755.76667172718), np.float64(14024.34742350067)]"
synthetic_transient,transient_scan_2,1.6326530612244898,tgs2620,100.46643954216431,narcotic_voc,26.0,52.0,1013.25,3,room_1,"[np.float64(17387.282905154963), np.float64(22210.059910693402), np.float64(15870.683465093656), np.float64(11160.05083097767), np.float64(25477.557941854993), np.float64(24985.39697422448), np.float64(22367.41177136067), np.float64(11803.628430749068), np.float64(19755.76667172718), np.float64(14024.34742350067)]"
synthetic_transient,transient_scan_2,1.836734693877551,tgs2620,100.43657927430958,narcotic_voc,26.0,52.0,1013.25,3,room_1,"[np.float64(17387.282905154963), np.float64(22210.059910693402), np.float64(15870.683465093656), np.float64(11160.05083097767), np.float64(25477.557941854993), np.float64(24985.39697422448), np.float64(22367.41177136067), np.float64(11803.628430749068), np.float64(19755.76667172718), np.float64(14024.34742350067)]"
synthetic_transient,transient_scan_2,2.0408163265306123,tgs2620,98.25978118999363,narcotic_voc,26.0,52.0,1013.25,3,room_1,"[np.float64(17387.282905154963), np.float64(22210.059910693402), np.float64(15870.683465093656), np.float64(11160.05083097767), np.float64(25477.557941854993), np.float64(24985.39697422448), np.float64(22367.41177136067), np.float64(11803.628430749068), np.float64(19755.76667172718), np.float64(14024.34742350067)]"
synthetic_transient,transient_scan_2,2.2448979591836737,tgs2620,94.93924139303657,narcotic_voc,26.0,52.0,1013.25,3,room_1,"[np.float64(17387.282905154963), np.float64(22210.059910693402), np.float64(15870.683465093656), np.float64(11160.05083097767), np.float64(25477.557941854993), np.float64(24985.39697422448), np.float64(22367.41177136067), np.float64(11803.628430749068), np.float64(19755.76667172718), np.float64(14024.34742350067)]"
synthetic_transient,transient_scan_2,2.4489795918367347,tgs2620,91.17604572695335,narcotic_voc,26.0,52.0,1013.25,3,room_1,"[np.float64(17387.282905154963), np.float64(22210.059910693402), np.float64(15870.683465093656), np.float64(11160.05083097767), np.float64(25477.557941854993), np.float64(24985.39697422448), np.float64(22367.41177136067), np.float64(11803.628430749068), np.float64(19755.76667172718), np.float64(14024.34742350067)]"
synthetic_transient,transient_scan_2,2.6530612244897958,tgs2620,89.85776016545532,narcotic_voc,26.0,52.0,1013.25,3,room_1,"[np.float64(17387.282905154963), np.float64(22210.059910693402), np.float64(15870.683465093656), np.float64(11160.05083097767), np.float64(25477.557941854993), np.float64(24985.39697422448), np.float64(22367.41177136067), np.float64(11803.628430749068), np.float64(19755.76667172718), np.float64(14024.34742350067)]"
synthetic_transient,transient_scan_2,2.857142857142857,tgs2620,86.00486633852357,narcotic_voc,26.0,52.0,1013.25,3,room_1,"[np.float64(17387.282905154963), np.float64(22210.059910693402), np.float64(15870.683465093656), np.float64(11160.05083097767), np.float64(25477.557941854993), np.float64(24985.39697422448), np.float64(22367.41177136067), np.float64(11803.628430749068), np.float64(19755.76667172718), np.float64(14024.34742350067)]"
synthetic_transient,transient_scan_2,3.0612244897959187,tgs2620,84.42020298983181,narcotic_voc,26.0,52.0,1013.25,3,room_1,"[np.float64(17387.282905154963), np.float64(22210.059910693402), np.float64(15870.683465093656), np.float64(11160.05083097767), np.float64(25477.557941854993), np.float64(24985.39697422448), np.float64(22367.41177136067), np.float64(11803.628430749068), np.float64(19755.76667172718), np.float64(14024.34742350067)]"
synthetic_transient,transient_scan_2,3.2653061224489797,tgs2620,80.4307508629536,narcotic_voc,26.0,52.0,1013.25,3,room_1,"[np.float64(17387.282905154963), np.float64(22210.059910693402), np.float64(15870.683465093656), np.float64(11160.05083097767), np.float64(25477.557941854993), np.float64(24985.39697422448), np.float64(22367.41177136067), np.float64(11803.628430749068), np.float64(19755.76667172718), np.float64(14024.34742350067)]"
synthetic_transient,transient_scan_2,3.4693877551020407,tgs2620,78.89970654092751,narcotic_voc,26.0,52.0,1013.25,3,room_1,"[np.float64(17387.282905154963), np.float64(22210.059910693402), np.float64(15870.683465093656), np.float64(11160.05083097767), np.float64(25477.557941854993), np.float64(24985.39697422448), np.float64(22367.41177136067), np.float64(11803.628430749068), np.float64(19755.76667172718), np.float64(14024.34742350067)]"
synthetic_transient,transient_scan_2,3.673469387755102,tgs2620,77.72514889882711,narcotic_voc,26.0,52.0,1013.25,3,room_1,"[np.float64(17387.282905154963), np.float64(22210.059910693402), np.float64(15870.683465093656), np.float64(11160.05083097767), np.float64(25477.557941854993), np.float64(24985.39697422448), np.float64(22367.41177136067), np.float64(11803.628430749068), np.float64(19755.76667172718), np.float64(14024.34742350067)]"
synthetic_transient,transient_scan_2,3.8775510204081636,tgs2620,75.73389522722702,narcotic_voc,26.0,52.0,1013.25,3,room_1,"[np.float64(17387.282905154963), np.float64(22210.059910693402), np.float64(15870.683465093656), np.float64(11160.05083097767), np.float64(25477.557941854993), np.float64(24985.39697422448), np.float64(22367.41177136067), np.float64(11803.628430749068), np.float64(19755.76667172718), np.float64(14024.34742350067)]"
synthetic_transient,transient_scan_2,4.081632653061225,tgs2620,74.39308055687255,narcotic_voc,26.0,52.0,1013.25,3,room_1,"[np.float64(17387.282905154963), np.float64(22210.059910693402), np.float64(15870.683465093656), np.float64(11160.05083097767), np.float64(25477.557941854993), np.float64(24985.39697422448), np.float64(22367.41177136067), np.float64(11803.628430749068), np.float64(19755.76667172718), np.float64(14024.34742350067)]"
synthetic_transient,transient_scan_2,4.285714285714286,tgs2620,72.12935817606218,narcotic_voc,26.0,52.0,1013.25,3,room_1,"[np.float64(17387.282905154963), np.float64(22210.059910693402), np.float64(15870.683465093656), np.float64(11160.05083097767), np.float64(25477.557941854993), np.float64(24985.39697422448), np.float64(22367.41177136067), np.float64(11803.628430749068), np.float64(19755.76667172718), np.float64(14024.34742350067)]"
synthetic_transient,transient_scan_2,4.4897959183673475,tgs2620,72.20721340064779,narcotic_voc,26.0,52.0,1013.25,3,room_1,"[np.float64(17387.282905154963), np.float64(22210.059910693402), np.float64(15870.683465093656), np.float64(11160.05083097767), np.float64(25477.557941854993), np.float64(24985.39697422448), np.float64(22367.41177136067), np.float64(11803.628430749068), np.float64(19755.76667172718), np.float64(14024.34742350067)]"
synthetic_transient,transient_scan_2,4.6938775510204085,tgs2620,70.78991081602052,narcotic_voc,26.0,52.0,1013.25,3,room_1,"[np.float64(17387.282905154963), np.float64(22210.059910693402), np.float64(15870.683465093656), np.float64(11160.05083097767), np.float64(25477.557941854993), np.float64(24985.39697422448), np.float64(22367.41177136067), np.float64(11803.628430749068), np.float64(19755.76667172718), np.float64(14024.34742350067)]"
synthetic_transient,transient_scan_2,4.8979591836734695,tgs2620,69.59320346047843,narcotic_voc,26.0,52.0,1013.25,3,room_1,"[np.float64(17387.282905154963), np.float64(22210.059910693402), np.float64(15870.683465093656), np.float64(11160.05083097767), np.float64(25477.557941854993), np.float64(24985.39697422448), np.float64(22367.41177136067), np.float64(11803.628430749068), np.float64(19755.76667172718), np.float64(14024.34742350067)]"
synthetic_transient,transient_scan_2,5.1020408163265305,tgs2620,68.13845504841176,narcotic_voc,26.0,52.0,1013.25,3,room_1,"[np.float64(17387.282905154963), np.float64(22210.059910693402), np.float64(15870.683465093656), np.float64(11160.05083097767), np.float64(25477.557941854993), np.float64(24985.39697422448), np.float64(22367.41177136067), np.float64(11803.628430749068), np.float64(19755.76667172718), np.float64(14024.34742350067)]"
synthetic_transient,transient_scan_2,5.3061224489795915,tgs2620,67.8204160509512,narcotic_voc,26.0,52.0,1013.25,3,room_1,"[np.float64(17387.282905154963), np.float64(22210.059910693402), np.float64(15870.683465093656), np.float64(11160.05083097767), np.float64(25477.557941854993), np.float64(24985.39697422448), np.float64(22367.41177136067), np.float64(11803.628430749068), np.float64(19755.76667172718), np.float64(14024.34742350067)]"
synthetic_transient,transient_scan_2,5.510204081632653,tgs2620,66.76983899433193,narcotic_voc,26.0,52.0,1013.25,3,room_1,"[np.float64(17387.282905154963), np.float64(22210.059910693402), np.float64(15870.683465093656), np.float64(11160.05083097767), np.float64(25477.557941854993), np.float64(24985.39697422448), np.float64(22367.41177136067), np.float64(11803.628430749068), np.float64(19755.76667172718), np.float64(14024.34742350067)]"
synthetic_transient,transient_scan_2,5.714285714285714,tgs2620,65.41947620761997,narcotic_voc,26.0,52.0,1013.25,3,room_1,"[np.float64(17387.282905154963), np.float64(22210.059910693402), np.float64(15870.683465093656), np.float64(11160.05083097767), np.float64(25477.557941854993), np.float64(24985.39697422448), np.float64(22367.41177136067), np.float64(11803.628430749068), np.float64(19755.76667172718), np.float64(14024.34742350067)]"
synthetic_transient,transient_scan_2,5.918367346938775,tgs2620,65.61372674746438,narcotic_voc,26.0,52.0,1013.25,3,room_1,"[np.float64(17387.282905154963), np.float64(22210.059910693402), np.float64(15870.683465093656), np.float64(11160.05083097767), np.float64(25477.557941854993), np.float64(24985.39697422448), np.float64(22367.41177136067), np.float64(11803.628430749068), np.float64(19755.76667172718), np.float64(14024.34742350067)]"
synthetic_transient,transient_scan_2,6.122448979591837,tgs2620,65.0135547737252,narcotic_voc,26.0,52.0,1013.25,3,room_1,"[np.float64(17387.282905154963), np.float64(22210.059910693402), np.float64(15870.683465093656), np.float64(11160.05083097767), np.float64(25477.557941854993), np.float64(24985.39697422448), np.float64(22367.41177136067), np.float64(11803.628430749068), np.float64(19755.76667172718), np.float64(14024.34742350067)]"
synthetic_transient,transient_scan_2,6.326530612244898,tgs2620,65.12916728920833,narcotic_voc,26.0,52.0,1013.25,3,room_1,"[np.float64(17387.282905154963), np.float64(22210.059910693402), np.float64(15870.683465093656), np.float64(11160.05083097767), np.float64(25477.557941854993), np.float64(24985.39697422448), np.float64(22367.41177136067), np.float64(11803.628430749068), np.float64(19755.76667172718), np.float64(14024.34742350067)]"
synthetic_transient,transient_scan_2,6.530612244897959,tgs2620,63.0347169668771,narcotic_voc,26.0,52.0,1013.25,3,room_1,"[np.float64(17387.282905154963), np.float64(22210.059910693402), np.float64(15870.683465093656), np.float64(11160.05083097767), np.float64(25477.557941854993), np.float64(24985.39697422448), np.float64(22367.41177136067), np.float64(11803.628430749068), np.float64(19755.76667172718), np.float64(14024.34742350067)]"
synthetic_transient,transient_scan_2,6.73469387755102,tgs2620,63.866762540519346,narcotic_voc,26.0,52.0,1013.25,3,room_1,"[np.float64(17387.282905154963), np.float64(22210.059910693402), np.float64(15870.683465093656), np.float64(11160.05083097767), np.float64(25477.557941854993), np.float64(24985.39697422448), np.float64(22367.41177136067), np.float64(11803.628430749068), np.float64(19755.76667172718), np.float64(14024.34742350067)]"
synthetic_transient,transient_scan_2,6.938775510204081,tgs2620,62.80768243619612,narcotic_voc,26.0,52.0,1013.25,3,room_1,"[np.float64(17387.282905154963), np.float64(22210.059910693402), np.float64(15870.683465093656), np.float64(11160.05083097767), np.float64(25477.557941854993), np.float64(24985.39697422448), np.float64(22367.41177136067), np.float64(11803.628430749068), np.float64(19755.76667172718), np.float64(14024.34742350067)]"
synthetic_transient,transient_scan_2,7.142857142857143,tgs2620,63.21666315072849,narcotic_voc,26.0,52.0,1013.25,3,room_1,"[np.float64(17387.282905154963), np.float64(22210.059910693402), np.float64(15870.683465093656), np.float64(11160.05083097767), np.float64(25477.557941854993), np.float64(24985.39697422448), np.float64(22367.41177136067), np.float64(11803.628430749068), np.float64(19755.76667172718), np.float64(14024.34742350067)]"
synthetic_transient,transient_scan_2,7.346938775510204,tgs2620,62.947635179297286,narcotic_voc,26.0,52.0,1013.25,3,room_1,"[np.float64(17387.282905154963), np.float64(22210.059910693402), np.float64(15870.683465093656), np.float64(11160.05083097767), np.float64(25477.557941854993), np.float64(24985.39697422448), np.float64(22367.41177136067), np.float64(11803.628430749068), np.float64(19755.76667172718), np.float64(14024.34742350067)]"
synthetic_transient,transient_scan_2,7.551020408163265,tgs2620,62.449284565268464,narcotic_voc,26.0,52.0,1013.25,3,room_1,"[np.float64(17387.282905154963), np.float64(22210.059910693402), np.float64(15870.683465093656), np.float64(11160.05083097767), np.float64(25477.557941854993), np.float64(24985.39697422448), np.float64(22367.41177136067), np.float64(11803.628430749068), np.float64(19755.76667172718), np.float64(14024.34742350067)]"
synthetic_transient,transient_scan_2,7.755102040816327,tgs2620,62.65454273017979,narcotic_voc,26.0,52.0,1013.25,3,room_1,"[np.float64(17387.282905154963), np.float64(22210.059910693402), np.float64(15870.683465093656), np.float64(11160.05083097767), np.float64(25477.557941854993), np.float64(24985.39697422448), np.float64(22367.41177136067), np.float64(11803.628430749068), np.float64(19755.76667172718), np.float64(14024.34742350067)]"
synthetic_transient,transient_scan_2,7.959183673469388,tgs2620,61.40965976506503,narcotic_voc,26.0,52.0,1013.25,3,room_1,"[np.float64(17387.282905154963), np.float64(22210.059910693402), np.float64(15870.683465093656), np.float64(11160.05083097767), np.float64(25477.557941854993), np.float64(24985.39697422448), np.float64(22367.41177136067), np.float64(11803.628430749068), np.float64(19755.76667172718), np.float64(14024.34742350067)]"
synthetic_transient,transient_scan_2,8.16326530612245,tgs2620,62.38923151906683,narcotic_voc,26.0,52.0,1013.25,3,room_1,"[np.float64(17387.282905154963), np.float64(22210.059910693402), np.float64(15870.683465093656), np.float64(11160.05083097767), np.float64(25477.557941854993), np.float64(24985.39697422448), np.float64(22367.41177136067), np.float64(11803.628430749068), np.float64(19755.76667172718), np.float64(14024.34742350067)]"
synthetic_transient,transient_scan_2,8.36734693877551,tgs2620,61.30328743622762,narcotic_voc,26.0,52.0,1013.25,3,room_1,"[np.float64(17387.282905154963), np.float64(22210.059910693402), np.float64(15870.683465093656), np.float64(11160.05083097767), np.float64(25477.557941854993), np.float64(24985.39697422448), np.float64(22367.41177136067), np.float64(11803.628430749068), np.float64(19755.76667172718), np.float64(14024.34742350067)]"
synthetic_transient,transient_scan_2,8.571428571428571,tgs2620,60.71860472944452,narcotic_voc,26.0,52.0,1013.25,3,room_1,"[np.float64(17387.282905154963), np.float64(22210.059910693402), np.float64(15870.683465093656), np.float64(11160.05083097767), np.float64(25477.557941854993), np.float64(24985.39697422448), np.float64(22367.41177136067), np.float64(11803.628430749068), np.float64(19755.76667172718), np.float64(14024.34742350067)]"
synthetic_transient,transient_scan_2,8.775510204081632,tgs2620,61.215179392418555,narcotic_voc,26.0,52.0,1013.25,3,room_1,"[np.float64(17387.282905154963), np.float64(22210.059910693402), np.float64(15870.683465093656), np.float64(11160.05083097767), np.float64(25477.557941854993), np.float64(24985.39697422448), np.float64(22367.41177136067), np.float64(11803.628430749068), np.float64(19755.76667172718), np.float64(14024.34742350067)]"
synthetic_transient,transient_scan_2,8.979591836734695,tgs2620,60.172705137628846,narcotic_voc,26.0,52.0,1013.25,3,room_1,"[np.float64(17387.282905154963), np.float64(22210.059910693402), np.float64(15870.683465093656), np.float64(11160.05083097767), np.float64(25477.557941854993), np.float64(24985.39697422448), np.float64(22367.41177136067), np.float64(11803.628430749068), np.float64(19755.76667172718), np.float64(14024.34742350067)]"
synthetic_transient,transient_scan_2,9.183673469387756,tgs2620,61.228994391585694,narcotic_voc,26.0,52.0,1013.25,3,room_1,"[np.float64(17387.282905154963), np.float64(22210.059910693402), np.float64(15870.683465093656), np.float64(11160.05083097767), np.float64(25477.557941854993), np.float64(24985.39697422448), np.float64(22367.41177136067), np.float64(11803.628430749068), np.float64(19755.76667172718), np.float64(14024.34742350067)]"
synthetic_transient,transient_scan_2,9.387755102040817,tgs2620,60.86538915150618,narcotic_voc,26.0,52.0,1013.25,3,room_1,"[np.float64(17387.282905154963), np.float64(22210.059910693402), np.float64(15870.683465093656), np.float64(11160.05083097767), np.float64(25477.557941854993), np.float64(24985.39697422448), np.float64(22367.41177136067), np.float64(11803.628430749068), np.float64(19755.76667172718), np.float64(14024.34742350067)]"
synthetic_transient,transient_scan_2,9.591836734693878,tgs2620,61.51533416981974,narcotic_voc,26.0,52.0,1013.25,3,room_1,"[np.float64(17387.282905154963), np.float64(22210.059910693402), np.float64(15870.683465093656), np.float64(11160.05083097767), np.float64(25477.557941854993), np.float64(24985.39697422448), np.float64(22367.41177136067), np.float64(11803.628430749068), np.float64(19755.76667172718), np.float64(14024.34742350067)]"
synthetic_transient,transient_scan_2,9.795918367346939,tgs2620,61.135792651291034,narcotic_voc,26.0,52.0,1013.25,3,room_1,"[np.float64(17387.282905154963), np.float64(22210.059910693402), np.float64(15870.683465093656), np.float64(11160.05083097767), np.float64(25477.557941854993), np.float64(24985.39697422448), np.float64(22367.41177136067), np.float64(11803.628430749068), np.float64(19755.76667172718), np.float64(14024.34742350067)]"
synthetic_transient,transient_scan_2,10.0,tgs2620,60.03662738695537,narcotic_voc,26.0,52.0,1013.25,3,room_1,"[np.float64(17387.282905154963), np.float64(22210.059910693402), np.float64(15870.683465093656), np.float64(11160.05083097767), np.float64(25477.557941854993), np.float64(24985.39697422448), np.float64(22367.41177136067), np.float64(11803.628430749068), np.float64(19755.76667172718), np.float64(14024.34742350067)]"
synthetic_transient,transient_scan_2,0.0,mics2714_no2,99.58080625444106,narcotic_voc,26.0,52.0,1013.25,3,room_1,"[np.float64(17387.282905154963), np.float64(22210.059910693402), np.float64(15870.683465093656), np.float64(11160.05083097767), np.float64(25477.557941854993), np.float64(24985.39697422448), np.float64(22367.41177136067), np.float64(11803.628430749068), np.float64(19755.76667172718), np.float64(14024.34742350067)]"
synthetic_transient,transient_scan_2,0.20408163265306123,mics2714_no2,100.26033221026711,narcotic_voc,26.0,52.0,1013.25,3,room_1,"[np.float64(17387.282905154963), np.float64(22210.059910693402), np.float64(15870.683465093656), np.float64(11160.05083097767), np.float64(25477.557941854993), np.float64(24985.39697422448), np.float64(22367.41177136067), np.float64(11803.628430749068), np.float64(19755.76667172718), np.float64(14024.34742350067)]"
synthetic_transient,transient_scan_2,0.40816326530612246,mics2714_no2,100.42353950499252,narcotic_voc,26.0,52.0,1013.25,3,room_1,"[np.float64(17387.282905154963), np.float64(22210.059910693402), np.float64(15870.683465093656), np.float64(11160.05083097767), np.float64(25477.557941854993), np.float64(24985.39697422448), np.float64(22367.41177136067), np.float64(11803.628430749068), np.float64(19755.76667172718), np.float64(14024.34742350067)]"
synthetic_transient,transient_scan_2,0.6122448979591837,mics2714_no2,100.61125045744345,narcotic_voc,26.0,52.0,1013.25,3,room_1,"[np.float64(17387.282905154963), np.float64(22210.059910693402), np.float64(15870.683465093656), np.float64(11160.05083097767), np.float64(25477.557941854993), np.float64(24985.39697422448), np.float64(22367.41177136067), np.float64(11803.628430749068), np.float64(19755.76667172718), np.float64(14024.34742350067)]"
synthetic_transient,transient_scan_2,0.8163265306122449,mics2714_no2,100.60725464265268,narcotic_voc,26.0,52.0,1013.25,3,room_1,"[np.float64(17387.282905154963), np.float64(22210.059910693402), np.float64(15870.683465093656), np.float64(11160.05083097767), np.float64(25477.557941854993), np.float64(24985.39697422448), np.float64(22367.41177136067), np.float64(11803.628430749068), np.float64(19755.76667172718), np.float64(14024.34742350067)]"
synthetic_transient,transient_scan_2,1.0204081632653061,mics2714_no2,99.95523869487604,narcotic_voc,26.0,52.0,1013.25,3,room_1,"[np.float64(17387.282905154963), np.float64(22210.059910693402), np.float64(15870.683465093656), np.float64(11160.05083097767), np.float64(25477.557941854993), np.float64(24985.39697422448), np.float64(22367.41177136067), np.float64(11803.628430749068), np.float64(19755.76667172718), np.float64(14024.34742350067)]"
synthetic_transient,transient_scan_2,1.2244897959183674,mics2714_no2,100.18132781112558,narcotic_voc,26.0,52.0,1013.25,3,room_1,"[np.float64(17387.282905154963), np.float64(22210.059910693402), np.float64(15870.683465093656), np.float64(11160.05083097767), np.float64(25477.557941854993), np.float64(24985.39697422448), np.float64(22367.41177136067), np.float64(11803.628430749068), np.float64(19755.76667172718), np.float64(14024.34742350067)]"
synthetic_transient,transient_scan_2,1.4285714285714286,mics2714_no2,100.6493692519719,narcotic_voc,26.0,52.0,1013.25,3,room_1,"[np.float64(17387.282905154963), np.float64(22210.059910693402), np.float64(15870.683465093656), np.float64(11160.05083097767), np.float64(25477.557941854993), np.float64(24985.39697422448), np.float64(22367.41177136067), np.float64(11803.628430749068), np.float64(19755.76667172718), np.float64(14024.34742350067)]"
synthetic_transient,transient_scan_2,1.6326530612244898,mics2714_no2,99.84834576903202,narcotic_voc,26.0,52.0,1013.25,3,room_1,"[np.float64(17387.282905154963), np.float64(22210.059910693402), np.float64(15870.683465093656), np.float64(11160.05083097767), np.float64(25477.557941854993), np.float64(24985.39697422448), np.float64(22367.41177136067), np.float64(11803.628430749068), np.float64(19755.76667172718), np.float64(14024.34742350067)]"
synthetic_transient,transient_scan_2,1.836734693877551,mics2714_no2,100.18986309347007,narcotic_voc,26.0,52.0,1013.25,3,room_1,"[np.float64(17387.282905154963), np.float64(22210.059910693402), np.float64(15870.683465093656), np.float64(11160.05083097767), np.float64(25477.557941854993), np.float64(24985.39697422448), np.float64(22367.41177136067), np.float64(11803.628430749068), np.float64(19755.76667172718), np.float64(14024.34742350067)]"
synthetic_transient,transient_scan_2,2.0408163265306123,mics2714_no2,100.84662591747497,narcotic_voc,26.0,52.0,1013.25,3,room_1,"[np.float64(17387.282905154963), np.float64(22210.059910693402), np.float64(15870.683465093656), np.float64(11160.05083097767), np.float64(25477.557941854993), np.float64(24985.39697422448), np.float64(22367.41177136067), np.float64(11803.628430749068), np.float64(19755.76667172718), np.float64(14024.34742350067)]"
synthetic_transient,transient_scan_2,2.2448979591836737,mics2714_no2,105.48697373519934,narcotic_voc,26.0,52.0,1013.25,3,room_1,"[np.float64(17387.282905154963), np.float64(22210.059910693402), np.float64(15870.683465093656), np.float64(11160.05083097767), np.float64(25477.557941854993), np.float64(24985.39697422448), np.float64(22367.41177136067), np.float64(11803.628430749068), np.float64(19755.76667172718), np.float64(14024.34742350067)]"
synthetic_transient,transient_scan_2,2.4489795918367347,mics2714_no2,110.07800611207904,narcotic_voc,26.0,52.0,1013.25,3,room_1,"[np.float64(17387.282905154963), np.float64(22210.059910693402), np.float64(15870.683465093656), np.float64(11160.05083097767), np.float64(25477.557941854993), np.float64(24985.39697422448), np.float64(22367.41177136067), np.float64(11803.628430749068), np.float64(19755.76667172718), np.float64(14024.34742350067)]"
synthetic_transient,transient_scan_2,2.6530612244897958,mics2714_no2,113.58511375659239,narcotic_voc,26.0,52.0,1013.25,3,room_1,"[np.float64(17387.282905154963), np.float64(22210.059910693402), np.float64(15870.683465093656), np.float64(11160.05083097767), np.float64(25477.557941854993), np.float64(24985.39697422448), np.float64(22367.41177136067), np.float64(11803.628430749068), np.float64(19755.76667172718), np.float64(14024.34742350067)]"
synthetic_transient,transient_scan_2,2.857142857142857,mics2714_no2,117.36258913706234,narcotic_voc,26.0,52.0,1013.25,3,room_1,"[np.float64(17387.282905154963), np.float64(22210.059910693402), np.float64(15870.683465093656), np.float64(11160.05083097767), np.float64(25477.557941854993), np.float64(24985.39697422448), np.float64(22367.41177136067), np.float64(11803.628430749068), np.float64(19755.76667172718), np.float64(14024.34742350067)]"
synthetic_transient,transient_scan_2,3.0612244897959187,mics2714_no2,120.07028708854834,narcotic_voc,26.0,52.0,1013.25,3,room_1,"[np.float64(17387.282905154963), np.float64(22210.059910693402), np.float64(15870.683465093656), np.float64(11160.05083097767), np.float64(25477.557941854993), np.float64(24985.39697422448), np.float64(22367.41177136067), np.float64(11803.628430749068), np.float64(19755.76667172718), np.float64(14024.34742350067)]"
synthetic_transient,transient_scan_2,3.2653061224489797,mics2714_no2,123.34596905237807,narcotic_voc,26.0,52.0,1013.25,3,room_1,"[np.float64(17387.282905154963), np.float64(22210.059910693402), np.float64(15870.683465093656), np.float64(11160.05083097767), np.float64(25477.557941854993), np.float64(24985.39697422448), np.float64(22367.41177136067), np.float64(11803.628430749068), np.float64(19755.76667172718), np.float64(14024.34742350067)]"
synthetic_transient,transient_scan_2,3.4693877551020407,mics2714_no2,126.2415817053057,narcotic_voc,26.0,52.0,1013.25,3,room_1,"[np.float64(17387.282905154963), np.float64(22210.059910693402), np.float64(15870.683465093656), np.float64(11160.05083097767), np.float64(25477.557941854993), np.float64(24985.39697422448), np.float64(22367.41177136067), np.float64(11803.628430749068), np.float64(19755.76667172718), np.float64(14024.34742350067)]"
synthetic_transient,transient_scan_2,3.673469387755102,mics2714_no2,128.04949350946646,narcotic_voc,26.0,52.0,1013.25,3,room_1,"[np.float64(17387.282905154963), np.float64(22210.059910693402), np.float64(15870.683465093656), np.float64(11160.05083097767), np.float64(25477.557941854993), np.float64(24985.39697422448), np.float64(22367.41177136067), np.float64(11803.628430749068), np.float64(19755.76667172718), np.float64(14024.34742350067)]"
synthetic_transient,transient_scan_2,3.8775510204081636,mics2714_no2,130.44932346999835,narcotic_voc,26.0,52.0,1013.25,3,room_1,"[np.float64(17387.282905154963), np.float64(22210.059910693402), np.float64(15870.683465093656), np.float64(11160.05083097767), np.float64(25477.557941854993), np.float64(24985.39697422448), np.float64(22367.41177136067), np.float64(11803.628430749068), np.float64(19755.76667172718), np.float64(14024.34742350067)]"
synthetic_transient,transient_scan_2,4.081632653061225,mics2714_no2,132.41135803372836,narcotic_voc,26.0,52.0,1013.25,3,room_1,"[np.float64(17387.282905154963), np.float64(22210.059910693402), np.float64(15870.683465093656), np.float64(11160.05083097767), np.float64(25477.557941854993), np.float64(24985.39697422448), np.float64(22367.41177136067), np.float64(11803.628430749068), np.float64(19755.76667172718), np.float64(14024.34742350067)]"
synthetic_transient,transient_scan_2,4.285714285714286,mics2714_no2,134.28093957971217,narcotic_voc,26.0,52.0,1013.25,3,room_1,"[np.float64(17387.282905154963), np.float64(22210.059910693402), np.float64(15870.683465093656), np.float64(11160.05083097767), np.float64(25477.557941854993), np.float64(24985.39697422448), np.float64(22367.41177136067), np.float64(11803.628430749068), np.float64(19755.76667172718), np.float64(14024.34742350067)]"
synthetic_transient,transient_scan_2,4.4897959183673475,mics2714_no2,135.534695511587,narcotic_voc,26.0,52.0,1013.25,3,room_1,"[np.float64(17387.282905154963), np.float64(22210.059910693402), np.float64(15870.683465093656), np.float64(11160.05083097767), np.float64(25477.557941854993), np.float64(24985.39697422448), np.float64(22367.41177136067), np.float64(11803.628430749068), np.float64(19755.76667172718), np.float64(14024.34742350067)]"
synthetic_transient,transient_scan_2,4.6938775510204085,mics2714_no2,137.54117971075655,narcotic_voc,26.0,52.0,1013.25,3,room_1,"[np.float64(17387.282905154963), np.float64(22210.059910693402), np.float64(15870.683465093656), np.float64(11160.05083097767), np.float64(25477.557941854993), np.float64(24985.39697422448), np.float64(22367.41177136067), np.float64(11803.628430749068), np.float64(19755.76667172718), np.float64(14024.34742350067)]"
synthetic_transient,transient_scan_2,4.8979591836734695,mics2714_no2,137.20905218460817,narcotic_voc,26.0,52.0,1013.25,3,room_1,"[np.float64(17387.282905154963), np.float64(22210.059910693402), np.float64(15870.683465093656), np.float64(11160.05083097767), np.float64(25477.557941854993), np.float64(24985.39697422448), np.float64(22367.41177136067), np.float64(11803.628430749068), np.float64(19755.76667172718), np.float64(14024.34742350067)]"
synthetic_transient,transient_scan_2,5.1020408163265305,mics2714_no2,140.86730118739305,narcotic_voc,26.0,52.0,1013.25,3,room_1,"[np.float64(17387.282905154963), np.float64(22210.059910693402), np.float64(15870.683465093656), np.float64(11160.05083097767), np.float64(25477.557941854993), np.float64(24985.39697422448), np.float64(22367.41177136067), np.float64(11803.628430749068), np.float64(19755.76667172718), np.float64(14024.34742350067)]"
synthetic_transient,transient_scan_2,5.3061224489795915,mics2714_no2,139.991288134046,narcotic_voc,26.0,52.0,1013.25,3,room_1,"[np.float64(17387.282905154963), np.float64(22210.059910693402), np.float64(15870.683465093656), np.float64(11160.05083097767), np.float64(25477.557941854993), np.float64(24985.39697422448), np.float64(22367.41177136067), np.float64(11803.628430749068), np.float64(19755.76667172718), np.float64(14024.34742350067)]"
synthetic_transient,transient_scan_2,5.510204081632653,mics2714_no2,141.5572150318912,narcotic_voc,26.0,52.0,1013.25,3,room_1,"[np.float64(17387.282905154963), np.float64(22210.059910693402), np.float64(15870.683465093656), np.float64(11160.05083097767), np.float64(25477.557941854993), np.float64(24985.39697422448), np.float64(22367.41177136067), np.float64(11803.628430749068), np.float64(19755.76667172718), np.float64(14024.34742350067)]"
synthetic_transient,transient_scan_2,5.714285714285714,mics2714_no2,141.7248637790985,narcotic_voc,26.0,52.0,1013.25,3,room_1,"[np.float64(17387.282905154963), np.float64(22210.059910693402), np.float64(15870.683465093656), np.float64(11160.05083097767), np.float64(25477.557941854993), np.float64(24985.39697422448), np.float64(22367.41177136067), np.float64(11803.628430749068), np.float64(19755.76667172718), np.float64(14024.34742350067)]"
synthetic_transient,transient_scan_2,5.918367346938775,mics2714_no2,143.27346136309825,narcotic_voc,26.0,52.0,1013.25,3,room_1,"[np.float64(17387.282905154963), np.float64(22210.059910693402), np.float64(15870.683465093656), np.float64(11160.05083097767), np.float64(25477.557941854993), np.float64(24985.39697422448), np.float64(22367.41177136067), np.float64(11803.628430749068), np.float64(19755.76667172718), np.float64(14024.34742350067)]"
synthetic_transient,transient_scan_2,6.122448979591837,mics2714_no2,143.77338461025187,narcotic_voc,26.0,52.0,1013.25,3,room_1,"[np.float64(17387.282905154963), np.float64(22210.059910693402), np.float64(15870.683465093656), np.float64(11160.05083097767), np.float64(25477.557941854993), np.float64(24985.39697422448), np.float64(22367.41177136067), np.float64(11803.628430749068), np.float64(19755.76667172718), np.float64(14024.34742350067)]"
synthetic_transient,transient_scan_2,6.326530612244898,mics2714_no2,143.92718506348896,narcotic_voc,26.0,52.0,1013.25,3,room_1,"[np.float64(17387.282905154963), np.float64(22210.059910693402), np.float64(15870.683465093656), np.float64(11160.05083097767), np.float64(25477.557941854993), np.float64(24985.39697422448), np.float64(22367.41177136067), np.float64(11803.628430749068), np.float64(19755.76667172718), np.float64(14024.34742350067)]"
synthetic_transient,transient_scan_2,6.530612244897959,mics2714_no2,145.3466309376624,narcotic_voc,26.0,52.0,1013.25,3,room_1,"[np.float64(17387.282905154963), np.float64(22210.059910693402), np.float64(15870.683465093656), np.float64(11160.05083097767), np.float64(25477.557941854993), np.float64(24985.39697422448), np.float64(22367.41177136067), np.float64(11803.628430749068), np.float64(19755.76667172718), np.float64(14024.34742350067)]"
synthetic_transient,transient_scan_2,6.73469387755102,mics2714_no2,145.23156627758405,narcotic_voc,26.0,52.0,1013.25,3,room_1,"[np.float64(17387.282905154963), np.float64(22210.059910693402), np.float64(15870.683465093656), np.float64(11160.05083097767), np.float64(25477.557941854993), np.float64(24985.39697422448), np.float64(22367.41177136067), np.float64(11803.628430749068), np.float64(19755.76667172718), np.float64(14024.34742350067)]"
synthetic_transient,transient_scan_2,6.938775510204081,mics2714_no2,146.04177489371727,narcotic_voc,26.0,52.0,1013.25,3,room_1,"[np.float64(17387.282905154963), np.float64(22210.059910693402), np.float64(15870.683465093656), np.float64(11160.05083097767), np.float64(25477.557941854993), np.float64(24985.39697422448), np.float64(22367.41177136067), np.float64(11803.628430749068), np.float64(19755.76667172718), np.float64(14024.34742350067)]"
synthetic_transient,transient_scan_2,7.142857142857143,mics2714_no2,145.72010574786358,narcotic_voc,26.0,52.0,1013.25,3,room_1,"[np.float64(17387.282905154963), np.float64(22210.059910693402), np.float64(15870.683465093656), np.float64(11160.05083097767), np.float64(25477.557941854993), np.float64(24985.39697422448), np.float64(22367.41177136067), np.float64(11803.628430749068), np.float64(19755.76667172718), np.float64(14024.34742350067)]"
synthetic_transient,transient_scan_2,7.346938775510204,mics2714_no2,146.53393724282844,narcotic_voc,26.0,52.0,1013.25,3,room_1,"[np.float64(17387.282905154963), np.float64(22210.059910693402), np.float64(15870.683465093656), np.float64(11160.05083097767), np.float64(25477.557941854993), np.float64(24985.39697422448), np.float64(22367.41177136067), np.float64(11803.628430749068), np.float64(19755.76667172718), np.float64(14024.34742350067)]"
synthetic_transient,transient_scan_2,7.551020408163265,mics2714_no2,147.8858199412991,narcotic_voc,26.0,52.0,1013.25,3,room_1,"[np.float64(17387.282905154963), np.float64(22210.059910693402), np.float64(15870.683465093656), np.float64(11160.05083097767), np.float64(25477.557941854993), np.float64(24985.39697422448), np.float64(22367.41177136067), np.float64(11803.628430749068), np.float64(19755.76667172718), np.float64(14024.34742350067)]"
synthetic_transient,transient_scan_2,7.755102040816327,mics2714_no2,147.66786255483925,narcotic_voc,26.0,52.0,1013.25,3,room_1,"[np.float64(17387.282905154963), np.float64(22210.059910693402), np.float64(15870.683465093656), np.float64(11160.05083097767), np.float64(25477.557941854993), np.float64(24985.39697422448), np.float64(22367.41177136067), np.float64(11803.628430749068), np.float64(19755.76667172718), np.float64(14024.34742350067)]"
synthetic_transient,transient_scan_2,7.959183673469388,mics2714_no2,147.61313188445695,narcotic_voc,26.0,52.0,1013.25,3,room_1,"[np.float64(17387.282905154963), np.float64(22210.059910693402), np.float64(15870.683465093656), np.float64(11160.05083097767), np.float64(25477.557941854993), np.float64(24985.39697422448), np.float64(22367.41177136067), np.float64(11803.628430749068), np.float64(19755.76667172718), np.float64(14024.34742350067)]"
synthetic_transient,transient_scan_2,8.16326530612245,mics2714_no2,147.48132546878762,narcotic_voc,26.0,52.0,1013.25,3,room_1,"[np.float64(17387.282905154963), np.float64(22210.059910693402), np.float64(15870.683465093656), np.float64(11160.05083097767), np.float64(25477.557941854993), np.float64(24985.39697422448), np.float64(22367.41177136067), np.float64(11803.628430749068), np.float64(19755.76667172718), np.float64(14024.34742350067)]"
synthetic_transient,transient_scan_2,8.36734693877551,mics2714_no2,147.96209068128164,narcotic_voc,26.0,52.0,1013.25,3,room_1,"[np.float64(17387.282905154963), np.float64(22210.059910693402), np.float64(15870.683465093656), np.float64(11160.05083097767), np.float64(25477.557941854993), np.float64(24985.39697422448), np.float64(22367.41177136067), np.float64(11803.628430749068), np.float64(19755.76667172718), np.float64(14024.34742350067)]"
synthetic_transient,transient_scan_2,8.571428571428571,mics2714_no2,148.22809042672435,narcotic_voc,26.0,52.0,1013.25,3,room_1,"[np.float64(17387.282905154963), np.float64(22210.059910693402), np.float64(15870.683465093656), np.float64(11160.05083097767), np.float64(25477.557941854993), np.float64(24985.39697422448), np.float64(22367.41177136067), np.float64(11803.628430749068), np.float64(19755.76667172718), np.float64(14024.34742350067)]"
synthetic_transient,transient_scan_2,8.775510204081632,mics2714_no2,148.5353924953743,narcotic_voc,26.0,52.0,1013.25,3,room_1,"[np.float64(17387.282905154963), np.float64(22210.059910693402), np.float64(15870.683465093656), np.float64(11160.05083097767), np.float64(25477.557941854993), np.float64(24985.39697422448), np.float64(22367.41177136067), np.float64(11803.628430749068), np.float64(19755.76667172718), np.float64(14024.34742350067)]"
synthetic_transient,transient_scan_2,8.979591836734695,mics2714_no2,147.93631487220011,narcotic_voc,26.0,52.0,1013.25,3,room_1,"[np.float64(17387.282905154963), np.float64(22210.059910693402), np.float64(15870.683465093656), np.float64(11160.05083097767), np.float64(25477.557941854993), np.float64(24985.39697422448), np.float64(22367.41177136067), np.float64(11803.628430749068), np.float64(19755.76667172718), np.float64(14024.34742350067)]"
synthetic_transient,transient_scan_2,9.183673469387756,mics2714_no2,148.95681967364294,narcotic_voc,26.0,52.0,1013.25,3,room_1,"[np.float64(17387.282905154963), np.float64(22210.059910693402), np.float64(15870.683465093656), np.float64(11160.05083097767), np.float64(25477.557941854993), np.float64(24985.39697422448), np.float64(22367.41177136067), np.float64(11803.628430749068), np.float64(19755.76667172718), np.float64(14024.34742350067)]"
synthetic_transient,transient_scan_2,9.387755102040817,mics2714_no2,148.2114354848573,narcotic_voc,26.0,52.0,1013.25,3,room_1,"[np.float64(17387.282905154963), np.float64(22210.059910693402), np.float64(15870.683465093656), np.float64(11160.05083097767), np.float64(25477.557941854993), np.float64(24985.39697422448), np.float64(22367.41177136067), np.float64(11803.628430749068), np.float64(19755.76667172718), np.float64(14024.34742350067)]"
synthetic_transient,transient_scan_2,9.591836734693878,mics2714_no2,149.69244953972628,narcotic_voc,26.0,52.0,1013.25,3,room_1,"[np.float64(17387.282905154963), np.float64(22210.059910693402), np.float64(15870.683465093656), np.float64(11160.05083097767), np.float64(25477.557941854993), np.float64(24985.39697422448), np.float64(22367.41177136067), np.float64(11803.628430749068), np.float64(19755.76667172718), np.float64(14024.34742350067)]"
synthetic_transient,transient_scan_2,9.795918367346939,mics2714_no2,148.60002265624465,narcotic_voc,26.0,52.0,1013.25,3,room_1,"[np.float64(17387.282905154963), np.float64(22210.059910693402), np.float64(15870.683465093656), np.float64(11160.05083097767), np.float64(25477.557941854993), np.float64(24985.39697422448), np.float64(22367.41177136067), np.float64(11803.628430749068), np.float64(19755.76667172718), np.float64(14024.34742350067)]"
synthetic_transient,transient_scan_2,10.0,mics2714_no2,149.2325322154014,narcotic_voc,26.0,52.0,1013.25,3,room_1,"[np.float64(17387.282905154963), np.float64(22210.059910693402), np.float64(15870.683465093656), np.float64(11160.05083097767), np.float64(25477.557941854993), np.float64(24985.39697422448), np.float64(22367.41177136067), np.float64(11803.628430749068), np.float64(19755.76667172718), np.float64(14024.34742350067)]"
synthetic_transient,transient_scan_2,0.0,mics2714_h2,100.50257128663901,narcotic_voc,26.0,52.0,1013.25,3,room_1,"[np.float64(17387.282905154963), np.float64(22210.059910693402), np.float64(15870.683465093656), np.float64(11160.05083097767), np.float64(25477.557941854993), np.float64(24985.39697422448), np.float64(22367.41177136067), np.float64(11803.628430749068), np.float64(19755.76667172718), np.float64(14024.34742350067)]"
synthetic_transient,transient_scan_2,0.20408163265306123,mics2714_h2,99.87380997826777,narcotic_voc,26.0,52.0,1013.25,3,room_1,"[np.float64(17387.282905154963), np.float64(22210.059910693402), np.float64(15870.683465093656), np.float64(11160.05083097767), np.float64(25477.557941854993), np.float64(24985.39697422448), np.float64(22367.41177136067), np.float64(11803.628430749068), np.float64(19755.76667172718), np.float64(14024.34742350067)]"
synthetic_transient,transient_scan_2,0.40816326530612246,mics2714_h2,100.17030000954993,narcotic_voc,26.0,52.0,1013.25,3,room_1,"[np.float64(17387.282905154963), np.float64(22210.059910693402), np.float64(15870.683465093656), np.float64(11160.05083097767), np.float64(25477.557941854993), np.float64(24985.39697422448), np.float64(22367.41177136067), np.float64(11803.628430749068), np.float64(19755.76667172718), np.float64(14024.34742350067)]"
synthetic_transient,transient_scan_2,0.6122448979591837,mics2714_h2,100.71759077459502,narcotic_voc,26.0,52.0,1013.25,3,room_1,"[np.float64(17387.282905154963), np.float64(22210.059910693402), np.float64(15870.683465093656), np.float64(11160.05083097767), np.float64(25477.557941854993), np.float64(24985.39697422448), np.float64(22367.41177136067), np.float64(11803.628430749068), np.float64(19755.76667172718), np.float64(14024.34742350067)]"
synthetic_transient,transient_scan_2,0.8163265306122449,mics2714_h2,100.28220149394663,narcotic_voc,26.0,52.0,1013.25,3,room_1,"[np.float64(17387.282905154963), np.float64(22210.059910693402), np.float64(15870.683465093656), np.float64(11160.05083097767), np.float64(25477.557941854993), np.float64(24985.39697422448), np.float64(22367.41177136067), np.float64(11803.628430749068), np.float64(19755.76667172718), np.float64(14024.34742350067)]"
synthetic_transient,transient_scan_2,1.0204081632653061,mics2714_h2,100.17777531483718,narcotic_voc,26.0,52.0,1013.25,3,room_1,"[np.float64(17387.282905154963), np.float64(22210.059910693402), np.float64(15870.683465093656), np.float64(11160.05083097767), np.float64(25477.557941854993), np.float64(24985.39697422448), np.float64(22367.41177136067), np.float64(11803.628430749068), np.float64(19755.76667172718), np.float64(14024.34742350067)]"
synthetic_transient,transient_scan_2,1.2244897959183674,mics2714_h2,99.15760730258977,narcotic_voc,26.0,52.0,1013.25,3,room_1,"[np.float64(17387.282905154963), np.float64(22210.059910693402), np.float64(15870.683465093656), np.float64(11160.05083097767), np.float64(25477.557941854993), np.float64(24985.39697422448), np.float64(22367.41177136067), np.float64(11803.628430749068), np.float64(19755.76667172718), np.float64(14024.34742350067)]"
synthetic_transient,transient_scan_2,1.4285714285714286,mics2714_h2,99.5331388736299,narcotic_voc,26.0,52.0,1013.25,3,room_1,"[np.float64(17387.282905154963), np.float64(22210.059910693402), np.float64(15870.683465093656), np.float64(11160.05083097767), np.float64(25477.557941854993), np.float64(24985.39697422448), np.float64(22367.41177136067), np.float64(11803.628430749068), np.float64(19755.76667172718), np.float64(14024.34742350067)]"
synthetic_transient,transient_scan_2,1.6326530612244898,mics2714_h2,100.52346006382501,narcotic_voc,26.0,52.0,1013.25,3,room_1,"[np.float64(17387.282905154963), np.float64(22210.059910693402), np.float64(15870.683465093656), np.float64(11160.05083097767), np.float64(25477.557941854993), np.float64(24985.39697422448), np.float64(22367.41177136067), np.float64(11803.628430749068), np.float64(19755.76667172718), np.float64(14024.34742350067)]"
synthetic_transient,transient_scan_2,1.836734693877551,mics2714_h2,100.2849751526707,narcotic_voc,26.0,52.0,1013.25,3,room_1,"[np.float64(17387.282905154963), np.float64(22210.059910693402), np.float64(15870.683465093656), np.float64(11160.05083097767), np.float64(25477.557941854993), np.float64(24985.39697422448), np.float64(22367.41177136067), np.float64(11803.628430749068), np.float64(19755.76667172718), np.float64(14024.34742350067)]"
synthetic_transient,transient_scan_2,2.0408163265306123,mics2714_h2,99.55268009104071,narcotic_voc,26.0,52.0,1013.25,3,room_1,"[np.float64(17387.282905154963), np.float64(22210.059910693402), np.float64(15870.683465093656), np.float64(11160.05083097767), np.float64(25477.557941854993), np.float64(24985.39697422448), np.float64(22367.41177136067), np.float64(11803.628430749068), np.float64(19755.76667172718), np.float64(14024.34742350067)]"
synthetic_transient,transient_scan_2,2.2448979591836737,mics2714_h2,95.7077402321618,narcotic_voc,26.0,52.0,1013.25,3,room_1,"[np.float64(17387.282905154963), np.float64(22210.059910693402), np.float64(15870.683465093656), np.float64(11160.05083097767), np.float64(25477.557941854993), np.float64(24985.39697422448), np.float64(22367.41177136067), np.float64(11803.628430749068), np.float64(19755.76667172718), np.float64(14024.34742350067)]"
synthetic_transient,transient_scan_2,2.4489795918367347,mics2714_h2,92.60182742183876,narcotic_voc,26.0,52.0,1013.25,3,room_1,"[np.float64(17387.282905154963), np.float64(22210.059910693402), np.float64(15870.683465093656), np.float64(11160.05083097767), np.float64(25477.557941854993), np.float64(24985.39697422448), np.float64(22367.41177136067), np.float64(11803.628430749068), np.float64(19755.76667172718), np.float64(14024.34742350067)]"
synthetic_transient,transient_scan_2,2.6530612244897958,mics2714_h2,88.72619165171268,narcotic_voc,26.0,52.0,1013.25,3,room_1,"[np.float64(17387.282905154963), np.float64(22210.059910693402), np.float64(15870.683465093656), np.float64(11160.05083097767), np.float64(25477.557941854993), np.float64(24985.39697422448), np.float64(22367.41177136067), np.float64(11803.628430749068), np.float64(19755.76667172718), np.float64(14024.34742350067)]"
synthetic_transient,transient_scan_2,2.857142857142857,mics2714_h2,86.11781228063688,narcotic_voc,26.0,52.0,1013.25,3,room_1,"[np.float64(17387.282905154963), np.float64(22210.059910693402), np.float64(15870.683465093656), np.float64(11160.05083097767), np.float64(25477.557941854993), np.float64(24985.39697422448), np.float64(22367.41177136067), np.float64(11803.628430749068), np.float64(19755.76667172718), np.float64(14024.34742350067)]"
synthetic_transient,transient_scan_2,3.0612244897959187,mics2714_h2,83.01545121678394,narcotic_voc,26.0,52.0,1013.25,3,room_1,"[np.float64(17387.282905154963), np.float64(22210.059910693402), np.float64(15870.683465093656), np.float64(11160.05083097767), np.float64(25477.557941854993), np.float64(24985.39697422448), np.float64(22367.41177136067), np.float64(11803.628430749068), np.float64(19755.76667172718), np.float64(14024.34742350067)]"
synthetic_transient,transient_scan_2,3.2653061224489797,mics2714_h2,80.6082157115064,narcotic_voc,26.0,52.0,1013.25,3,room_1,"[np.float64(17387.282905154963), np.float64(22210.059910693402), np.float64(15870.683465093656), np.float64(11160.05083097767), np.float64(25477.557941854993), np.float64(24985.39697422448), np.float64(22367.41177136067), np.float64(11803.628430749068), np.float64(19755.76667172718), np.float64(14024.34742350067)]"
synthetic_transient,transient_scan_2,3.4693877551020407,mics2714_h2,78.36422039540774,narcotic_voc,26.0,52.0,1013.25,3,room_1,"[np.float64(17387.282905154963), np.float64(22210.059910693402), np.float64(15870.683465093656), np.float64(11160.05083097767), np.float64(25477.557941854993), np.float64(24985.39697422448), np.float64(22367.41177136067), np.float64(11803.628430749068), np.float64(19755.76667172718), np.float64(14024.34742350067)]"
synthetic_transient,transient_scan_2,3.673469387755102,mics2714_h2,76.8823180284442,narcotic_voc,26.0,52.0,1013.25,3,room_1,"[np.float64(17387.282905154963), np.float64(22210.059910693402), np.float64(15870.683465093656), np.float64(11160.05083097767), np.float64(25477.557941854993), np.float64(24985.39697422448), np.float64(22367.41177136067), np.float64(11803.628430749068), np.float64(19755.76667172718), np.float64(14024.34742350067)]"
synthetic_transient,transient_scan_2,3.8775510204081636,mics2714_h2,76.4205388327585,narcotic_voc,26.0,52.0,1013.25,3,room_1,"[np.float64(17387.282905154963), np.float64(22210.059910693402), np.float64(15870.683465093656), np.float64(11160.05083097767), np.float64(25477.557941854993), np.float64(24985.39697422448), np.float64(22367.41177136067), np.float64(11803.628430749068), np.float64(19755.76667172718), np.float64(14024.34742350067)]"
synthetic_transient,transient_scan_2,4.081632653061225,mics2714_h2,73.35028707655779,narcotic_voc,26.0,52.0,1013.25,3,room_1,"[np.float64(17387.282905154963), np.float64(22210.059910693402), np.float64(15870.683465093656), np.float64(11160.05083097767), np.float64(25477.557941854993), np.float64(24985.39697422448), np.float64(22367.41177136067), np.float64(11803.628430749068), np.float64(19755.76667172718), np.float64(14024.34742350067)]"
synthetic_transient,transient_scan_2,4.285714285714286,mics2714_h2,72.60449430017022,narcotic_voc,26.0,52.0,1013.25,3,room_1,"[np.float64(17387.282905154963), np.float64(22210.059910693402), np.float64(15870.683465093656), np.float64(11160.05083097767), np.float64(25477.557941854993), np.float64(24985.39697422448), np.float64(22367.41177136067), np.float64(11803.628430749068), np.float64(19755.76667172718), np.float64(14024.34742350067)]"
synthetic_transient,transient_scan_2,4.4897959183673475,mics2714_h2,70.87223899238523,narcotic_voc,26.0,52.0,1013.25,3,room_1,"[np.float64(17387.282905154963), np.float64(22210.059910693402), np.float64(15870.683465093656), np.float64(11160.05083097767), np.float64(25477.557941854993), np.float64(24985.39697422448), np.float64(22367.41177136067), np.float64(11803.628430749068), np.float64(19755.76667172718), np.float64(14024.34742350067)]"
synthetic_transient,transient_scan_2,4.6938775510204085,mics2714_h2,70.1009157866402,narcotic_voc,26.0,52.0,1013.25,3,room_1,"[np.float64(17387.282905154963), np.float64(22210.059910693402), np.float64(15870.683465093656), np.float64(11160.05083097767), np.float64(25477.557941854993), np.float64(24985.39697422448), np.float64(22367.41177136067), np.float64(11803.628430749068), np.float64(19755.76667172718), np.float64(14024.34742350067)]"
synthetic_transient,transient_scan_2,4.8979591836734695,mics2714_h2,69.4772376039087,narcotic_voc,26.0,52.0,1013.25,3,room_1,"[np.float64(17387.282905154963), np.float64(22210.059910693402), np.float64(15870.683465093656), np.float64(11160.05083097767), np.float64(25477.557941854993), np.float64(24985.39697422448), np.float64(22367.41177136067), np.float64(11803.628430749068), np.float64(19755.76667172718), np.float64(14024.34742350067)]"
synthetic_transient,transient_scan_2,5.1020408163265305,mics2714_h2,68.13120225235015,narcotic_voc,26.0,52.0,1013.25,3,room_1,"[np.float64(17387.282905154963), np.float64(22210.059910693402), np.float64(15870.683465093656), np.float64(11160.05083097767), np.float64(25477.557941854993), np.float64(24985.39697422448), np.float64(22367.41177136067), np.float64(11803.628430749068), np.float64(19755.76667172718), np.float64(14024.34742350067)]"
synthetic_transient,transient_scan_2,5.3061224489795915,mics2714_h2,68.20334841965645,narcotic_voc,26.0,52.0,1013.25,3,room_1,"[np.float64(17387.282905154963), np.float64(22210.059910693402), np.float64(15870.683465093656), np.float64(11160.05083097767), np.float64(25477.557941854993), np.float64(24985.39697422448), np.float64(22367.41177136067), np.float64(11803.628430749068), np.float64(19755.76667172718), np.float64(14024.34742350067)]"
synthetic_transient,transient_scan_2,5.510204081632653,mics2714_h2,67.68257304425346,narcotic_voc,26.0,52.0,1013.25,3,room_1,"[np.float64(17387.282905154963), np.float64(22210.059910693402), np.float64(15870.683465093656), np.float64(11160.05083097767), np.float64(25477.557941854993), np.float64(24985.39697422448), np.float64(22367.41177136067), np.float64(11803.628430749068), np.float64(19755.76667172718), np.float64(14024.34742350067)]"
synthetic_transient,transient_scan_2,5.714285714285714,mics2714_h2,65.12017394861087,narcotic_voc,26.0,52.0,1013.25,3,room_1,"[np.float64(17387.282905154963), np.float64(22210.059910693402), np.float64(15870.683465093656), np.float64(11160.05083097767), np.float64(25477.557941854993), np.float64(24985.39697422448), np.float64(22367.41177136067), np.float64(11803.628430749068), np.float64(19755.76667172718), np.float64(14024.34742350067)]"
synthetic_transient,transient_scan_2,5.918367346938775,mics2714_h2,65.29744200814957,narcotic_voc,26.0,52.0,1013.25,3,room_1,"[np.float64(17387.282905154963), np.float64(22210.059910693402), np.float64(15870.683465093656), np.float64(11160.05083097767), np.float64(25477.557941854993), np.float64(24985.39697422448), np.float64(22367.41177136067), np.float64(11803.628430749068), np.float64(19755.76667172718), np.float64(14024.34742350067)]"
synthetic_transient,transient_scan_2,6.122448979591837,mics2714_h2,65.12149103397267,narcotic_voc,26.0,52.0,1013.25,3,room_1,"[np.float64(17387.282905154963), np.float64(22210.059910693402), np.float64(15870.683465093656), np.float64(11160.05083097767), np.float64(25477.557941854993), np.float64(24985.39697422448), np.float64(22367.41177136067), np.float64(11803.628430749068), np.float64(19755.76667172718), np.float64(14024.34742350067)]"
synthetic_transient,transient_scan_2,6.326530612244898,mics2714_h2,65.16102504727846,narcotic_voc,26.0,52.0,1013.25,3,room_1,"[np.float64(17387.282905154963), np.float64(22210.059910693402), np.float64(15870.683465093656), np.float64(11160.05083097767), np.float64(25477.557941854993), np.float64(24985.39697422448), np.float64(22367.41177136067), np.float64(11803.628430749068), np.float64(19755.76667172718), np.float64(14024.34742350067)]"
synthetic_transient,transient_scan_2,6.530612244897959,mics2714_h2,63.92480805045757,narcotic_voc,26.0,52.0,1013.25,3,room_1,"[np.float64(17387.282905154963), np.float64(22210.059910693402), np.float64(15870.683465093656), np.float64(11160.05083097767), np.float64(25477.557941854993), np.float64(24985.39697422448), np.float64(22367.41177136067), np.float64(11803.628430749068), np.float64(19755.76667172718), np.float64(14024.34742350067)]"
synthetic_transient,transient_scan_2,6.73469387755102,mics2714_h2,63.73919492846909,narcotic_voc,26.0,52.0,1013.25,3,room_1,"[np.float64(17387.282905154963), np.float64(22210.059910693402), np.float64(15870.683465093656), np.float64(11160.05083097767), np.float64(25477.557941854993), np.float64(24985.39697422448), np.float64(22367.41177136067), np.float64(11803.628430749068), np.float64(19755.76667172718), np.float64(14024.34742350067)]"
synthetic_transient,transient_scan_2,6.938775510204081,mics2714_h2,62.807094347723,narcotic_voc,26.0,52.0,1013.25,3,room_1,"[np.float64(17387.282905154963), np.float64(22210.059910693402), np.float64(15870.683465093656), np.float64(11160.05083097767), np.float64(25477.557941854993), np.float64(24985.39697422448), np.float64(22367.41177136067), np.float64(11803.628430749068), np.float64(19755.76667172718), np.float64(14024.34742350067)]"
synthetic_transient,transient_scan_2,7.142857142857143,mics2714_h2,62.29065355349955,narcotic_voc,26.0,52.0,1013.25,3,room_1,"[np.float64(17387.282905154963), np.float64(22210.059910693402), np.float64(15870.683465093656), np.float64(11160.05083097767), np.float64(25477.557941854993), np.float64(24985.39697422448), np.float64(22367.41177136067), np.float64(11803.628430749068), np.float64(19755.76667172718), np.float64(14024.34742350067)]"
synthetic_transient,transient_scan_2,7.346938775510204,mics2714_h2,63.483187496300104,narcotic_voc,26.0,52.0,1013.25,3,room_1,"[np.float64(17387.282905154963), np.float64(22210.059910693402), np.float64(15870.683465093656), np.float64(11160.05083097767), np.float64(25477.557941854993), np.float64(24985.39697422448), np.float64(22367.41177136067), np.float64(11803.628430749068), np.float64(19755.76667172718), np.float64(14024.34742350067)]"
synthetic_transient,transient_scan_2,7.551020408163265,mics2714_h2,61.58067201688709,narcotic_voc,26.0,52.0,1013.25,3,room_1,"[np.float64(17387.282905154963), np.float64(22210.059910693402), np.float64(15870.683465093656), np.float64(11160.05083097767), np.float64(25477.557941854993), np.float64(24985.39697422448), np.float64(22367.41177136067), np.float64(11803.628430749068), np.float64(19755.76667172718), np.float64(14024.34742350067)]"
synthetic_transient,transient_scan_2,7.755102040816327,mics2714_h2,63.415205671985035,narcotic_voc,26.0,52.0,1013.25,3,room_1,"[np.float64(17387.282905154963), np.float64(22210.059910693402), np.float64(15870.683465093656), np.float64(11160.05083097767), np.float64(25477.557941854993), np.float64(24985.39697422448), np.float64(22367.41177136067), np.float64(11803.628430749068), np.float64(19755.76667172718), np.float64(14024.34742350067)]"
synthetic_transient,transient_scan_2,7.959183673469388,mics2714_h2,62.39511849430575,narcotic_voc,26.0,52.0,1013.25,3,room_1,"[np.float64(17387.282905154963), np.float64(22210.059910693402), np.float64(15870.683465093656), np.float64(11160.05083097767), np.float64(25477.557941854993), np.float64(24985.39697422448), np.float64(22367.41177136067), np.float64(11803.628430749068), np.float64(19755.76667172718), np.float64(14024.34742350067)]"
synthetic_transient,transient_scan_2,8.16326530612245,mics2714_h2,62.17535783168436,narcotic_voc,26.0,52.0,1013.25,3,room_1,"[np.float64(17387.282905154963), np.float64(22210.059910693402), np.float64(15870.683465093656), np.float64(11160.05083097767), np.float64(25477.557941854993), np.float64(24985.39697422448), np.float64(22367.41177136067), np.float64(11803.628430749068), np.float64(19755.76667172718), np.float64(14024.34742350067)]"
synthetic_transient,transient_scan_2,8.36734693877551,mics2714_h2,61.94506120307191,narcotic_voc,26.0,52.0,1013.25,3,room_1,"[np.float64(17387.282905154963), np.float64(22210.059910693402), np.float64(15870.683465093656), np.float64(11160.05083097767), np.float64(25477.557941854993), np.float64(24985.39697422448), np.float64(22367.41177136067), np.float64(11803.628430749068), np.float64(19755.76667172718), np.float64(14024.34742350067)]"
synthetic_transient,transient_scan_2,8.571428571428571,mics2714_h2,61.370211210688986,narcotic_voc,26.0,52.0,1013.25,3,room_1,"[np.float64(17387.282905154963), np.float64(22210.059910693402), np.float64(15870.683465093656), np.float64(11160.05083097767), np.float64(25477.557941854993), np.float64(24985.39697422448), np.float64(22367.41177136067), np.float64(11803.628430749068), np.float64(19755.76667172718), np.float64(14024.34742350067)]"
synthetic_transient,transient_scan_2,8.775510204081632,mics2714_h2,61.547419642518896,narcotic_voc,26.0,52.0,1013.25,3,room_1,"[np.float64(17387.282905154963), np.float64(22210.059910693402), np.float64(15870.683465093656), np.float64(11160.05083097767), np.float64(25477.557941854993), np.float64(24985.39697422448), np.float64(22367.41177136067), np.float64(11803.628430749068), np.float64(19755.76667172718), np.float64(14024.34742350067)]"
synthetic_transient,transient_scan_2,8.979591836734695,mics2714_h2,61.1258355550766,narcotic_voc,26.0,52.0,1013.25,3,room_1,"[np.float64(17387.282905154963), np.float64(22210.059910693402), np.float64(15870.683465093656), np.float64(11160.05083097767), np.float64(25477.557941854993), np.float64(24985.39697422448), np.float64(22367.41177136067), np.float64(11803.628430749068), np.float64(19755.76667172718), np.float64(14024.34742350067)]"
synthetic_transient,transient_scan_2,9.183673469387756,mics2714_h2,61.37844408368284,narcotic_voc,26.0,52.0,1013.25,3,room_1,"[np.float64(17387.282905154963), np.float64(22210.059910693402), np.float64(15870.683465093656), np.float64(11160.05083097767), np.float64(25477.557941854993), np.float64(24985.39697422448), np.float64(22367.41177136067), np.float64(11803.628430749068), np.float64(19755.76667172718), np.float64(14024.34742350067)]"
synthetic_transient,transient_scan_2,9.387755102040817,mics2714_h2,60.978171109341936,narcotic_voc,26.0,52.0,1013.25,3,room_1,"[np.float64(17387.282905154963), np.float64(22210.059910693402), np.float64(15870.683465093656), np.float64(11160.05083097767), np.float64(25477.557941854993), np.float64(24985.39697422448), np.float64(22367.41177136067), np.float64(11803.628430749068), np.float64(19755.76667172718), np.float64(14024.34742350067)]"
synthetic_transient,transient_scan_2,9.591836734693878,mics2714_h2,60.42331661758085,narcotic_voc,26.0,52.0,1013.25,3,room_1,"[np.float64(17387.282905154963), np.float64(22210.059910693402), np.float64(15870.683465093656), np.float64(11160.05083097767), np.float64(25477.557941854993), np.float64(24985.39697422448), np.float64(22367.41177136067), np.float64(11803.628430749068), np.float64(19755.76667172718), np.float64(14024.34742350067)]"
synthetic_transient,transient_scan_2,9.795918367346939,mics2714_h2,60.37604423790666,narcotic_voc,26.0,52.0,1013.25,3,room_1,"[np.float64(17387.282905154963), np.float64(22210.059910693402), np.float64(15870.683465093656), np.float64(11160.05083097767), np.float64(25477.557941854993), np.float64(24985.39697422448), np.float64(22367.41177136067), np.float64(11803.628430749068), np.float64(19755.76667172718), np.float64(14024.34742350067)]"
synthetic_transient,transient_scan_2,10.0,mics2714_h2,60.240489367903116,narcotic_voc,26.0,52.0,1013.25,3,room_1,"[np.float64(17387.282905154963), np.float64(22210.059910693402), np.float64(15870.683465093656), np.float64(11160.05083097767), np.float64(25477.557941854993), np.float64(24985.39697422448), np.float64(22367.41177136067), np.float64(11803.628430749068), np.float64(19755.76667172718), np.float64(14024.34742350067)]"
synthetic_transient,transient_scan_3,0.0,mq2,99.51540019484311,clean,26.5,53.0,1013.25,1,room_2,"[np.float64(12682.249123157164), np.float64(25075.647445816587), np.float64(18479.031916881362), np.float64(12782.692478900091), np.float64(20258.34458277296), np.float64(22903.766855579837), np.float64(11815.600018338344), np.float64(15338.727538133788), np.float64(8047.152333423689), np.float64(9528.73373836701)]"
synthetic_transient,transient_scan_3,0.20408163265306123,mq2,100.27551865112127,clean,26.5,53.0,1013.25,1,room_2,"[np.float64(12682.249123157164), np.float64(25075.647445816587), np.float64(18479.031916881362), np.float64(12782.692478900091), np.float64(20258.34458277296), np.float64(22903.766855579837), np.float64(11815.600018338344), np.float64(15338.727538133788), np.float64(8047.152333423689), np.float64(9528.73373836701)]"
synthetic_transient,transient_scan_3,0.40816326530612246,mq2,100.92331325041523,clean,26.5,53.0,1013.25,1,room_2,"[np.float64(12682.249123157164), np.float64(25075.647445816587), np.float64(18479.031916881362), np.float64(12782.692478900091), np.float64(20258.34458277296), np.float64(22903.766855579837), np.float64(11815.600018338344), np.float64(15338.727538133788), np.float64(8047.152333423689), np.float64(9528.73373836701)]"
synthetic_transient,transient_scan_3,0.6122448979591837,mq2,100.11114135872914,clean,26.5,53.0,1013.25,1,room_2,"[np.float64(12682.249123157164), np.float64(25075.647445816587), np.float64(18479.031916881362), np.float64(12782.692478900091), np.float64(20258.34458277296), np.float64(22903.766855579837), np.float64(11815.600018338344), np.float64(15338.727538133788), np.float64(8047.152333423689), np.float64(9528.73373836701)]"
synthetic_transient,transient_scan_3,0.8163265306122449,mq2,100.08023810349943,clean,26.5,53.0,1013.25,1,room_2,"[np.float64(12682.249123157164), np.float64(25075.647445816587), np.float64(18479.031916881362), np.float64(12782.692478900091), np.float64(20258.34458277296), np.float64(22903.766855579837), np.float64(11815.600018338344), np.float64(15338.727538133788), np.float64(8047.152333423689), np.float64(9528.73373836701)]"
synthetic_transient,transient_scan_3,1.0204081632653061,mq2,99.53138597558309,clean,26.5,53.0,1013.25,1,room_2,"[np.float64(12682.249123157164), np.float64(25075.647445816587), np.float64(18479.031916881362), np.float64(12782.692478900091), np.float64(20258.34458277296), np.float64(22903.766855579837), np.float64(11815.600018338344), np.float64(15338.727538133788), np.float64(8047.152333423689), np.float64(9528.73373836701)]"
synthetic_transient,transient_scan_3,1.2244897959183674,mq2,100.69870735153019,clean,26.5,53.0,1013.25,1,room_2,"[np.float64(12682.249123157164), np.float64(25075.647445816587), np.float64(18479.031916881362), np.float64(12782.692478900091), np.float64(20258.34458277296), np.float64(22903.766855579837), np.float64(11815.600018338344), np.float64(15338.727538133788), np.float64(8047.152333423689), np.float64(9528.73373836701)]"
synthetic_transient,transient_scan_3,1.4285714285714286,mq2,99.96242791659499,clean,26.5,53.0,1013.25,1,room_2,"[np.float64(12682.249123157164), np.float64(25075.647445816587), np.float64(18479.031916881362), np.float64(12782.692478900091), np.float64(20258.34458277296), np.float64(22903.766855579837), np.float64(11815.600018338344), np.float64(15338.727538133788), np.float64(8047.152333423689), np.float64(9528.73373836701)]"
synthetic_transient,transient_scan_3,1.6326530612244898,mq2,99.71051837240292,clean,26.5,53.0,1013.25,1,room_2,"[np.float64(12682.249123157164), np.float64(25075.647445816587), np.float64(18479.031916881362), np.float64(12782.692478900091), np.float64(20258.34458277296), np.float64(22903.766855579837), np.float64(11815.600018338344), np.float64(15338.727538133788), np.float64(8047.152333423689), np.float64(9528.73373836701)]"
synthetic_transient,transient_scan_3,1.836734693877551,mq2,100.0318441968258,clean,26.5,53.0,1013.25,1,room_2,"[np.float64(12682.249123157164), np.float64(25075.647445816587), np.float64(18479.031916881362), np.float64(12782.692478900091), np.float64(20258.34458277296), np.float64(22903.766855579837), np.float64(11815.600018338344), np.float64(15338.727538133788), np.float64(8047.152333423689), np.float64(9528.73373836701)]"
synthetic_transient,transient_scan_3,2.0408163265306123,mq2,99.42792762077148,clean,26.5,53.0,1013.25,1,room_2,"[np.float64(12682.249123157164), np.float64(25075.647445816587), np.float64(18479.031916881362), np.float64(12782.692478900091), np.float64(20258.34458277296), np.float64(22903.766855579837), np.float64(11815.600018338344), np.float64(15338.727538133788), np.float64(8047.152333423689), np.float64(9528.73373836701)]"
synthetic_transient,transient_scan_3,2.2448979591836737,mq2,95.4596494703768,clean,26.5,53.0,1013.25,1,room_2,"[np.float64(12682.249123157164), np.float64(25075.647445816587), np.float64(18479.031916881362), np.float64(12782.692478900091), np.float64(20258.34458277296), np.float64(22903.766855579837), np.float64(11815.600018338344), np.float64(15338.727538133788), np.float64(8047.152333423689), np.float64(9528.73373836701)]"
synthetic_transient,transient_scan_3,2.4489795918367347,mq2,92.56002585548637,clean,26.5,53.0,1013.25,1,room_2,"[np.float64(12682.249123157164), np.float64(25075.647445816587), np.float64(18479.031916881362), np.float64(12782.692478900091), np.float64(20258.34458277296), np.float64(22903.766855579837), np.float64(11815.600018338344), np.float64(15338.727538133788), np.float64(8047.152333423689), np.float64(9528.73373836701)]"
synthetic_transient,transient_scan_3,2.6530612244897958,mq2,89.04887739046367,clean,26.5,53.0,1013.25,1,room_2,"[np.float64(12682.249123157164), np.float64(25075.647445816587), np.float64(18479.031916881362), np.float64(12782.692478900091), np.float64(20258.34458277296), np.float64(22903.766855579837), np.float64(11815.600018338344), np.float64(15338.727538133788), np.float64(8047.152333423689), np.float64(9528.73373836701)]"
synthetic_transient,transient_scan_3,2.857142857142857,mq2,85.91559139580096,clean,26.5,53.0,1013.25,1,room_2,"[np.float64(12682.249123157164), np.float64(25075.647445816587), np.float64(18479.031916881362), np.float64(12782.692478900091), np.float64(20258.34458277296), np.float64(22903.766855579837), np.float64(11815.600018338344), np.float64(15338.727538133788), np.float64(8047.152333423689), np.float64(9528.73373836701)]"
synthetic_transient,transient_scan_3,3.0612244897959187,mq2,83.73038449151193,clean,26.5,53.0,1013.25,1,room_2,"[np.float64(12682.249123157164), np.float64(25075.647445816587), np.float64(18479.031916881362), np.float64(12782.692478900091), np.float64(20258.34458277296), np.float64(22903.766855579837), np.float64(11815.600018338344), np.float64(15338.727538133788), np.float64(8047.152333423689), np.float64(9528.73373836701)]"
synthetic_transient,transient_scan_3,3.2653061224489797,mq2,81.49704555378757,clean,26.5,53.0,1013.25,1,room_2,"[np.float64(12682.249123157164), np.float64(25075.647445816587), np.float64(18479.031916881362), np.float64(12782.692478900091), np.float64(20258.34458277296), np.float64(22903.766855579837), np.float64(11815.600018338344), np.float64(15338.727538133788), np.float64(8047.152333423689), np.float64(9528.73373836701)]"
synthetic_transient,transient_scan_3,3.4693877551020407,mq2,78.53790279356984,clean,26.5,53.0,1013.25,1,room_2,"[np.float64(12682.249123157164), np.float64(25075.647445816587), np.float64(18479.031916881362), np.float64(12782.692478900091), np.float64(20258.34458277296), np.float64(22903.766855579837), np.float64(11815.600018338344), np.float64(15338.727538133788), np.float64(8047.152333423689), np.float64(9528.73373836701)]"
synthetic_transient,transient_scan_3,3.673469387755102,mq2,77.89960964207599,clean,26.5,53.0,1013.25,1,room_2,"[np.float64(12682.249123157164), np.float64(25075.647445816587), np.float64(18479.031916881362), np.float64(12782.692478900091), np.float64(20258.34458277296), np.float64(22903.766855579837), np.float64(11815.600018338344), np.float64(15338.727538133788), np.float64(8047.152333423689), np.float64(9528.73373836701)]"
synthetic_transient,transient_scan_3,3.8775510204081636,mq2,75.493805915333,clean,26.5,53.0,1013.25,1,room_2,"[np.float64(12682.249123157164), np.float64(25075.647445816587), np.float64(18479.031916881362), np.float64(12782.692478900091), np.float64(20258.34458277296), np.float64(22903.766855579837), np.float64(11815.600018338344), np.float64(15338.727538133788), np.float64(8047.152333423689), np.float64(9528.73373836701)]"
synthetic_transient,transient_scan_3,4.081632653061225,mq2,73.9889889987131,clean,26.5,53.0,1013.25,1,room_2,"[np.float64(12682.249123157164), np.float64(25075.647445816587), np.float64(18479.031916881362), np.float64(12782.692478900091), np.float64(20258.34458277296), np.float64(22903.766855579837), np.float64(11815.600018338344), np.float64(15338.727538133788), np.float64(8047.152333423689), np.float64(9528.73373836701)]"
synthetic_transient,transient_scan_3,4.285714285714286,mq2,73.13195028649679,clean,26.5,53.0,1013.25,1,room_2,"[np.float64(12682.249123157164), np.float64(25075.647445816587), np.float64(18479.031916881362), np.float64(12782.692478900091), np.float64(20258.34458277296), np.float64(22903.766855579837), np.float64(11815.600018338344), np.float64(15338.727538133788), np.float64(8047.152333423689), np.float64(9528.73373836701)]"
synthetic_transient,transient_scan_3,4.4897959183673475,mq2,71.89239426633812,clean,26.5,53.0,1013.25,1,room_2,"[np.float64(12682.249123157164), np.float64(25075.647445816587), np.float64(18479.031916881362), np.float64(12782.692478900091), np.float64(20258.34458277296), np.float64(22903.766855579837), np.float64(11815.600018338344), np.float64(15338.727538133788), np.float64(8047.152333423689), np.float64(9528.73373836701)]"
synthetic_transient,transient_scan_3,4.6938775510204085,mq2,70.05098692870884,clean,26.5,53.0,1013.25,1,room_2,"[np.float64(12682.249123157164), np.float64(25075.647445816587), np.float64(18479.031916881362), np.float64(12782.692478900091), np.float64(20258.34458277296), np.float64(22903.766855579837), np.float64(11815.600018338344), np.float64(15338.727538133788), np.float64(8047.152333423689), np.float64(9528.73373836701)]"
synthetic_transient,transient_scan_3,4.8979591836734695,mq2,69.79384151680554,clean,26.5,53.0,1013.25,1,room_2,"[np.float64(12682.249123157164), np.float64(25075.647445816587), np.float64(18479.031916881362), np.float64(12782.692478900091), np.float64(20258.34458277296), np.float64(22903.766855579837), np.float64(11815.600018338344), np.float64(15338.727538133788), np.float64(8047.152333423689), np.float64(9528.73373836701)]"
synthetic_transient,transient_scan_3,5.1020408163265305,mq2,68.20103611320789,clean,26.5,53.0,1013.25,1,room_2,"[np.float64(12682.249123157164), np.float64(25075.647445816587), np.float64(18479.031916881362), np.float64(12782.692478900091), np.float64(20258.34458277296), np.float64(22903.766855579837), np.float64(11815.600018338344), np.float64(15338.727538133788), np.float64(8047.152333423689), np.float64(9528.73373836701)]"
synthetic_transient,transient_scan_3,5.3061224489795915,mq2,68.56830251049755,clean,26.5,53.0,1013.25,1,room_2,"[np.float64(12682.249123157164), np.float64(25075.647445816587), np.float64(18479.031916881362), np.float64(12782.692478900091), np.float64(20258.34458277296), np.float64(22903.766855579837), np.float64(11815.600018338344), np.float64(15338.727538133788), np.float64(8047.152333423689), np.float64(9528.73373836701)]"
synthetic_transient,transient_scan_3,5.510204081632653,mq2,66.5014869931958,clean,26.5,53.0,1013.25,1,room_2,"[np.float64(12682.249123157164), np.float64(25075.647445816587), np.float64(18479.031916881362), np.float64(12782.692478900091), np.float64(20258.34458277296), np.float64(22903.766855579837), np.float64(11815.600018338344), np.float64(15338.727538133788), np.float64(8047.152333423689), np.float64(9528.73373836701)]"
synthetic_transient,transient_scan_3,5.714285714285714,mq2,66.36446054349179,clean,26.5,53.0,1013.25,1,room_2,"[np.float64(12682.249123157164), np.float64(25075.647445816587), np.float64(18479.031916881362), np.float64(12782.692478900091), np.float64(20258.34458277296), np.float64(22903.766855579837), np.float64(11815.600018338344), np.float64(15338.727538133788), np.float64(8047.152333423689), np.float64(9528.73373836701)]"
synthetic_transient,transient_scan_3,5.918367346938775,mq2,65.24792935487133,clean,26.5,53.0,1013.25,1,room_2,"[np.float64(12682.249123157164), np.float64(25075.647445816587), np.float64(18479.031916881362), np.float64(12782.692478900091), np.float64(20258.34458277296), np.float64(22903.766855579837), np.float64(11815.600018338344), np.float64(15338.727538133788), np.float64(8047.152333423689), np.float64(9528.73373836701)]"
synthetic_transient,transient_scan_3,6.122448979591837,mq2,66.203267787404,clean,26.5,53.0,1013.25,1,room_2,"[np.float64(12682.249123157164), np.float64(25075.647445816587), np.float64(18479.031916881362), np.float64(12782.692478900091), np.float64(20258.34458277296), np.float64(22903.766855579837), np.float64(11815.600018338344), np.float64(15338.727538133788), np.float64(8047.152333423689), np.float64(9528.73373836701)]"
synthetic_transient,transient_scan_3,6.326530612244898,mq2,63.97905606222721,clean,26.5,53.0,1013.25,1,room_2,"[np.float64(12682.249123157164), np.float64(25075.647445816587), np.float64(18479.031916881362), np.float64(12782.692478900091), np.float64(20258.34458277296), np.float64(22903.766855579837), np.float64(11815.600018338344), np.float64(15338.727538133788), np.float64(8047.152333423689), np.float64(9528.73373836701)]"
synthetic_transient,transient_scan_3,6.530612244897959,mq2,64.41411156166066,clean,26.5,53.0,1013.25,1,room_2,"[np.float64(12682.249123157164), np.float64(25075.647445816587), np.float64(18479.031916881362), np.float64(12782.692478900091), np.float64(20258.34458277296), np.float64(22903.766855579837), np.float64(11815.600018338344), np.float64(15338.727538133788), np.float64(8047.152333423689), np.float64(9528.73373836701)]"
synthetic_transient,transient_scan_3,6.73469387755102,mq2,63.3817074188531,clean,26.5,53.0,1013.25,1,room_2,"[np.float64(12682.249123157164), np.float64(25075.647445816587), np.float64(18479.031916881362), np.float64(12782.692478900091), np.float64(20258.34458277296), np.float64(22903.766855579837), np.float64(11815.600018338344), np.float64(15338.727538133788), np.float64(8047.152333423689), np.float64(9528.73373836701)]"
synthetic_transient,transient_scan_3,6.938775510204081,mq2,63.20841263952499,clean,26.5,53.0,1013.25,1,room_2,"[np.float64(12682.249123157164), np.float64(25075.647445816587), np.float64(18479.031916881362), np.float64(12782.692478900091), np.float64(20258.34458277296), np.float64(22903.766855579837), np.float64(11815.600018338344), np.float64(15338.727538133788), np.float64(8047.152333423689), np.float64(9528.73373836701)]"
synthetic_transient,transient_scan_3,7.142857142857143,mq2,63.28382039650331,clean,26.5,53.0,1013.25,1,room_2,"[np.float64(12682.249123157164), np.float64(25075.647445816587), np.float64(18479.031916881362), np.float64(12782.692478900091), np.float64(20258.34458277296), np.float64(22903.766855579837), np.float64(11815.600018338344), np.float64(15338.727538133788), np.float64(8047.152333423689), np.float64(9528.73373836701)]"
synthetic_transient,transient_scan_3,7.346938775510204,mq2,63.37278737032171,clean,26.5,53.0,1013.25,1,room_2,"[np.float64(12682.249123157164), np.float64(25075.647445816587), np.float64(18479.031916881362), np.float64(12782.692478900091), np.float64(20258.34458277296), np.float64(22903.766855579837), np.float64(11815.600018338344), np.float64(15338.727538133788), np.float64(8047.152333423689), np.float64(9528.73373836701)]"
synthetic_transient,transient_scan_3,7.551020408163265,mq2,63.304405234983086,clean,26.5,53.0,1013.25,1,room_2,"[np.float64(12682.249123157164), np.float64(25075.647445816587), np.float64(18479.031916881362), np.float64(12782.692478900091), np.float64(20258.34458277296), np.float64(22903.766855579837), np.float64(11815.600018338344), np.float64(15338.727538133788), np.float64(8047.152333423689), np.float64(9528.73373836701)]"
synthetic_transient,transient_scan_3,7.755102040816327,mq2,61.48242218776109,clean,26.5,53.0,1013.25,1,room_2,"[np.float64(12682.249123157164), np.float64(25075.647445816587), np.float64(18479.031916881362), np.float64(12782.692478900091), np.float64(20258.34458277296), np.float64(22903.766855579837), np.float64(11815.600018338344), np.float64(15338.727538133788), np.float64(8047.152333423689), np.float64(9528.73373836701)]"
synthetic_transient,transient_scan_3,7.959183673469388,mq2,62.166418406797106,clean,26.5,53.0,1013.25,1,room_2,"[np.float64(12682.249123157164), np.float64(25075.647445816587), np.float64(18479.031916881362), np.float64(12782.692478900091), np.float64(20258.34458277296), np.float64(22903.766855579837), np.float64(11815.600018338344), np.float64(15338.727538133788), np.float64(8047.152333423689), np.float64(9528.73373836701)]"
synthetic_transient,transient_scan_3,8.16326530612245,mq2,62.56511809561774,clean,26.5,53.0,1013.25,1,room_2,"[np.float64(12682.249123157164), np.float64(25075.647445816587), np.float64(18479.031916881362), np.float64(12782.692478900091), np.float64(20258.34458277296), np.float64(22903.766855579837), np.float64(11815.600018338344), np.float64(15338.727538133788), np.float64(8047.152333423689), np.float64(9528.73373836701)]"
synthetic_transient,transient_scan_3,8.36734693877551,mq2,60.81467139994372,clean,26.5,53.0,1013.25,1,room_2,"[np.float64(12682.249123157164), np.float64(25075.647445816587), np.float64(18479.031916881362), np.float64(12782.692478900091), np.float64(20258.34458277296), np.float64(22903.766855579837), np.float64(11815.600018338344), np.float64(15338.727538133788), np.float64(8047.152333423689), np.float64(9528.73373836701)]"
synthetic_transient,transient_scan_3,8.571428571428571,mq2,61.653745801716894,clean,26.5,53.0,1013.25,1,room_2,"[np.float64(12682.249123157164), np.float64(25075.647445816587), np.float64(18479.031916881362), np.float64(12782.692478900091), np.float64(20258.34458277296), np.float64(22903.766855579837), np.float64(11815.600018338344), np.float64(15338.727538133788), np.float64(8047.152333423689), np.float64(9528.73373836701)]"
synthetic_transient,transient_scan_3,8.775510204081632,mq2,61.35033547895837,clean,26.5,53.0,1013.25,1,room_2,"[np.float64(12682.249123157164), np.float64(25075.647445816587), np.float64(18479.031916881362), np.float64(12782.692478900091), np.float64(20258.34458277296), np.float64(22903.766855579837), np.float64(11815.600018338344), np.float64(15338.727538133788), np.float64(8047.152333423689), np.float64(9528.73373836701)]"
synthetic_transient,transient_scan_3,8.979591836734695,mq2,61.42755480615873,clean,26.5,53.0,1013.25,1,room_2,"[np.float64(12682.249123157164), np.float64(25075.647445816587), np.float64(18479.031916881362), np.float64(12782.692478900091), np.float64(20258.34458277296), np.float64(22903.766855579837), np.float64(11815.600018338344), np.float64(15338.727538133788), np.float64(8047.152333423689), np.float64(9528.73373836701)]"
synthetic_transient,transient_scan_3,9.183673469387756,mq2,60.715755432799355,clean,26.5,53.0,1013.25,1,room_2,"[np.float64(12682.249123157164), np.float64(25075.647445816587), np.float64(18479.031916881362), np.float64(12782.692478900091), np.float64(20258.34458277296), np.float64(22903.766855579837), np.float64(11815.600018338344), np.float64(15338.727538133788), np.float64(8047.152333423689), np.float64(9528.73373836701)]"
synthetic_transient,transient_scan_3,9.387755102040817,mq2,60.27720495868957,clean,26.5,53.0,1013.25,1,room_2,"[np.float64(12682.249123157164), np.float64(25075.647445816587), np.float64(18479.031916881362), np.float64(12782.692478900091), np.float64(20258.34458277296), np.float64(22903.766855579837), np.float64(11815.600018338344), np.float64(15338.727538133788), np.float64(8047.152333423689), np.float64(9528.73373836701)]"
synthetic_transient,transient_scan_3,9.591836734693878,mq2,59.94193749654221,clean,26.5,53.0,1013.25,1,room_2,"[np.float64(12682.249123157164), np.float64(25075.647445816587), np.float64(18479.031916881362), np.float64(12782.692478900091), np.float64(20258.34458277296), np.float64(22903.766855579837), np.float64(11815.600018338344), np.float64(15338.727538133788), np.float64(8047.152333423689), np.float64(9528.73373836701)]"
synthetic_transient,transient_scan_3,9.795918367346939,mq2,61.29952252276859,clean,26.5,53.0,1013.25,1,room_2,"[np.float64(12682.249123157164), np.float64(25075.647445816587), np.float64(18479.031916881362), np.float64(12782.692478900091), np.float64(20258.34458277296), np.float64(22903.766855579837), np.float64(11815.600018338344), np.float64(15338.727538133788), np.float64(8047.152333423689), np.float64(9528.73373836701)]"
synthetic_transient,transient_scan_3,10.0,mq2,61.284650123791046,clean,26.5,53.0,1013.25,1,room_2,"[np.float64(12682.249123157164), np.float64(25075.647445816587), np.float64(18479.031916881362), np.float64(12782.692478900091), np.float64(20258.34458277296), np.float64(22903.766855579837), np.float64(11815.600018338344), np.float64(15338.727538133788), np.float64(8047.152333423689), np.float64(9528.73373836701)]"
synthetic_transient,transient_scan_3,0.0,mq3,100.151342674498,clean,26.5,53.0,1013.25,1,room_2,"[np.float64(12682.249123157164), np.float64(25075.647445816587), np.float64(18479.031916881362), np.float64(12782.692478900091), np.float64(20258.34458277296), np.float64(22903.766855579837), np.float64(11815.600018338344), np.float64(15338.727538133788), np.float64(8047.152333423689), np.float64(9528.73373836701)]"
synthetic_transient,transient_scan_3,0.20408163265306123,mq3,99.73292582515595,clean,26.5,53.0,1013.25,1,room_2,"[np.float64(12682.249123157164), np.float64(25075.647445816587), np.float64(18479.031916881362), np.float64(12782.692478900091), np.float64(20258.34458277296), np.float64(22903.766855579837), np.float64(11815.600018338344), np.float64(15338.727538133788), np.float64(8047.152333423689), np.float64(9528.73373836701)]"
synthetic_transient,transient_scan_3,0.40816326530612246,mq3,99.18847705326712,clean,26.5,53.0,1013.25,1,room_2,"[np.float64(12682.249123157164), np.float64(25075.647445816587), np.float64(18479.031916881362), np.float64(12782.692478900091), np.float64(20258.34458277296), np.float64(22903.766855579837), np.float64(11815.600018338344), np.float64(15338.727538133788), np.float64(8047.152333423689), np.float64(9528.73373836701)]"
synthetic_transient,transient_scan_3,0.6122448979591837,mq3,100.28167273125251,clean,26.5,53.0,1013.25,1,room_2,"[np.float64(12682.249123157164), np.float64(25075.647445816587), np.float64(18479.031916881362), np.float64(12782.692478900091), np.float64(20258.34458277296), np.float64(22903.766855579837), np.float64(11815.600018338344), np.float64(15338.727538133788), np.float64(8047.152333423689), np.float64(9528.73373836701)]"
synthetic_transient,transient_scan_3,0.8163265306122449,mq3,99.44961035858165,clean,26.5,53.0,1013.25,1,room_2,"[np.float64(12682.249123157164), np.float64(25075.647445816587), np.float64(18479.031916881362), np.float64(12782.692478900091), np.float64(20258.34458277296), np.float64(22903.766855579837), np.float64(11815.600018338344), np.float64(15338.727538133788), np.float64(8047.152333423689), np.float64(9528.73373836701)]"
synthetic_transient,transient_scan_3,1.0204081632653061,mq3,99.64435068761973,clean,26.5,53.0,1013.25,1,room_2,"[np.float64(12682.249123157164), np.float64(25075.647445816587), np.float64(18479.031916881362), np.float64(12782.692478900091), np.float64(20258.34458277296), np.float64(22903.766855579837), np.float64(11815.600018338344), np.float64(15338.727538133788), np.float64(8047.152333423689), np.float64(9528.73373836701)]"
synthetic_transient,transient_scan_3,1.2244897959183674,mq3,99.70671796021864,clean,26.5,53.0,1013.25,1,room_2,"[np.float64(12682.249123157164), np.float64(25075.647445816587), np.float64(18479.031916881362), np.float64(12782.692478900091), np.float64(20258.34458277296), np.float64(22903.766855579837), np.float64(11815.600018338344), np.float64(15338.727538133788), np.float64(8047.152333423689), np.float64(9528.73373836701)]"
synthetic_transient,transient_scan_3,1.4285714285714286,mq3,99.90123238715151,clean,26.5,53.0,1013.25,1,room_2,"[np.float64(12682.249123157164), np.float64(25075.647445816587), np.float64(18479.031916881362), np.float64(12782.692478900091), np.float64(20258.34458277296), np.float64(22903.766855579837), np.float64(11815.600018338344), np.float64(15338.727538133788), np.float64(8047.152333423689), np.float64(9528.73373836701)]"
synthetic_transient,transient_scan_3,1.6326530612244898,mq3,99.62047977639567,clean,26.5,53.0,1013.25,1,room_2,"[np.float64(12682.249123157164), np.float64(25075.647445816587), np.float64(18479.031916881362), np.float64(12782.692478900091), np.float64(20258.34458277296), np.float64(22903.766855579837), np.float64(11815.600018338344), np.float64(15338.727538133788), np.float64(8047.152333423689), np.float64(9528.73373836701)]"
synthetic_transient,transient_scan_3,1.836734693877551,mq3,100.01672938549615,clean,26.5,53.0,1013.25,1,room_2,"[np.float64(12682.249123157164), np.float64(25075.647445816587), np.float64(18479.031916881362), np.float64(12782.692478900091), np.float64(20258.34458277296), np.float64(22903.766855579837), np.float64(11815.600018338344), np.float64(15338.727538133788), np.float64(8047.152333423689), np.float64(9528.73373836701)]"
synthetic_transient,transient_scan_3,2.0408163265306123,mq3,98.88103780389498,clean,26.5,53.0,1013.25,1,room_2,"[np.float64(12682.249123157164), np.float64(25075.647445816587), np.float64(18479.031916881362), np.float64(12782.692478900091), np.float64(20258.34458277296), np.float64(22903.766855579837), np.float64(11815.600018338344), np.float64(15338.727538133788), np.float64(8047.152333423689), np.float64(9528.73373836701)]"
synthetic_transient,transient_scan_3,2.2448979591836737,mq3,95.74072829847397,clean,26.5,53.0,1013.25,1,room_2,"[np.float64(12682.249123157164), np.float64(25075.647445816587), np.float64(18479.031916881362), np.float64(12782.692478900091), np.float64(20258.34458277296), np.float64(22903.766855579837), np.float64(11815.600018338344), np.float64(15338.727538133788), np.float64(8047.152333423689), np.float64(9528.73373836701)]"
synthetic_transient,transient_scan_3,2.4489795918367347,mq3,92.47248061464511,clean,26.5,53.0,1013.25,1,room_2,"[np.float64(12682.249123157164), np.float64(25075.647445816587), np.float64(18479.031916881362), np.float64(12782.692478900091), np.float64(20258.34458277296), np.float64(22903.766855579837), np.float64(11815.600018338344), np.float64(15338.727538133788), np.float64(8047.152333423689), np.float64(9528.73373836701)]"
synthetic_transient,transient_scan_3,2.6530612244897958,mq3,88.91116295220446,clean,26.5,53.0,1013.25,1,room_2,"[np.float64(12682.249123157164), np.float64(25075.647445816587), np.float64(18479.031916881362), np.float64(12782.692478900091), np.float64(20258.34458277296), np.float64(22903.766855579837), np.float64(11815.600018338344), np.float64(15338.727538133788), np.float64(8047.152333423689), np.float64(9528.73373836701)]"
synthetic_transient,transient_scan_3,2.857142857142857,mq3,86.28887546893277,clean,26.5,53.0,1013.25,1,room_2,"[np.float64(12682.249123157164), np.float64(25075.647445816587), np.float64(18479.031916881362), np.float64(12782.692478900091), np.float64(20258.34458277296), np.float64(22903.766855579837), np.float64(11815.600018338344), np.float64(15338.727538133788), np.float64(8047.152333423689), np.float64(9528.73373836701)]"
synthetic_transient,transient_scan_3,3.0612244897959187,mq3,84.58871635816143,clean,26.5,53.0,1013.25,1,room_2,"[np.float64(12682.249123157164), np.float64(25075.647445816587), np.float64(18479.031916881362), np.float64(12782.692478900091), np.float64(20258.34458277296), np.float64(22903.766855579837), np.float64(11815.600018338344), np.float64(15338.727538133788), np.float64(8047.152333423689), np.float64(9528.73373836701)]"
synthetic_transient,transient_scan_3,3.2653061224489797,mq3,80.66092537479393,clean,26.5,53.0,1013.25,1,room_2,"[np.float64(12682.249123157164), np.float64(25075.647445816587), np.float64(18479.031916881362), np.float64(12782.692478900091), np.float64(20258.34458277296), np.float64(22903.766855579837), np.float64(11815.600018338344), np.float64(15338.727538133788), np.float64(8047.152333423689), np.float64(9528.73373836701)]"
synthetic_transient,transient_scan_3,3.4693877551020407,mq3,78.56935670256172,clean,26.5,53.0,1013.25,1,room_2,"[np.float64(12682.249123157164), np.float64(25075.647445816587), np.float64(18479.031916881362), np.float64(12782.692478900091), np.float64(20258.34458277296), np.float64(22903.766855579837), np.float64(11815.600018338344), np.float64(15338.727538133788), np.float64(8047.152333423689), np.float64(9528.73373836701)]"
synthetic_transient,transient_scan_3,3.673469387755102,mq3,77.67239872833257,clean,26.5,53.0,1013.25,1,room_2,"[np.float64(12682.249123157164), np.float64(25075.647445816587), np.float64(18479.031916881362), np.float64(12782.692478900091), np.float64(20258.34458277296), np.float64(22903.766855579837), np.float64(11815.600018338344), np.float64(15338.727538133788), np.float64(8047.152333423689), np.float64(9528.73373836701)]"
synthetic_transient,transient_scan_3,3.8775510204081636,mq3,76.61752934377105,clean,26.5,53.0,1013.25,1,room_2,"[np.float64(12682.249123157164), np.float64(25075.647445816587), np.float64(18479.031916881362), np.float64(12782.692478900091), np.float64(20258.34458277296), np.float64(22903.766855579837), np.float64(11815.600018338344), np.float64(15338.727538133788), np.float64(8047.152333423689), np.float64(9528.73373836701)]"
synthetic_transient,transient_scan_3,4.081632653061225,mq3,73.99640132949645,clean,26.5,53.0,1013.25,1,room_2,"[np.float64(12682.249123157164), np.float64(25075.647445816587), np.float64(18479.031916881362), np.float64(12782.692478900091), np.float64(20258.34458277296), np.float64(22903.766855579837), np.float64(11815.600018338344), np.float64(15338.727538133788), np.float64(8047.152333423689), np.float64(9528.73373836701)]"
synthetic_transient,transient_scan_3,4.285714285714286,mq3,73.61967921406819,clean,26.5,53.0,1013.25,1,room_2,"[np.float64(12682.249123157164), np.float64(25075.647445816587), np.float64(18479.031916881362), np.float64(12782.692478900091), np.float64(20258.34458277296), np.float64(22903.766855579837), np.float64(11815.600018338344), np.float64(15338.727538133788), np.float64(8047.152333423689), np.float64(9528.73373836701)]"
synthetic_transient,transient_scan_3,4.4897959183673475,mq3,71.56702851360507,clean,26.5,53.0,1013.25,1,room_2,"[np.float64(12682.249123157164), np.float64(25075.647445816587), np.float64(18479.031916881362), np.float64(12782.692478900091), np.float64(20258.34458277296), np.float64(22903.766855579837), np.float64(11815.600018338344), np.float64(15338.727538133788), np.float64(8047.152333423689), np.float64(9528.73373836701)]"
synthetic_transient,transient_scan_3,4.6938775510204085,mq3,70.06095912712233,clean,26.5,53.0,1013.25,1,room_2,"[np.float64(12682.249123157164), np.float64(25075.647445816587), np.float64(18479.031916881362), np.float64(12782.692478900091), np.float64(20258.34458277296), np.float64(22903.766855579837), np.float64(11815.600018338344), np.float64(15338.727538133788), np.float64(8047.152333423689), np.float64(9528.73373836701)]"
synthetic_transient,transient_scan_3,4.8979591836734695,mq3,68.89704451341385,clean,26.5,53.0,1013.25,1,room_2,"[np.float64(12682.249123157164), np.float64(25075.647445816587), np.float64(18479.031916881362), np.float64(12782.692478900091), np.float64(20258.34458277296), np.float64(22903.766855579837), np.float64(11815.600018338344), np.float64(15338.727538133788), np.float64(8047.152333423689), np.float64(9528.73373836701)]"
synthetic_transient,transient_scan_3,5.1020408163265305,mq3,68.79596698139605,clean,26.5,53.0,1013.25,1,room_2,"[np.float64(12682.249123157164), np.float64(25075.647445816587), np.float64(18479.031916881362), np.float64(12782.692478900091), np.float64(20258.34458277296), np.float64(22903.766855579837), np.float64(11815.600018338344), np.float64(15338.727538133788), np.float64(8047.152333423689), np.float64(9528.73373836701)]"
synthetic_transient,transient_scan_3,5.3061224489795915,mq3,67.20103645325688,clean,26.5,53.0,1013.25,1,room_2,"[np.float64(12682.249123157164), np.float64(25075.647445816587), np.float64(18479.031916881362), np.float64(12782.692478900091), np.float64(20258.34458277296), np.float64(22903.766855579837), np.float64(11815.600018338344), np.float64(15338.727538133788), np.float64(8047.152333423689), np.float64(9528.73373836701)]"
synthetic_transient,transient_scan_3,5.510204081632653,mq3,66.9562224052122,clean,26.5,53.0,1013.25,1,room_2,"[np.float64(12682.249123157164), np.float64(25075.647445816587), np.float64(18479.031916881362), np.float64(12782.692478900091), np.float64(20258.34458277296), np.float64(22903.766855579837), np.float64(11815.600018338344), np.float64(15338.727538133788), np.float64(8047.152333423689), np.float64(9528.73373836701)]"
synthetic_transient,transient_scan_3,5.714285714285714,mq3,67.0364543253309,clean,26.5,53.0,1013.25,1,room_2,"[np.float64(12682.249123157164), np.float64(25075.647445816587), np.float64(18479.031916881362), np.float64(12782.692478900091), np.float64(20258.34458277296), np.float64(22903.766855579837), np.float64(11815.600018338344), np.float64(15338.727538133788), np.float64(8047.152333423689), np.float64(9528.73373836701)]"
synthetic_transient,transient_scan_3,5.918367346938775,mq3,65.48554797688945,clean,26.5,53.0,1013.25,1,room_2,"[np.float64(12682.249123157164), np.float64(25075.647445816587), np.float64(18479.031916881362), np.float64(12782.692478900091), np.float64(20258.34458277296), np.float64(22903.766855579837), np.float64(11815.600018338344), np.float64(15338.727538133788), np.float64(8047.152333423689), np.float64(9528.73373836701)]"
synthetic_transient,transient_scan_3,6.122448979591837,mq3,65.74892471015842,clean,26.5,53.0,1013.25,1,room_2,"[np.float64(12682.249123157164), np.float64(25075.647445816587), np.float64(18479.031916881362), np.float64(12782.692478900091), np.float64(20258.34458277296), np.float64(22903.766855579837), np.float64(11815.600018338344), np.float64(15338.727538133788), np.float64(8047.152333423689), np.float64(9528.73373836701)]"
synthetic_transient,transient_scan_3,6.326530612244898,mq3,63.99069478940756,clean,26.5,53.0,1013.25,1,room_2,"[np.float64(12682.249123157164), np.float64(25075.647445816587), np.float64(18479.031916881362), np.float64(12782.692478900091), np.float64(20258.34458277296), np.float64(22903.766855579837), np.float64(11815.600018338344), np.float64(15338.727538133788), np.float64(8047.152333423689), np.float64(9528.73373836701)]"
synthetic_transient,transient_scan_3,6.530612244897959,mq3,63.8849756373758,clean,26.5,53.0,1013.25,1,room_2,"[np.float64(12682.249123157164), np.float64(25075.647445816587), np.float64(18479.031916881362), np.float64(12782.692478900091), np.float64(20258.34458277296), np.float64(22903.766855579837), np.float64(11815.600018338344), np.float64(15338.727538133788), np.float64(8047.152333423689), np.float64(9528.73373836701)]"
synthetic_transient,transient_scan_3,6.73469387755102,mq3,63.04559061298453,clean,26.5,53.0,1013.25,1,room_2,"[np.float64(12682.249123157164), np.float64(25075.647445816587), np.float64(18479.031916881362), np.float64(12782.692478900091), np.float64(20258.34458277296), np.float64(22903.766855579837), np.float64(11815.600018338344), np.float64(15338.727538133788), np.float64(8047.152333423689), np.float64(9528.73373836701)]"
synthetic_transient,transient_scan_3,6.938775510204081,mq3,63.42196483823566,clean,26.5,53.0,1013.25,1,room_2,"[np.float64(12682.249123157164), np.float64(25075.647445816587), np.float64(18479.031916881362), np.float64(12782.692478900091), np.float64(20258.34458277296), np.float64(22903.766855579837), np.float64(11815.600018338344), np.float64(15338.727538133788), np.float64(8047.152333423689), np.float64(9528.73373836701)]"
synthetic_transient,transient_scan_3,7.142857142857143,mq3,63.44709056948901,clean,26.5,53.0,1013.25,1,room_2,"[np.float64(12682.249123157164), np.float64(25075.647445816587), np.float64(18479.031916881362), np.float64(12782.692478900091), np.float64(20258.34458277296), np.float64(22903.766855579837), np.float64(11815.600018338344), np.float64(15338.727538133788), np.float64(8047.152333423689), np.float64(9528.73373836701)]"
synthetic_transient,transient_scan_3,7.346938775510204,mq3,62.798088695311726,clean,26.5,53.0,1013.25,1,room_2,"[np.float64(12682.249123157164), np.float64(25075.647445816587), np.float64(18479.031916881362), np.float64(12782.692478900091), np.float64(20258.34458277296), np.float64(22903.766855579837), np.float64(11815.600018338344), np.float64(15338.727538133788), np.float64(8047.152333423689), np.float64(9528.73373836701)]"
synthetic_transient,transient_scan_3,7.551020408163265,mq3,63.10623198381864,clean,26.5,53.0,1013.25,1,room_2,"[np.float64(12682.249123157164), np.float64(25075.647445816587), np.float64(18479.031916881362), np.float64(12782.692478900091), np.float64(20258.34458277296), np.float64(22903.766855579837), np.float64(11815.600018338344), np.float64(15338.727538133788), np.float64(8047.152333423689), np.float64(9528.73373836701)]"
synthetic_transient,transient_scan_3,7.755102040816327,mq3,61.876306547459684,clean,26.5,53.0,1013.25,1,room_2,"[np.float64(12682.249123157164), np.float64(25075.647445816587), np.float64(18479.031916881362), np.float64(12782.692478900091), np.float64(20258.34458277296), np.float64(22903.766855579837), np.float64(11815.600018338344), np.float64(15338.727538133788), np.float64(8047.152333423689), np.float64(9528.73373836701)]"
synthetic_transient,transient_scan_3,7.959183673469388,mq3,62.14521417145941,clean,26.5,53.0,1013.25,1,room_2,"[np.float64(12682.249123157164), np.float64(25075.647445816587), np.float64(18479.031916881362), np.float64(12782.692478900091), np.float64(20258.34458277296), np.float64(22903.766855579837), np.float64(11815.600018338344), np.float64(15338.727538133788), np.float64(8047.152333423689), np.float64(9528.73373836701)]"
synthetic_transient,transient_scan_3,8.16326530612245,mq3,61.57163663211905,clean,26.5,53.0,1013.25,1,room_2,"[np.float64(12682.249123157164), np.float64(25075.647445816587), np.float64(18479.031916881362), np.float64(12782.692478900091), np.float64(20258.34458277296), np.float64(22903.766855579837), np.float64(11815.600018338344), np.float64(15338.727538133788), np.float64(8047.152333423689), np.float64(9528.73373836701)]"
synthetic_transient,transient_scan_3,8.36734693877551,mq3,61.83816516203652,clean,26.5,53.0,1013.25,1,room_2,"[np.float64(12682.249123157164), np.float64(25075.647445816587), np.float64(18479.031916881362), np.float64(12782.692478900091), np.float64(20258.34458277296), np.float64(22903.766855579837), np.float64(11815.600018338344), np.float64(15338.727538133788), np.float64(8047.152333423689), np.float64(9528.73373836701)]"
synthetic_transient,transient_scan_3,8.571428571428571,mq3,61.74842207779568,clean,26.5,53.0,1013.25,1,room_2,"[np.float64(12682.249123157164), np.float64(25075.647445816587), np.float64(18479.031916881362), np.float64(12782.692478900091), np.float64(20258.34458277296), np.float64(22903.766855579837), np.float64(11815.600018338344), np.float64(15338.727538133788), np.float64(8047.152333423689), np.float64(9528.73373836701)]"
synthetic_transient,transient_scan_3,8.775510204081632,mq3,61.6425753576605,clean,26.5,53.0,1013.25,1,room_2,"[np.float64(12682.249123157164), np.float64(25075.647445816587), np.float64(18479.031916881362), np.float64(12782.692478900091), np.float64(20258.34458277296), np.float64(22903.766855579837), np.float64(11815.600018338344), np.float64(15338.727538133788), np.float64(8047.152333423689), np.float64(9528.73373836701)]"
synthetic_transient,transient_scan_3,8.979591836734695,mq3,60.68498672985103,clean,26.5,53.0,1013.25,1,room_2,"[np.float64(12682.249123157164), np.float64(25075.647445816587), np.float64(18479.031916881362), np.float64(12782.692478900091), np.float64(20258.34458277296), np.float64(22903.766855579837), np.float64(11815.600018338344), np.float64(15338.727538133788), np.float64(8047.152333423689), np.float64(9528.73373836701)]"
synthetic_transient,transient_scan_3,9.183673469387756,mq3,60.65703439456931,clean,26.5,53.0,1013.25,1,room_2,"[np.float64(12682.249123157164), np.float64(25075.647445816587), np.float64(18479.031916881362), np.float64(12782.692478900091), np.float64(20258.34458277296), np.float64(22903.766855579837), np.float64(11815.600018338344), np.float64(15338.727538133788), np.float64(8047.152333423689), np.float64(9528.73373836701)]"
synthetic_transient,transient_scan_3,9.387755102040817,mq3,60.6428705187007,clean,26.5,53.0,1013.25,1,room_2,"[np.float64(12682.249123157164), np.float64(25075.647445816587), np.float64(18479.031916881362), np.float64(12782.692478900091), np.float64(20258.34458277296), np.float64(22903.766855579837), np.float64(11815.600018338344), np.float64(15338.727538133788), np.float64(8047.152333423689), np.float64(9528.73373836701)]"
synthetic_transient,transient_scan_3,9.591836734693878,mq3,60.77905033519842,clean,26.5,53.0,1013.25,1,room_2,"[np.float64(12682.249123157164), np.float64(25075.647445816587), np.float64(18479.031916881362), np.float64(12782.692478900091), np.float64(20258.34458277296), np.float64(22903.766855579837), np.float64(11815.600018338344), np.float64(15338.727538133788), np.float64(8047.152333423689), np.float64(9528.73373836701)]"
synthetic_transient,transient_scan_3,9.795918367346939,mq3,60.854923748140756,clean,26.5,53.0,1013.25,1,room_2,"[np.float64(12682.249123157164), np.float64(25075.647445816587), np.float64(18479.031916881362), np.float64(12782.692478900091), np.float64(20258.34458277296), np.float64(22903.766855579837), np.float64(11815.600018338344), np.float64(15338.727538133788), np.float64(8047.152333423689), np.float64(9528.73373836701)]"
synthetic_transient,transient_scan_3,10.0,mq3,61.086670116477706,clean,26.5,53.0,1013.25,1,room_2,"[np.float64(12682.249123157164), np.float64(25075.647445816587), np.float64(18479.031916881362), np.float64(12782.692478900091), np.float64(20258.34458277296), np.float64(22903.766855579837), np.float64(11815.600018338344), np.float64(15338.727538133788), np.float64(8047.152333423689), np.float64(9528.73373836701)]"
synthetic_transient,transient_scan_3,0.0,mq135,99.57595065033038,clean,26.5,53.0,1013.25,1,room_2,"[np.float64(12682.249123157164), np.float64(25075.647445816587), np.float64(18479.031916881362), np.float64(12782.692478900091), np.float64(20258.34458277296), np.float64(22903.766855579837), np.float64(11815.600018338344), np.float64(15338.727538133788), np.float64(8047.152333423689), np.float64(9528.73373836701)]"
synthetic_transient,transient_scan_3,0.20408163265306123,mq135,99.19949035114912,clean,26.5,53.0,1013.25,1,room_2,"[np.float64(12682.249123157164), np.float64(25075.647445816587), np.float64(18479.031916881362), np.float64(12782.692478900091), np.float64(20258.34458277296), np.float64(22903.766855579837), np.float64(11815.600018338344), np.float64(15338.727538133788), np.float64(8047.152333423689), np.float64(9528.73373836701)]"
synthetic_transient,transient_scan_3,0.40816326530612246,mq135,101.07787158160339,clean,26.5,53.0,1013.25,1,room_2,"[np.float64(12682.249123157164), np.float64(25075.647445816587), np.float64(18479.031916881362), np.float64(12782.692478900091), np.float64(20258.34458277296), np.float64(22903.766855579837), np.float64(11815.600018338344), np.float64(15338.727538133788), np.float64(8047.152333423689), np.float64(9528.73373836701)]"
synthetic_transient,transient_scan_3,0.6122448979591837,mq135,99.43427348967379,clean,26.5,53.0,1013.25,1,room_2,"[np.float64(12682.249123157164), np.float64(25075.647445816587), np.float64(18479.031916881362), np.float64(12782.692478900091), np.float64(20258.34458277296), np.float64(22903.766855579837), np.float64(11815.600018338344), np.float64(15338.727538133788), np.float64(8047.152333423689), np.float64(9528.73373836701)]"
synthetic_transient,transient_scan_3,0.8163265306122449,mq135,100.41816186149778,clean,26.5,53.0,1013.25,1,room_2,"[np.float64(12682.249123157164), np.float64(25075.647445816587), np.float64(18479.031916881362), np.float64(12782.692478900091), np.float64(20258.34458277296), np.float64(22903.766855579837), np.float64(11815.600018338344), np.float64(15338.727538133788), np.float64(8047.152333423689), np.float64(9528.73373836701)]"
synthetic_transient,transient_scan_3,1.0204081632653061,mq135,100.01563343862433,clean,26.5,53.0,1013.25,1,room_2,"[np.float64(12682.249123157164), np.float64(25075.647445816587), np.float64(18479.031916881362), np.float64(12782.692478900091), np.float64(20258.34458277296), np.float64(22903.766855579837), np.float64(11815.600018338344), np.float64(15338.727538133788), np.float64(8047.152333423689), np.float64(9528.73373836701)]"
synthetic_transient,transient_scan_3,1.2244897959183674,mq135,100.12565282040319,clean,26.5,53.0,1013.25,1,room_2,"[np.float64(12682.249123157164), np.float64(25075.647445816587), np.float64(18479.031916881362), np.float64(12782.692478900091), np.float64(20258.34458277296), np.float64(22903.766855579837), np.float64(11815.600018338344), np.float64(15338.727538133788), np.float64(8047.152333423689), np.float64(9528.73373836701)]"
synthetic_transient,transient_scan_3,1.4285714285714286,mq135,99.99922474708205,clean,26.5,53.0,1013.25,1,room_2,"[np.float64(12682.249123157164), np.float64(25075.647445816587), np.float64(18479.031916881362), np.float64(12782.692478900091), np.float64(20258.34458277296), np.float64(22903.766855579837), np.float64(11815.600018338344), np.float64(15338.727538133788), np.float64(8047.152333423689), np.float64(9528.73373836701)]"
synthetic_transient,transient_scan_3,1.6326530612244898,mq135,99.80757905902644,clean,26.5,53.0,1013.25,1,room_2,"[np.float64(12682.249123157164), np.float64(25075.647445816587), np.float64(18479.031916881362), np.float64(12782.692478900091), np.float64(20258.34458277296), np.float64(22903.766855579837), np.float64(11815.600018338344), np.float64(15338.727538133788), np.float64(8047.152333423689), np.float64(9528.73373836701)]"
synthetic_transient,transient_scan_3,1.836734693877551,mq135,100.23198614146173,clean,26.5,53.0,1013.25,1,room_2,"[np.float64(12682.249123157164), np.float64(25075.647445816587), np.float64(18479.031916881362), np.float64(12782.692478900091), np.float64(20258.34458277296), np.float64(22903.766855579837), np.float64(11815.600018338344), np.float64(15338.727538133788), np.float64(8047.152333423689), np.float64(9528.73373836701)]"
synthetic_transient,transient_scan_3,2.0408163265306123,mq135,98.97265335101953,clean,26.5,53.0,1013.25,1,room_2,"[np.float64(12682.249123157164), np.float64(25075.647445816587), np.float64(18479.031916881362), np.float64(12782.692478900091), np.float64(20258.34458277296), np.float64(22903.766855579837), np.float64(11815.600018338344), np.float64(15338.727538133788), np.float64(8047.152333423689), np.float64(9528.73373836701)]"
synthetic_transient,transient_scan_3,2.2448979591836737,mq135,95.97319313967274,clean,26.5,53.0,1013.25,1,room_2,"[np.float64(12682.249123157164), np.float64(25075.647445816587), np.float64(18479.031916881362), np.float64(12782.692478900091), np.float64(20258.34458277296), np.float64(22903.766855579837), np.float64(11815.600018338344), np.float64(15338.727538133788), np.float64(8047.152333423689), np.float64(9528.73373836701)]"
synthetic_transient,transient_scan_3,2.4489795918367347,mq135,92.24116966077916,clean,26.5,53.0,1013.25,1,room_2,"[np.float64(12682.249123157164), np.float64(25075.647445816587), np.float64(18479.031916881362), np.float64(12782.692478900091), np.float64(20258.34458277296), np.float64(22903.766855579837), np.float64(11815.600018338344), np.float64(15338.727538133788), np.float64(8047.152333423689), np.float64(9528.73373836701)]"
synthetic_transient,transient_scan_3,2.6530612244897958,mq135,89.15668867083099,clean,26.5,53.0,1013.25,1,room_2,"[np.float64(12682.249123157164), np.float64(25075.647445816587), np.float64(18479.031916881362), np.float64(12782.692478900091), np.float64(20258.34458277296), np.float64(22903.766855579837), np.float64(11815.600018338344), np.float64(15338.727538133788), np.float64(8047.152333423689), np.float64(9528.73373836701)]"
synthetic_transient,transient_scan_3,2.857142857142857,mq135,85.80400077121394,clean,26.5,53.0,1013.25,1,room_2,"[np.float64(12682.249123157164), np.float64(25075.647445816587), np.float64(18479.031916881362), np.float64(12782.692478900091), np.float64(20258.34458277296), np.float64(22903.766855579837), np.float64(11815.600018338344), np.float64(15338.727538133788), np.float64(8047.152333423689), np.float64(9528.73373836701)]"
synthetic_transient,transient_scan_3,3.0612244897959187,mq135,83.411611014804,clean,26.5,53.0,1013.25,1,room_2,"[np.float64(12682.249123157164), np.float64(25075.647445816587), np.float64(18479.031916881362), np.float64(12782.692478900091), np.float64(20258.34458277296), np.float64(22903.766855579837), np.float64(11815.600018338344), np.float64(15338.727538133788), np.float64(8047.152333423689), np.float64(9528.73373836701)]"
synthetic_transient,transient_scan_3,3.2653061224489797,mq135,80.65327059890356,clean,26.5,53.0,1013.25,1,room_2,"[np.float64(12682.249123157164), np.float64(25075.647445816587), np.float64(18479.031916881362), np.float64(12782.692478900091), np.float64(20258.34458277296), np.float64(22903.766855579837), np.float64(11815.600018338344), np.float64(15338.727538133788), np.float64(8047.152333423689), np.float64(9528.73373836701)]"
synthetic_transient,transient_scan_3,3.4693877551020407,mq135,79.00958272483899,clean,26.5,53.0,1013.25,1,room_2,"[np.float64(12682.249123157164), np.float64(25075.647445816587), np.float64(18479.031916881362), np.float64(12782.692478900091), np.float64(20258.34458277296), np.float64(22903.766855579837), np.float64(11815.600018338344), np.float64(15338.727538133788), np.float64(8047.152333423689), np.float64(9528.73373836701)]"
synthetic_transient,transient_scan_3,3.673469387755102,mq135,76.80661181976598,clean,26.5,53.0,1013.25,1,room_2,"[np.float64(12682.249123157164), np.float64(25075.647445816587), np.float64(18479.031916881362), np.float64(12782.692478900091), np.float64(20258.34458277296), np.float64(22903.766855579837), np.float64(11815.600018338344), np.float64(15338.727538133788), np.float64(8047.152333423689), np.float64(9528.73373836701)]"
synthetic_transient,transient_scan_3,3.8775510204081636,mq135,76.30079218280804,clean,26.5,53.0,1013.25,1,room_2,"[np.float64(12682.249123157164), np.float64(25075.647445816587), np.float64(18479.031916881362), np.float64(12782.692478900091), np.float64(20258.34458277296), np.float64(22903.766855579837), np.float64(11815.600018338344), np.float64(15338.727538133788), np.float64(8047.152333423689), np.float64(9528.73373836701)]"
synthetic_transient,transient_scan_3,4.081632653061225,mq135,74.15191851826282,clean,26.5,53.0,1013.25,1,room_2,"[np.float64(12682.249123157164), np.float64(25075.647445816587), np.float64(18479.031916881362), np.float64(12782.692478900091), np.float64(20258.34458277296), np.float64(22903.766855579837), np.float64(11815.600018338344), np.float64(15338.727538133788), np.float64(8047.152333423689), np.float64(9528.73373836701)]"
synthetic_transient,transient_scan_3,4.285714285714286,mq135,72.84151091047903,clean,26.5,53.0,1013.25,1,room_2,"[np.float64(12682.249123157164), np.float64(25075.647445816587), np.float64(18479.031916881362), np.float64(12782.692478900091), np.float64(20258.34458277296), np.float64(22903.766855579837), np.float64(11815.600018338344), np.float64(15338.727538133788), np.float64(8047.152333423689), np.float64(9528.73373836701)]"
synthetic_transient,transient_scan_3,4.4897959183673475,mq135,71.4062383905333,clean,26.5,53.0,1013.25,1,room_2,"[np.float64(12682.249123157164), np.float64(25075.647445816587), np.float64(18479.031916881362), np.float64(12782.692478900091), np.float64(20258.34458277296), np.float64(22903.766855579837), np.float64(11815.600018338344), np.float64(15338.727538133788), np.float64(8047.152333423689), np.float64(9528.73373836701)]"
synthetic_transient,transient_scan_3,4.6938775510204085,mq135,70.50019222916758,clean,26.5,53.0,1013.25,1,room_2,"[np.float64(12682.249123157164), np.float64(25075.647445816587), np.float64(18479.031916881362), np.float64(12782.692478900091), np.float64(20258.34458277296), np.float64(22903.766855579837), np.float64(11815.600018338344), np.float64(15338.727538133788), np.float64(8047.152333423689), np.float64(9528.73373836701)]"
synthetic_transient,transient_scan_3,4.8979591836734695,mq135,70.62482952566154,clean,26.5,53.0,1013.25,1,room_2,"[np.float64(12682.249123157164), np.float64(25075.647445816587), np.float64(18479.031916881362), np.float64(12782.692478900091), np.float64(20258.34458277296), np.float64(22903.766855579837), np.float64(11815.600018338344), np.float64(15338.727538133788), np.float64(8047.152333423689), np.float64(9528.73373836701)]"
synthetic_transient,transient_scan_3,5.1020408163265305,mq135,68.33119004675642,clean,26.5,53.0,1013.25,1,room_2,"[np.float64(12682.249123157164), np.float64(25075.647445816587), np.float64(18479.031916881362), np.float64(12782.692478900091), np.float64(20258.34458277296), np.float64(22903.766855579837), np.float64(11815.600018338344), np.float64(15338.727538133788), np.float64(8047.152333423689), np.float64(9528.73373836701)]"
synthetic_transient,transient_scan_3,5.3061224489795915,mq135,67.33330946979322,clean,26.5,53.0,1013.25,1,room_2,"[np.float64(12682.249123157164), np.float64(25075.647445816587), np.float64(18479.031916881362), np.float64(12782.692478900091), np.float64(20258.34458277296), np.float64(22903.766855579837), np.float64(11815.600018338344), np.float64(15338.727538133788), np.float64(8047.152333423689), np.float64(9528.73373836701)]"
synthetic_transient,transient_scan_3,5.510204081632653,mq135,67.1804305502814,clean,26.5,53.0,1013.25,1,room_2,"[np.float64(12682.249123157164), np.float64(25075.647445816587), np.float64(18479.031916881362), np.float64(12782.692478900091), np.float64(20258.34458277296), np.float64(22903.766855579837), np.float64(11815.600018338344), np.float64(15338.727538133788), np.float64(8047.152333423689), np.float64(9528.73373836701)]"
synthetic_transient,transient_scan_3,5.714285714285714,mq135,64.9818624958376,clean,26.5,53.0,1013.25,1,room_2,"[np.float64(12682.249123157164), np.float64(25075.647445816587), np.float64(18479.031916881362), np.float64(12782.692478900091), np.float64(20258.34458277296), np.float64(22903.766855579837), np.float64(11815.600018338344), np.float64(15338.727538133788), np.float64(8047.152333423689), np.float64(9528.73373836701)]"
synthetic_transient,transient_scan_3,5.918367346938775,mq135,65.67091656678059,clean,26.5,53.0,1013.25,1,room_2,"[np.float64(12682.249123157164), np.float64(25075.647445816587), np.float64(18479.031916881362), np.float64(12782.692478900091), np.float64(20258.34458277296), np.float64(22903.766855579837), np.float64(11815.600018338344), np.float64(15338.727538133788), np.float64(8047.152333423689), np.float64(9528.73373836701)]"
synthetic_transient,transient_scan_3,6.122448979591837,mq135,64.90606352119002,clean,26.5,53.0,1013.25,1,room_2,"[np.float64(12682.249123157164), np.float64(25075.647445816587), np.float64(18479.031916881362), np.float64(12782.692478900091), np.float64(20258.34458277296), np.float64(22903.766855579837), np.float64(11815.600018338344), np.float64(15338.727538133788), np.float64(8047.152333423689), np.float64(9528.73373836701)]"
synthetic_transient,transient_scan_3,6.326530612244898,mq135,64.10180990125272,clean,26.5,53.0,1013.25,1,room_2,"[np.float64(12682.249123157164), np.float64(25075.647445816587), np.float64(18479.031916881362), np.float64(12782.692478900091), np.float64(20258.34458277296), np.float64(22903.766855579837), np.float64(11815.600018338344), np.float64(15338.727538133788), np.float64(8047.152333423689), np.float64(9528.73373836701)]"
synthetic_transient,transient_scan_3,6.530612244897959,mq135,64.40580902318995,clean,26.5,53.0,1013.25,1,room_2,"[np.float64(12682.249123157164), np.float64(25075.647445816587), np.float64(18479.031916881362), np.float64(12782.692478900091), np.float64(20258.34458277296), np.float64(22903.766855579837), np.float64(11815.600018338344), np.float64(15338.727538133788), np.float64(8047.152333423689), np.float64(9528.73373836701)]"
synthetic_transient,transient_scan_3,6.73469387755102,mq135,63.77615683531489,clean,26.5,53.0,1013.25,1,room_2,"[np.float64(12682.249123157164), np.float64(25075.647445816587), np.float64(18479.031916881362), np.float64(12782.692478900091), np.float64(20258.34458277296), np.float64(22903.766855579837), np.float64(11815.600018338344), np.float64(15338.727538133788), np.float64(8047.152333423689), np.float64(9528.73373836701)]"
synthetic_transient,transient_scan_3,6.938775510204081,mq135,62.48426200650187,clean,26.5,53.0,1013.25,1,room_2,"[np.float64(12682.249123157164), np.float64(25075.647445816587), np.float64(18479.031916881362), np.float64(12782.692478900091), np.float64(20258.34458277296), np.float64(22903.766855579837), np.float64(11815.600018338344), np.float64(15338.727538133788), np.float64(8047.152333423689), np.float64(9528.73373836701)]"
synthetic_transient,transient_scan_3,7.142857142857143,mq135,62.733786719034505,clean,26.5,53.0,1013.25,1,room_2,"[np.float64(12682.249123157164), np.float64(25075.647445816587), np.float64(18479.031916881362), np.float64(12782.692478900091), np.float64(20258.34458277296), np.float64(22903.766855579837), np.float64(11815.600018338344), np.float64(15338.727538133788), np.float64(8047.152333423689), np.float64(9528.73373836701)]"
synthetic_transient,transient_scan_3,7.346938775510204,mq135,61.316359548912274,clean,26.5,53.0,1013.25,1,room_2,"[np.float64(12682.249123157164), np.float64(25075.647445816587), np.float64(18479.031916881362), np.float64(12782.692478900091), np.float64(20258.34458277296), np.float64(22903.766855579837), np.float64(11815.600018338344), np.float64(15338.727538133788), np.float64(8047.152333423689), np.float64(9528.73373836701)]"
synthetic_transient,transient_scan_3,7.551020408163265,mq135,62.63934161090031,clean,26.5,53.0,1013.25,1,room_2,"[np.float64(12682.249123157164), np.float64(25075.647445816587), np.float64(18479.031916881362), np.float64(12782.692478900091), np.float64(20258.34458277296), np.float64(22903.766855579837), np.float64(11815.600018338344), np.float64(15338.727538133788), np.float64(8047.152333423689), np.float64(9528.73373836701)]"
synthetic_transient,transient_scan_3,7.755102040816327,mq135,62.392545876994326,clean,26.5,53.0,1013.25,1,room_2,"[np.float64(12682.249123157164), np.float64(25075.647445816587), np.float64(18479.031916881362), np.float64(12782.692478900091), np.float64(20258.34458277296), np.float64(22903.766855579837), np.float64(11815.600018338344), np.float64(15338.727538133788), np.float64(8047.152333423689), np.float64(9528.73373836701)]"
synthetic_transient,transient_scan_3,7.959183673469388,mq135,61.63590184769804,clean,26.5,53.0,1013.25,1,room_2,"[np.float64(12682.249123157164), np.float64(25075.647445816587), np.float64(18479.031916881362), np.float64(12782.692478900091), np.float64(20258.34458277296), np.float64(22903.766855579837), np.float64(11815.600018338344), np.float64(15338.727538133788), np.float64(8047.152333423689), np.float64(9528.73373836701)]"
synthetic_transient,transient_scan_3,8.16326530612245,mq135,62.10542764976754,clean,26.5,53.0,1013.25,1,room_2,"[np.float64(12682.249123157164), np.float64(25075.647445816587), np.float64(18479.031916881362), np.float64(12782.692478900091), np.float64(20258.34458277296), np.float64(22903.766855579837), np.float64(11815.600018338344), np.float64(15338.727538133788), np.float64(8047.152333423689), np.float64(9528.73373836701)]"
synthetic_transient,transient_scan_3,8.36734693877551,mq135,61.01607755876393,clean,26.5,53.0,1013.25,1,room_2,"[np.float64(12682.249123157164), np.float64(25075.647445816587), np.float64(18479.031916881362), np.float64(12782.692478900091), np.float64(20258.34458277296), np.float64(22903.766855579837), np.float64(11815.600018338344), np.float64(15338.727538133788), np.float64(8047.152333423689), np.float64(9528.73373836701)]"
synthetic_transient,transient_scan_3,8.571428571428571,mq135,61.01329554172197,clean,26.5,53.0,1013.25,1,room_2,"[np.float64(12682.249123157164), np.float64(25075.647445816587), np.float64(18479.031916881362), np.float64(12782.692478900091), np.float64(20258.34458277296), np.float64(22903.766855579837), np.float64(11815.600018338344), np.float64(15338.727538133788), np.float64(8047.152333423689), np.float64(9528.73373836701)]"
synthetic_transient,transient_scan_3,8.775510204081632,mq135,61.55997260985975,clean,26.5,53.0,1013.25,1,room_2,"[np.float64(12682.249123157164), np.float64(25075.647445816587), np.float64(18479.031916881362), np.float64(12782.692478900091), np.float64(20258.34458277296), np.float64(22903.766855579837), np.float64(11815.600018338344), np.float64(15338.727538133788), np.float64(8047.152333423689), np.float64(9528.73373836701)]"
synthetic_transient,transient_scan_3,8.979591836734695,mq135,60.87595052148737,clean,26.5,53.0,1013.25,1,room_2,"[np.float64(12682.249123157164), np.float64(25075.647445816587), np.float64(18479.031916881362), np.float64(12782.692478900091), np.float64(20258.34458277296), np.float64(22903.766855579837), np.float64(11815.600018338344), np.float64(15338.727538133788), np.float64(8047.152333423689), np.float64(9528.73373836701)]"
synthetic_transient,transient_scan_3,9.183673469387756,mq135,61.07057896736137,clean,26.5,53.0,1013.25,1,room_2,"[np.float64(12682.249123157164), np.float64(25075.647445816587), np.float64(18479.031916881362), np.float64(12782.692478900091), np.float64(20258.34458277296), np.float64(22903.766855579837), np.float64(11815.600018338344), np.float64(15338.727538133788), np.float64(8047.152333423689), np.float64(9528.73373836701)]"
synthetic_transient,transient_scan_3,9.387755102040817,mq135,60.71318985908312,clean,26.5,53.0,1013.25,1,room_2,"[np.float64(12682.249123157164), np.float64(25075.647445816587), np.float64(18479.031916881362), np.float64(12782.692478900091), np.float64(20258.34458277296), np.float64(22903.766855579837), np.float64(11815.600018338344), np.float64(15338.727538133788), np.float64(8047.152333423689), np.float64(9528.73373836701)]"
synthetic_transient,transient_scan_3,9.591836734693878,mq135,60.69302513098213,clean,26.5,53.0,1013.25,1,room_2,"[np.float64(12682.249123157164), np.float64(25075.647445816587), np.float64(18479.031916881362), np.float64(12782.692478900091), np.float64(20258.34458277296), np.float64(22903.766855579837), np.float64(11815.600018338344), np.float64(15338.727538133788), np.float64(8047.152333423689), np.float64(9528.73373836701)]"
synthetic_transient,transient_scan_3,9.795918367346939,mq135,60.62771843806004,clean,26.5,53.0,1013.25,1,room_2,"[np.float64(12682.249123157164), np.float64(25075.647445816587), np.float64(18479.031916881362), np.float64(12782.692478900091), np.float64(20258.34458277296), np.float64(22903.766855579837), np.float64(11815.600018338344), np.float64(15338.727538133788), np.float64(8047.152333423689), np.float64(9528.73373836701)]"
synthetic_transient,transient_scan_3,10.0,mq135,60.37924717694028,clean,26.5,53.0,1013.25,1,room_2,"[np.float64(12682.249123157164), np.float64(25075.647445816587), np.float64(18479.031916881362), np.float64(12782.692478900091), np.float64(20258.34458277296), np.float64(22903.766855579837), np.float64(11815.600018338344), np.float64(15338.727538133788), np.float64(8047.152333423689), np.float64(9528.73373836701)]"
synthetic_transient,transient_scan_3,0.0,mq137,100.15122485718007,clean,26.5,53.0,1013.25,1,room_2,"[np.float64(12682.249123157164), np.float64(25075.647445816587), np.float64(18479.031916881362), np.float64(12782.692478900091), np.float64(20258.34458277296), np.float64(22903.766855579837), np.float64(11815.600018338344), np.float64(15338.727538133788), np.float64(8047.152333423689), np.float64(9528.73373836701)]"
synthetic_transient,transient_scan_3,0.20408163265306123,mq137,99.68603575662303,clean,26.5,53.0,1013.25,1,room_2,"[np.float64(12682.249123157164), np.float64(25075.647445816587), np.float64(18479.031916881362), np.float64(12782.692478900091), np.float64(20258.34458277296), np.float64(22903.766855579837), np.float64(11815.600018338344), np.float64(15338.727538133788), np.float64(8047.152333423689), np.float64(9528.73373836701)]"
synthetic_transient,transient_scan_3,0.40816326530612246,mq137,100.0078433568978,clean,26.5,53.0,1013.25,1,room_2,"[np.float64(12682.249123157164), np.float64(25075.647445816587), np.float64(18479.031916881362), np.float64(12782.692478900091), np.float64(20258.34458277296), np.float64(22903.766855579837), np.float64(11815.600018338344), np.float64(15338.727538133788), np.float64(8047.152333423689), np.float64(9528.73373836701)]"
synthetic_transient,transient_scan_3,0.6122448979591837,mq137,99.6356341593128,clean,26.5,53.0,1013.25,1,room_2,"[np.float64(12682.249123157164), np.float64(25075.647445816587), np.float64(18479.031916881362), np.float64(12782.692478900091), np.float64(20258.34458277296), np.float64(22903.766855579837), np.float64(11815.600018338344), np.float64(15338.727538133788), np.float64(8047.152333423689), np.float64(9528.73373836701)]"
synthetic_transient,transient_scan_3,0.8163265306122449,mq137,99.23285068680777,clean,26.5,53.0,1013.25,1,room_2,"[np.float64(12682.249123157164), np.float64(25075.647445816587), np.float64(18479.031916881362), np.float64(12782.692478900091), np.float64(20258.34458277296), np.float64(22903.766855579837), np.float64(11815.600018338344), np.float64(15338.727538133788), np.float64(8047.152333423689), np.float64(9528.73373836701)]"
synthetic_transient,transient_scan_3,1.0204081632653061,mq137,100.45621762462959,clean,26.5,53.0,1013.25,1,room_2,"[np.float64(12682.249123157164), np.float64(25075.647445816587), np.float64(18479.031916881362), np.float64(12782.692478900091), np.float64(20258.34458277296), np.float64(22903.766855579837), np.float64(11815.600018338344), np.float64(15338.727538133788), np.float64(8047.152333423689), np.float64(9528.73373836701)]"
synthetic_transient,transient_scan_3,1.2244897959183674,mq137,100.2497634925477,clean,26.5,53.0,1013.25,1,room_2,"[np.float64(12682.249123157164), np.float64(25075.647445816587), np.float64(18479.031916881362), np.float64(12782.692478900091), np.float64(20258.34458277296), np.float64(22903.766855579837), np.float64(11815.600018338344), np.float64(15338.727538133788), np.float64(8047.152333423689), np.float64(9528.73373836701)]"
synthetic_transient,transient_scan_3,1.4285714285714286,mq137,101.14434103439883,clean,26.5,53.0,1013.25,1,room_2,"[np.float64(12682.249123157164), np.float64(25075.647445816587), np.float64(18479.031916881362), np.float64(12782.692478900091), np.float64(20258.34458277296), np.float64(22903.766855579837), np.float64(11815.600018338344), np.float64(15338.727538133788), np.float64(8047.152333423689), np.float64(9528.73373836701)]"
synthetic_transient,transient_scan_3,1.6326530612244898,mq137,99.47801358000088,clean,26.5,53.0,1013.25,1,room_2,"[np.float64(12682.249123157164), np.float64(25075.647445816587), np.float64(18479.031916881362), np.float64(12782.692478900091), np.float64(20258.34458277296), np.float64(22903.766855579837), np.float64(11815.600018338344), np.float64(15338.727538133788), np.float64(8047.152333423689), np.float64(9528.73373836701)]"
synthetic_transient,transient_scan_3,1.836734693877551,mq137,99.89551975633398,clean,26.5,53.0,1013.25,1,room_2,"[np.float64(12682.249123157164), np.float64(25075.647445816587), np.float64(18479.031916881362), np.float64(12782.692478900091), np.float64(20258.34458277296), np.float64(22903.766855579837), np.float64(11815.600018338344), np.float64(15338.727538133788), np.float64(8047.152333423689), np.float64(9528.73373836701)]"
synthetic_transient,transient_scan_3,2.0408163265306123,mq137,99.12769321372028,clean,26.5,53.0,1013.25,1,room_2,"[np.float64(12682.249123157164), np.float64(25075.647445816587), np.float64(18479.031916881362), np.float64(12782.692478900091), np.float64(20258.34458277296), np.float64(22903.766855579837), np.float64(11815.600018338344), np.float64(15338.727538133788), np.float64(8047.152333423689), np.float64(9528.73373836701)]"
synthetic_transient,transient_scan_3,2.2448979591836737,mq137,95.88472648519542,clean,26.5,53.0,1013.25,1,room_2,"[np.float64(12682.249123157164), np.float64(25075.647445816587), np.float64(18479.031916881362), np.float64(12782.692478900091), np.float64(20258.34458277296), np.float64(22903.766855579837), np.float64(11815.600018338344), np.float64(15338.727538133788), np.float64(8047.152333423689), np.float64(9528.73373836701)]"
synthetic_transient,transient_scan_3,2.4489795918367347,mq137,91.70339521058477,clean,26.5,53.0,1013.25,1,room_2,"[np.float64(12682.249123157164), np.float64(25075.647445816587), np.float64(18479.031916881362), np.float64(12782.692478900091), np.float64(20258.34458277296), np.float64(22903.766855579837), np.float64(11815.600018338344), np.float64(15338.727538133788), np.float64(8047.152333423689), np.float64(9528.73373836701)]"
synthetic_transient,transient_scan_3,2.6530612244897958,mq137,88.27137068710232,clean,26.5,53.0,1013.25,1,room_2,"[np.float64(12682.249123157164), np.float64(25075.647445816587), np.float64(18479.031916881362), np.float64(12782.692478900091), np.float64(20258.34458277296), np.float64(22903.766855579837), np.float64(11815.600018338344), np.float64(15338.727538133788), np.float64(8047.152333423689), np.float64(9528.73373836701)]"
synthetic_transient,transient_scan_3,2.857142857142857,mq137,86.66146695547273,clean,26.5,53.0,1013.25,1,room_2,"[np.float64(12682.249123157164), np.float64(25075.647445816587), np.float64(18479.031916881362), np.float64(12782.692478900091), np.float64(20258.34458277296), np.float64(22903.766855579837), np.float64(11815.600018338344), np.float64(15338.727538133788), np.float64(8047.152333423689), np.float64(9528.73373836701)]"
synthetic_transient,transient_scan_3,3.0612244897959187,mq137,83.37146336871787,clean,26.5,53.0,1013.25,1,room_2,"[np.float64(12682.249123157164), np.float64(25075.647445816587), np.float64(18479.031916881362), np.float64(12782.692478900091), np.float64(20258.34458277296), np.float64(22903.766855579837), np.float64(11815.600018338344), np.float64(15338.727538133788), np.float64(8047.152333423689), np.float64(9528.73373836701)]"
synthetic_transient,transient_scan_3,3.2653061224489797,mq137,81.68654875808761,clean,26.5,53.0,1013.25,1,room_2,"[np.float64(12682.249123157164), np.float64(25075.647445816587), np.float64(18479.031916881362), np.float64(12782.692478900091), np.float64(20258.34458277296), np.float64(22903.766855579837), np.float64(11815.600018338344), np.float64(15338.727538133788), np.float64(8047.152333423689), np.float64(9528.73373836701)]"
synthetic_transient,transient_scan_3,3.4693877551020407,mq137,79.56718995359788,clean,26.5,53.0,1013.25,1,room_2,"[np.float64(12682.249123157164), np.float64(25075.647445816587), np.float64(18479.031916881362), np.float64(12782.692478900091), np.float64(20258.34458277296), np.float64(22903.766855579837), np.float64(11815.600018338344), np.float64(15338.727538133788), np.float64(8047.152333423689), np.float64(9528.73373836701)]"
synthetic_transient,transient_scan_3,3.673469387755102,mq137,77.30995454099298,clean,26.5,53.0,1013.25,1,room_2,"[np.float64(12682.249123157164), np.float64(25075.647445816587), np.float64(18479.031916881362), np.float64(12782.692478900091), np.float64(20258.34458277296), np.float64(22903.766855579837), np.float64(11815.600018338344), np.float64(15338.727538133788), np.float64(8047.152333423689), np.float64(9528.73373836701)]"
synthetic_transient,transient_scan_3,3.8775510204081636,mq137,75.55710107249631,clean,26.5,53.0,1013.25,1,room_2,"[np.float64(12682.249123157164), np.float64(25075.647445816587), np.float64(18479.031916881362), np.float64(12782.692478900091), np.float64(20258.34458277296), np.float64(22903.766855579837), np.float64(11815.600018338344), np.float64(15338.727538133788), np.float64(8047.152333423689), np.float64(9528.73373836701)]"
synthetic_transient,transient_scan_3,4.081632653061225,mq137,73.93086820730092,clean,26.5,53.0,1013.25,1,room_2,"[np.float64(12682.249123157164), np.float64(25075.647445816587), np.float64(18479.031916881362), np.float64(12782.692478900091), np.float64(20258.34458277296), np.float64(22903.766855579837), np.float64(11815.600018338344), np.float64(15338.727538133788), np.float64(8047.152333423689), np.float64(9528.73373836701)]"
synthetic_transient,transient_scan_3,4.285714285714286,mq137,72.74866572857381,clean,26.5,53.0,1013.25,1,room_2,"[np.float64(12682.249123157164), np.float64(25075.647445816587), np.float64(18479.031916881362), np.float64(12782.692478900091), np.float64(20258.34458277296), np.float64(22903.766855579837), np.float64(11815.600018338344), np.float64(15338.727538133788), np.float64(8047.152333423689), np.float64(9528.73373836701)]"
synthetic_transient,transient_scan_3,4.4897959183673475,mq137,71.95036176729364,clean,26.5,53.0,1013.25,1,room_2,"[np.float64(12682.249123157164), np.float64(25075.647445816587), np.float64(18479.031916881362), np.float64(12782.692478900091), np.float64(20258.34458277296), np.float64(22903.766855579837), np.float64(11815.600018338344), np.float64(15338.727538133788), np.float64(8047.152333423689), np.float64(9528.73373836701)]"
synthetic_transient,transient_scan_3,4.6938775510204085,mq137,70.00318267761209,clean,26.5,53.0,1013.25,1,room_2,"[np.float64(12682.249123157164), np.float64(25075.647445816587), np.float64(18479.031916881362), np.float64(12782.692478900091), np.float64(20258.34458277296), np.float64(22903.766855579837), np.float64(11815.600018338344), np.float64(15338.727538133788), np.float64(8047.152333423689), np.float64(9528.73373836701)]"
synthetic_transient,transient_scan_3,4.8979591836734695,mq137,69.44681352283726,clean,26.5,53.0,1013.25,1,room_2,"[np.float64(12682.249123157164), np.float64(25075.647445816587), np.float64(18479.031916881362), np.float64(12782.692478900091), np.float64(20258.34458277296), np.float64(22903.766855579837), np.float64(11815.600018338344), np.float64(15338.727538133788), np.float64(8047.152333423689), np.float64(9528.73373836701)]"
synthetic_transient,transient_scan_3,5.1020408163265305,mq137,67.92194447485326,clean,26.5,53.0,1013.25,1,room_2,"[np.float64(12682.249123157164), np.float64(25075.647445816587), np.float64(18479.031916881362), np.float64(12782.692478900091), np.float64(20258.34458277296), np.float64(22903.766855579837), np.float64(11815.600018338344), np.float64(15338.727538133788), np.float64(8047.152333423689), np.float64(9528.73373836701)]"
synthetic_transient,transient_scan_3,5.3061224489795915,mq137,67.16146287062712,clean,26.5,53.0,1013.25,1,room_2,"[np.float64(12682.249123157164), np.float64(25075.647445816587), np.float64(18479.031916881362), np.float64(12782.692478900091), np.float64(20258.34458277296), np.float64(22903.766855579837), np.float64(11815.600018338344), np.float64(15338.727538133788), np.float64(8047.152333423689), np.float64(9528.73373836701)]"
synthetic_transient,transient_scan_3,5.510204081632653,mq137,66.90011448525087,clean,26.5,53.0,1013.25,1,room_2,"[np.float64(12682.249123157164), np.float64(25075.647445816587), np.float64(18479.031916881362), np.float64(12782.692478900091), np.float64(20258.34458277296), np.float64(22903.766855579837), np.float64(11815.600018338344), np.float64(15338.727538133788), np.float64(8047.152333423689), np.float64(9528.73373836701)]"
synthetic_transient,transient_scan_3,5.714285714285714,mq137,65.26464280849193,clean,26.5,53.0,1013.25,1,room_2,"[np.float64(12682.249123157164), np.float64(25075.647445816587), np.float64(18479.031916881362), np.float64(12782.692478900091), np.float64(20258.34458277296), np.float64(22903.766855579837), np.float64(11815.600018338344), np.float64(15338.727538133788), np.float64(8047.152333423689), np.float64(9528.73373836701)]"
synthetic_transient,transient_scan_3,5.918367346938775,mq137,66.66921748163315,clean,26.5,53.0,1013.25,1,room_2,"[np.float64(12682.249123157164), np.float64(25075.647445816587), np.float64(18479.031916881362), np.float64(12782.692478900091), np.float64(20258.34458277296), np.float64(22903.766855579837), np.float64(11815.600018338344), np.float64(15338.727538133788), np.float64(8047.152333423689), np.float64(9528.73373836701)]"
synthetic_transient,transient_scan_3,6.122448979591837,mq137,64.49538999538134,clean,26.5,53.0,1013.25,1,room_2,"[np.float64(12682.249123157164), np.float64(25075.647445816587), np.float64(18479.031916881362), np.float64(12782.692478900091), np.float64(20258.34458277296), np.float64(22903.766855579837), np.float64(11815.600018338344), np.float64(15338.727538133788), np.float64(8047.152333423689), np.float64(9528.73373836701)]"
synthetic_transient,transient_scan_3,6.326530612244898,mq137,64.57792227794249,clean,26.5,53.0,1013.25,1,room_2,"[np.float64(12682.249123157164), np.float64(25075.647445816587), np.float64(18479.031916881362), np.float64(12782.692478900091), np.float64(20258.34458277296), np.float64(22903.766855579837), np.float64(11815.600018338344), np.float64(15338.727538133788), np.float64(8047.152333423689), np.float64(9528.73373836701)]"
synthetic_transient,transient_scan_3,6.530612244897959,mq137,64.73603904894263,clean,26.5,53.0,1013.25,1,room_2,"[np.float64(12682.249123157164), np.float64(25075.647445816587), np.float64(18479.031916881362), np.float64(12782.692478900091), np.float64(20258.34458277296), np.float64(22903.766855579837), np.float64(11815.600018338344), np.float64(15338.727538133788), np.float64(8047.152333423689), np.float64(9528.73373836701)]"
synthetic_transient,transient_scan_3,6.73469387755102,mq137,63.31770995671675,clean,26.5,53.0,1013.25,1,room_2,"[np.float64(12682.249123157164), np.float64(25075.647445816587), np.float64(18479.031916881362), np.float64(12782.692478900091), np.float64(20258.34458277296), np.float64(22903.766855579837), np.float64(11815.600018338344), np.float64(15338.727538133788), np.float64(8047.152333423689), np.float64(9528.73373836701)]"
synthetic_transient,transient_scan_3,6.938775510204081,mq137,62.23411796547662,clean,26.5,53.0,1013.25,1,room_2,"[np.float64(12682.249123157164), np.float64(25075.647445816587), np.float64(18479.031916881362), np.float64(12782.692478900091), np.float64(20258.34458277296), np.float64(22903.766855579837), np.float64(11815.600018338344), np.float64(15338.727538133788), np.float64(8047.152333423689), np.float64(9528.73373836701)]"
synthetic_transient,transient_scan_3,7.142857142857143,mq137,62.83457859956839,clean,26.5,53.0,1013.25,1,room_2,"[np.float64(12682.249123157164), np.float64(25075.647445816587), np.float64(18479.031916881362), np.float64(12782.692478900091), np.float64(20258.34458277296), np.float64(22903.766855579837), np.float64(11815.600018338344), np.float64(15338.727538133788), np.float64(8047.152333423689), np.float64(9528.73373836701)]"
synthetic_transient,transient_scan_3,7.346938775510204,mq137,62.32308496147058,clean,26.5,53.0,1013.25,1,room_2,"[np.float64(12682.249123157164), np.float64(25075.647445816587), np.float64(18479.031916881362), np.float64(12782.692478900091), np.float64(20258.34458277296), np.float64(22903.766855579837), np.float64(11815.600018338344), np.float64(15338.727538133788), np.float64(8047.152333423689), np.float64(9528.73373836701)]"
synthetic_transient,transient_scan_3,7.551020408163265,mq137,61.35452019953756,clean,26.5,53.0,1013.25,1,room_2,"[np.float64(12682.249123157164), np.float64(25075.647445816587), np.float64(18479.031916881362), np.float64(12782.692478900091), np.float64(20258.34458277296), np.float64(22903.766855579837), np.float64(11815.600018338344), np.float64(15338.727538133788), np.float64(8047.152333423689), np.float64(9528.73373836701)]"
synthetic_transient,transient_scan_3,7.755102040816327,mq137,62.39334111406035,clean,26.5,53.0,1013.25,1,room_2,"[np.float64(12682.249123157164), np.float64(25075.647445816587), np.float64(18479.031916881362), np.float64(12782.692478900091), np.float64(20258.34458277296), np.float64(22903.766855579837), np.float64(11815.600018338344), np.float64(15338.727538133788), np.float64(8047.152333423689), np.float64(9528.73373836701)]"
synthetic_transient,transient_scan_3,7.959183673469388,mq137,62.13608972573135,clean,26.5,53.0,1013.25,1,room_2,"[np.float64(12682.249123157164), np.float64(25075.647445816587), np.float64(18479.031916881362), np.float64(12782.692478900091), np.float64(20258.34458277296), np.float64(22903.766855579837), np.float64(11815.600018338344), np.float64(15338.727538133788), np.float64(8047.152333423689), np.float64(9528.73373836701)]"
synthetic_transient,transient_scan_3,8.16326530612245,mq137,62.406534521195155,clean,26.5,53.0,1013.25,1,room_2,"[np.float64(12682.249123157164), np.float64(25075.647445816587), np.float64(18479.031916881362), np.float64(12782.692478900091), np.float64(20258.34458277296), np.float64(22903.766855579837), np.float64(11815.600018338344), np.float64(15338.727538133788), np.float64(8047.152333423689), np.float64(9528.73373836701)]"
synthetic_transient,transient_scan_3,8.36734693877551,mq137,61.0969156865645,clean,26.5,53.0,1013.25,1,room_2,"[np.float64(12682.249123157164), np.float64(25075.647445816587), np.float64(18479.031916881362), np.float64(12782.692478900091), np.float64(20258.34458277296), np.float64(22903.766855579837), np.float64(11815.600018338344), np.float64(15338.727538133788), np.float64(8047.152333423689), np.float64(9528.73373836701)]"
synthetic_transient,transient_scan_3,8.571428571428571,mq137,60.696985811465964,clean,26.5,53.0,1013.25,1,room_2,"[np.float64(12682.249123157164), np.float64(25075.647445816587), np.float64(18479.031916881362), np.float64(12782.692478900091), np.float64(20258.34458277296), np.float64(22903.766855579837), np.float64(11815.600018338344), np.float64(15338.727538133788), np.float64(8047.152333423689), np.float64(9528.73373836701)]"
synthetic_transient,transient_scan_3,8.775510204081632,mq137,61.14801583614517,clean,26.5,53.0,1013.25,1,room_2,"[np.float64(12682.249123157164), np.float64(25075.647445816587), np.float64(18479.031916881362), np.float64(12782.692478900091), np.float64(20258.34458277296), np.float64(22903.766855579837), np.float64(11815.600018338344), np.float64(15338.727538133788), np.float64(8047.152333423689), np.float64(9528.73373836701)]"
synthetic_transient,transient_scan_3,8.979591836734695,mq137,61.17611256946429,clean,26.5,53.0,1013.25,1,room_2,"[np.float64(12682.249123157164), np.float64(25075.647445816587), np.float64(18479.031916881362), np.float64(12782.692478900091), np.float64(20258.34458277296), np.float64(22903.766855579837), np.float64(11815.600018338344), np.float64(15338.727538133788), np.float64(8047.152333423689), np.float64(9528.73373836701)]"
synthetic_transient,transient_scan_3,9.183673469387756,mq137,61.56258224695584,clean,26.5,53.0,1013.25,1,room_2,"[np.float64(12682.249123157164), np.float64(25075.647445816587), np.float64(18479.031916881362), np.float64(12782.692478900091), np.float64(20258.34458277296), np.float64(22903.766855579837), np.float64(11815.600018338344), np.float64(15338.727538133788), np.float64(8047.152333423689), np.float64(9528.73373836701)]"
synthetic_transient,transient_scan_3,9.387755102040817,mq137,61.70029837529887,clean,26.5,53.0,1013.25,1,room_2,"[np.float64(12682.249123157164), np.float64(25075.647445816587), np.float64(18479.031916881362), np.float64(12782.692478900091), np.float64(20258.34458277296), np.float64(22903.766855579837), np.float64(11815.600018338344), np.float64(15338.727538133788), np.float64(8047.152333423689), np.float64(9528.73373836701)]"
synthetic_transient,transient_scan_3,9.591836734693878,mq137,61.505730276085394,clean,26.5,53.0,1013.25,1,room_2,"[np.float64(12682.249123157164), np.float64(25075.647445816587), np.float64(18479.031916881362), np.float64(12782.692478900091), np.float64(20258.34458277296), np.float64(22903.766855579837), np.float64(11815.600018338344), np.float64(15338.727538133788), np.float64(8047.152333423689), np.float64(9528.73373836701)]"
synthetic_transient,transient_scan_3,9.795918367346939,mq137,60.94960237948387,clean,26.5,53.0,1013.25,1,room_2,"[np.float64(12682.249123157164), np.float64(25075.647445816587), np.float64(18479.031916881362), np.float64(12782.692478900091), np.float64(20258.34458277296), np.float64(22903.766855579837), np.float64(11815.600018338344), np.float64(15338.727538133788), np.float64(8047.152333423689), np.float64(9528.73373836701)]"
synthetic_transient,transient_scan_3,10.0,mq137,61.132375182301445,clean,26.5,53.0,1013.25,1,room_2,"[np.float64(12682.249123157164), np.float64(25075.647445816587), np.float64(18479.031916881362), np.float64(12782.692478900091), np.float64(20258.34458277296), np.float64(22903.766855579837), np.float64(11815.600018338344), np.float64(15338.727538133788), np.float64(8047.152333423689), np.float64(9528.73373836701)]"
synthetic_transient,transient_scan_3,0.0,mq138,99.67975328261541,clean,26.5,53.0,1013.25,1,room_2,"[np.float64(12682.249123157164), np.float64(25075.647445816587), np.float64(18479.031916881362), np.float64(12782.692478900091), np.float64(20258.34458277296), np.float64(22903.766855579837), np.float64(11815.600018338344), np.float64(15338.727538133788), np.float64(8047.152333423689), np.float64(9528.73373836701)]"
synthetic_transient,transient_scan_3,0.20408163265306123,mq138,100.08419759623763,clean,26.5,53.0,1013.25,1,room_2,"[np.float64(12682.249123157164), np.float64(25075.647445816587), np.float64(18479.031916881362), np.float64(12782.692478900091), np.float64(20258.34458277296), np.float64(22903.766855579837), np.float64(11815.600018338344), np.float64(15338.727538133788), np.float64(8047.152333423689), np.float64(9528.73373836701)]"
synthetic_transient,transient_scan_3,0.40816326530612246,mq138,99.40435493035609,clean,26.5,53.0,1013.25,1,room_2,"[np.float64(12682.249123157164), np.float64(25075.647445816587), np.float64(18479.031916881362), np.float64(12782.692478900091), np.float64(20258.34458277296), np.float64(22903.766855579837), np.float64(11815.600018338344), np.float64(15338.727538133788), np.float64(8047.152333423689), np.float64(9528.73373836701)]"
synthetic_transient,transient_scan_3,0.6122448979591837,mq138,100.03134269844344,clean,26.5,53.0,1013.25,1,room_2,"[np.float64(12682.249123157164), np.float64(25075.647445816587), np.float64(18479.031916881362), np.float64(12782.692478900091), np.float64(20258.34458277296), np.float64(22903.766855579837), np.float64(11815.600018338344), np.float64(15338.727538133788), np.float64(8047.152333423689), np.float64(9528.73373836701)]"
synthetic_transient,transient_scan_3,0.8163265306122449,mq138,100.04432334869901,clean,26.5,53.0,1013.25,1,room_2,"[np.float64(12682.249123157164), np.float64(25075.647445816587), np.float64(18479.031916881362), np.float64(12782.692478900091), np.float64(20258.34458277296), np.float64(22903.766855579837), np.float64(11815.600018338344), np.float64(15338.727538133788), np.float64(8047.152333423689), np.float64(9528.73373836701)]"
synthetic_transient,transient_scan_3,1.0204081632653061,mq138,100.86106430284248,clean,26.5,53.0,1013.25,1,room_2,"[np.float64(12682.249123157164), np.float64(25075.647445816587), np.float64(18479.031916881362), np.float64(12782.692478900091), np.float64(20258.34458277296), np.float64(22903.766855579837), np.float64(11815.600018338344), np.float64(15338.727538133788), np.float64(8047.152333423689), np.float64(9528.73373836701)]"
synthetic_transient,transient_scan_3,1.2244897959183674,mq138,99.88550856925488,clean,26.5,53.0,1013.25,1,room_2,"[np.float64(12682.249123157164), np.float64(25075.647445816587), np.float64(18479.031916881362), np.float64(12782.692478900091), np.float64(20258.34458277296), np.float64(22903.766855579837), np.float64(11815.600018338344), np.float64(15338.727538133788), np.float64(8047.152333423689), np.float64(9528.73373836701)]"
synthetic_transient,transient_scan_3,1.4285714285714286,mq138,100.04502141882665,clean,26.5,53.0,1013.25,1,room_2,"[np.float64(12682.249123157164), np.float64(25075.647445816587), np.float64(18479.031916881362), np.float64(12782.692478900091), np.float64(20258.34458277296), np.float64(22903.766855579837), np.float64(11815.600018338344), np.float64(15338.727538133788), np.float64(8047.152333423689), np.float64(9528.73373836701)]"
synthetic_transient,transient_scan_3,1.6326530612244898,mq138,100.11848070785602,clean,26.5,53.0,1013.25,1,room_2,"[np.float64(12682.249123157164), np.float64(25075.647445816587), np.float64(18479.031916881362), np.float64(12782.692478900091), np.float64(20258.34458277296), np.float64(22903.766855579837), np.float64(11815.600018338344), np.float64(15338.727538133788), np.float64(8047.152333423689), np.float64(9528.73373836701)]"
synthetic_transient,transient_scan_3,1.836734693877551,mq138,99.77258984205578,clean,26.5,53.0,1013.25,1,room_2,"[np.float64(12682.249123157164), np.float64(25075.647445816587), np.float64(18479.031916881362), np.float64(12782.692478900091), np.float64(20258.34458277296), np.float64(22903.766855579837), np.float64(11815.600018338344), np.float64(15338.727538133788), np.float64(8047.152333423689), np.float64(9528.73373836701)]"
synthetic_transient,transient_scan_3,2.0408163265306123,mq138,98.79070058754236,clean,26.5,53.0,1013.25,1,room_2,"[np.float64(12682.249123157164), np.float64(25075.647445816587), np.float64(18479.031916881362), np.float64(12782.692478900091), np.float64(20258.34458277296), np.float64(22903.766855579837), np.float64(11815.600018338344), np.float64(15338.727538133788), np.float64(8047.152333423689), np.float64(9528.73373836701)]"
synthetic_transient,transient_scan_3,2.2448979591836737,mq138,96.03944742847789,clean,26.5,53.0,1013.25,1,room_2,"[np.float64(12682.249123157164), np.float64(25075.647445816587), np.float64(18479.031916881362), np.float64(12782.692478900091), np.float64(20258.34458277296), np.float64(22903.766855579837), np.float64(11815.600018338344), np.float64(15338.727538133788), np.float64(8047.152333423689), np.float64(9528.73373836701)]"
synthetic_transient,transient_scan_3,2.4489795918367347,mq138,91.46649043617093,clean,26.5,53.0,1013.25,1,room_2,"[np.float64(12682.249123157164), np.float64(25075.647445816587), np.float64(18479.031916881362), np.float64(12782.692478900091), np.float64(20258.34458277296), np.float64(22903.766855579837), np.float64(11815.600018338344), np.float64(15338.727538133788), np.float64(8047.152333423689), np.float64(9528.73373836701)]"
synthetic_transient,transient_scan_3,2.6530612244897958,mq138,88.19293257834661,clean,26.5,53.0,1013.25,1,room_2,"[np.float64(12682.249123157164), np.float64(25075.647445816587), np.float64(18479.031916881362), np.float64(12782.692478900091), np.float64(20258.34458277296), np.float64(22903.766855579837), np.float64(11815.600018338344), np.float64(15338.727538133788), np.float64(8047.152333423689), np.float64(9528.73373836701)]"
synthetic_transient,transient_scan_3,2.857142857142857,mq138,86.39769499088997,clean,26.5,53.0,1013.25,1,room_2,"[np.float64(12682.249123157164), np.float64(25075.647445816587), np.float64(18479.031916881362), np.float64(12782.692478900091), np.float64(20258.34458277296), np.float64(22903.766855579837), np.float64(11815.600018338344), np.float64(15338.727538133788), np.float64(8047.152333423689), np.float64(9528.73373836701)]"
synthetic_transient,transient_scan_3,3.0612244897959187,mq138,84.1086958043605,clean,26.5,53.0,1013.25,1,room_2,"[np.float64(12682.249123157164), np.float64(25075.647445816587), np.float64(18479.031916881362), np.float64(12782.692478900091), np.float64(20258.34458277296), np.float64(22903.766855579837), np.float64(11815.600018338344), np.float64(15338.727538133788), np.float64(8047.152333423689), np.float64(9528.73373836701)]"
synthetic_transient,transient_scan_3,3.2653061224489797,mq138,81.02152217442428,clean,26.5,53.0,1013.25,1,room_2,"[np.float64(12682.249123157164), np.float64(25075.647445816587), np.float64(18479.031916881362), np.float64(12782.692478900091), np.float64(20258.34458277296), np.float64(22903.766855579837), np.float64(11815.600018338344), np.float64(15338.727538133788), np.float64(8047.152333423689), np.float64(9528.73373836701)]"
synthetic_transient,transient_scan_3,3.4693877551020407,mq138,78.96806400937683,clean,26.5,53.0,1013.25,1,room_2,"[np.float64(12682.249123157164), np.float64(25075.647445816587), np.float64(18479.031916881362), np.float64(12782.692478900091), np.float64(20258.34458277296), np.float64(22903.766855579837), np.float64(11815.600018338344), np.float64(15338.727538133788), np.float64(8047.152333423689), np.float64(9528.73373836701)]"
synthetic_transient,transient_scan_3,3.673469387755102,mq138,77.46617154099752,clean,26.5,53.0,1013.25,1,room_2,"[np.float64(12682.249123157164), np.float64(25075.647445816587), np.float64(18479.031916881362), np.float64(12782.692478900091), np.float64(20258.34458277296), np.float64(22903.766855579837), np.float64(11815.600018338344), np.float64(15338.727538133788), np.float64(8047.152333423689), np.float64(9528.73373836701)]"
synthetic_transient,transient_scan_3,3.8775510204081636,mq138,75.29033158664208,clean,26.5,53.0,1013.25,1,room_2,"[np.float64(12682.249123157164), np.float64(25075.647445816587), np.float64(18479.031916881362), np.float64(12782.692478900091), np.float64(20258.34458277296), np.float64(22903.766855579837), np.float64(11815.600018338344), np.float64(15338.727538133788), np.float64(8047.152333423689), np.float64(9528.73373836701)]"
synthetic_transient,transient_scan_3,4.081632653061225,mq138,73.73579435015984,clean,26.5,53.0,1013.25,1,room_2,"[np.float64(12682.249123157164), np.float64(25075.647445816587), np.float64(18479.031916881362), np.float64(12782.692478900091), np.float64(20258.34458277296), np.float64(22903.766855579837), np.float64(11815.600018338344), np.float64(15338.727538133788), np.float64(8047.152333423689), np.float64(9528.73373836701)]"
synthetic_transient,transient_scan_3,4.285714285714286,mq138,73.19605858695199,clean,26.5,53.0,1013.25,1,room_2,"[np.float64(12682.249123157164), np.float64(25075.647445816587), np.float64(18479.031916881362), np.float64(12782.692478900091), np.float64(20258.34458277296), np.float64(22903.766855579837), np.float64(11815.600018338344), np.float64(15338.727538133788), np.float64(8047.152333423689), np.float64(9528.73373836701)]"
synthetic_transient,transient_scan_3,4.4897959183673475,mq138,71.82237720460013,clean,26.5,53.0,1013.25,1,room_2,"[np.float64(12682.249123157164), np.float64(25075.647445816587), np.float64(18479.031916881362), np.float64(12782.692478900091), np.float64(20258.34458277296), np.float64(22903.766855579837), np.float64(11815.600018338344), np.float64(15338.727538133788), np.float64(8047.152333423689), np.float64(9528.73373836701)]"
synthetic_transient,transient_scan_3,4.6938775510204085,mq138,71.05698221130093,clean,26.5,53.0,1013.25,1,room_2,"[np.float64(12682.249123157164), np.float64(25075.647445816587), np.float64(18479.031916881362), np.float64(12782.692478900091), np.float64(20258.34458277296), np.float64(22903.766855579837), np.float64(11815.600018338344), np.float64(15338.727538133788), np.float64(8047.152333423689), np.float64(9528.73373836701)]"
synthetic_transient,transient_scan_3,4.8979591836734695,mq138,68.76609620154996,clean,26.5,53.0,1013.25,1,room_2,"[np.float64(12682.249123157164), np.float64(25075.647445816587), np.float64(18479.031916881362), np.float64(12782.692478900091), np.float64(20258.34458277296), np.float64(22903.766855579837), np.float64(11815.600018338344), np.float64(15338.727538133788), np.float64(8047.152333423689), np.float64(9528.73373836701)]"
synthetic_transient,transient_scan_3,5.1020408163265305,mq138,68.23002894549735,clean,26.5,53.0,1013.25,1,room_2,"[np.float64(12682.249123157164), np.float64(25075.647445816587), np.float64(18479.031916881362), np.float64(12782.692478900091), np.float64(20258.34458277296), np.float64(22903.766855579837), np.float64(11815.600018338344), np.float64(15338.727538133788), np.float64(8047.152333423689), np.float64(9528.73373836701)]"
synthetic_transient,transient_scan_3,5.3061224489795915,mq138,67.79910576828294,clean,26.5,53.0,1013.25,1,room_2,"[np.float64(12682.249123157164), np.float64(25075.647445816587), np.float64(18479.031916881362), np.float64(12782.692478900091), np.float64(20258.34458277296), np.float64(22903.766855579837), np.float64(11815.600018338344), np.float64(15338.727538133788), np.float64(8047.152333423689), np.float64(9528.73373836701)]"
synthetic_transient,transient_scan_3,5.510204081632653,mq138,66.4527735589415,clean,26.5,53.0,1013.25,1,room_2,"[np.float64(12682.249123157164), np.float64(25075.647445816587), np.float64(18479.031916881362), np.float64(12782.692478900091), np.float64(20258.34458277296), np.float64(22903.766855579837), np.float64(11815.600018338344), np.float64(15338.727538133788), np.float64(8047.152333423689), np.float64(9528.73373836701)]"
synthetic_transient,transient_scan_3,5.714285714285714,mq138,66.56556553121617,clean,26.5,53.0,1013.25,1,room_2,"[np.float64(12682.249123157164), np.float64(25075.647445816587), np.float64(18479.031916881362), np.float64(12782.692478900091), np.float64(20258.34458277296), np.float64(22903.766855579837), np.float64(11815.600018338344), np.float64(15338.727538133788), np.float64(8047.152333423689), np.float64(9528.73373836701)]"
synthetic_transient,transient_scan_3,5.918367346938775,mq138,66.2512517169383,clean,26.5,53.0,1013.25,1,room_2,"[np.float64(12682.249123157164), np.float64(25075.647445816587), np.float64(18479.031916881362), np.float64(12782.692478900091), np.float64(20258.34458277296), np.float64(22903.766855579837), np.float64(11815.600018338344), np.float64(15338.727538133788), np.float64(8047.152333423689), np.float64(9528.73373836701)]"
synthetic_transient,transient_scan_3,6.122448979591837,mq138,64.80024098672278,clean,26.5,53.0,1013.25,1,room_2,"[np.float64(12682.249123157164), np.float64(25075.647445816587), np.float64(18479.031916881362), np.float64(12782.692478900091), np.float64(20258.34458277296), np.float64(22903.766855579837), np.float64(11815.600018338344), np.float64(15338.727538133788), np.float64(8047.152333423689), np.float64(9528.73373836701)]"
synthetic_transient,transient_scan_3,6.326530612244898,mq138,64.61726250438429,clean,26.5,53.0,1013.25,1,room_2,"[np.float64(12682.249123157164), np.float64(25075.647445816587), np.float64(18479.031916881362), np.float64(12782.692478900091), np.float64(20258.34458277296), np.float64(22903.766855579837), np.float64(11815.600018338344), np.float64(15338.727538133788), np.float64(8047.152333423689), np.float64(9528.73373836701)]"
synthetic_transient,transient_scan_3,6.530612244897959,mq138,64.87973953307475,clean,26.5,53.0,1013.25,1,room_2,"[np.float64(12682.249123157164), np.float64(25075.647445816587), np.float64(18479.031916881362), np.float64(12782.692478900091), np.float64(20258.34458277296), np.float64(22903.766855579837), np.float64(11815.600018338344), np.float64(15338.727538133788), np.float64(8047.152333423689), np.float64(9528.73373836701)]"
synthetic_transient,transient_scan_3,6.73469387755102,mq138,64.6487984136015,clean,26.5,53.0,1013.25,1,room_2,"[np.float64(12682.249123157164), np.float64(25075.647445816587), np.float64(18479.031916881362), np.float64(12782.692478900091), np.float64(20258.34458277296), np.float64(22903.766855579837), np.float64(11815.600018338344), np.float64(15338.727538133788), np.float64(8047.152333423689), np.float64(9528.73373836701)]"
synthetic_transient,transient_scan_3,6.938775510204081,mq138,63.75836708577918,clean,26.5,53.0,1013.25,1,room_2,"[np.float64(12682.249123157164), np.float64(25075.647445816587), np.float64(18479.031916881362), np.float64(12782.692478900091), np.float64(20258.34458277296), np.float64(22903.766855579837), np.float64(11815.600018338344), np.float64(15338.727538133788), np.float64(8047.152333423689), np.float64(9528.73373836701)]"
synthetic_transient,transient_scan_3,7.142857142857143,mq138,63.35376606622753,clean,26.5,53.0,1013.25,1,room_2,"[np.float64(12682.249123157164), np.float64(25075.647445816587), np.float64(18479.031916881362), np.float64(12782.692478900091), np.float64(20258.34458277296), np.float64(22903.766855579837), np.float64(11815.600018338344), np.float64(15338.727538133788), np.float64(8047.152333423689), np.float64(9528.73373836701)]"
synthetic_transient,transient_scan_3,7.346938775510204,mq138,62.33362688416618,clean,26.5,53.0,1013.25,1,room_2,"[np.float64(12682.249123157164), np.float64(25075.647445816587), np.float64(18479.031916881362), np.float64(12782.692478900091), np.float64(20258.34458277296), np.float64(22903.766855579837), np.float64(11815.600018338344), np.float64(15338.727538133788), np.float64(8047.152333423689), np.float64(9528.73373836701)]"
synthetic_transient,transient_scan_3,7.551020408163265,mq138,62.67231165406248,clean,26.5,53.0,1013.25,1,room_2,"[np.float64(12682.249123157164), np.float64(25075.647445816587), np.float64(18479.031916881362), np.float64(12782.692478900091), np.float64(20258.34458277296), np.float64(22903.766855579837), np.float64(11815.600018338344), np.float64(15338.727538133788), np.float64(8047.152333423689), np.float64(9528.73373836701)]"
synthetic_transient,transient_scan_3,7.755102040816327,mq138,62.52930658816175,clean,26.5,53.0,1013.25,1,room_2,"[np.float64(12682.249123157164), np.float64(25075.647445816587), np.float64(18479.031916881362), np.float64(12782.692478900091), np.float64(20258.34458277296), np.float64(22903.766855579837), np.float64(11815.600018338344), np.float64(15338.727538133788), np.float64(8047.152333423689), np.float64(9528.73373836701)]"
synthetic_transient,transient_scan_3,7.959183673469388,mq138,61.92735771533435,clean,26.5,53.0,1013.25,1,room_2,"[np.float64(12682.249123157164), np.float64(25075.647445816587), np.float64(18479.031916881362), np.float64(12782.692478900091), np.float64(20258.34458277296), np.float64(22903.766855579837), np.float64(11815.600018338344), np.float64(15338.727538133788), np.float64(8047.152333423689), np.float64(9528.73373836701)]"
synthetic_transient,transient_scan_3,8.16326530612245,mq138,61.53798316664815,clean,26.5,53.0,1013.25,1,room_2,"[np.float64(12682.249123157164), np.float64(25075.647445816587), np.float64(18479.031916881362), np.float64(12782.692478900091), np.float64(20258.34458277296), np.float64(22903.766855579837), np.float64(11815.600018338344), np.float64(15338.727538133788), np.float64(8047.152333423689), np.float64(9528.73373836701)]"
synthetic_transient,transient_scan_3,8.36734693877551,mq138,61.01667803258626,clean,26.5,53.0,1013.25,1,room_2,"[np.float64(12682.249123157164), np.float64(25075.647445816587), np.float64(18479.031916881362), np.float64(12782.692478900091), np.float64(20258.34458277296), np.float64(22903.766855579837), np.float64(11815.600018338344), np.float64(15338.727538133788), np.float64(8047.152333423689), np.float64(9528.73373836701)]"
synthetic_transient,transient_scan_3,8.571428571428571,mq138,60.62768917716382,clean,26.5,53.0,1013.25,1,room_2,"[np.float64(12682.249123157164), np.float64(25075.647445816587), np.float64(18479.031916881362), np.float64(12782.692478900091), np.float64(20258.34458277296), np.float64(22903.766855579837), np.float64(11815.600018338344), np.float64(15338.727538133788), np.float64(8047.152333423689), np.float64(9528.73373836701)]"
synthetic_transient,transient_scan_3,8.775510204081632,mq138,60.37743562100788,clean,26.5,53.0,1013.25,1,room_2,"[np.float64(12682.249123157164), np.float64(25075.647445816587), np.float64(18479.031916881362), np.float64(12782.692478900091), np.float64(20258.34458277296), np.float64(22903.766855579837), np.float64(11815.600018338344), np.float64(15338.727538133788), np.float64(8047.152333423689), np.float64(9528.73373836701)]"
synthetic_transient,transient_scan_3,8.979591836734695,mq138,61.51000518540247,clean,26.5,53.0,1013.25,1,room_2,"[np.float64(12682.249123157164), np.float64(25075.647445816587), np.float64(18479.031916881362), np.float64(12782.692478900091), np.float64(20258.34458277296), np.float64(22903.766855579837), np.float64(11815.600018338344), np.float64(15338.727538133788), np.float64(8047.152333423689), np.float64(9528.73373836701)]"
synthetic_transient,transient_scan_3,9.183673469387756,mq138,61.175757108075985,clean,26.5,53.0,1013.25,1,room_2,"[np.float64(12682.249123157164), np.float64(25075.647445816587), np.float64(18479.031916881362), np.float64(12782.692478900091), np.float64(20258.34458277296), np.float64(22903.766855579837), np.float64(11815.600018338344), np.float64(15338.727538133788), np.float64(8047.152333423689), np.float64(9528.73373836701)]"
synthetic_transient,transient_scan_3,9.387755102040817,mq138,60.75310880702574,clean,26.5,53.0,1013.25,1,room_2,"[np.float64(12682.249123157164), np.float64(25075.647445816587), np.float64(18479.031916881362), np.float64(12782.692478900091), np.float64(20258.34458277296), np.float64(22903.766855579837), np.float64(11815.600018338344), np.float64(15338.727538133788), np.float64(8047.152333423689), np.float64(9528.73373836701)]"
synthetic_transient,transient_scan_3,9.591836734693878,mq138,60.7327625602694,clean,26.5,53.0,1013.25,1,room_2,"[np.float64(12682.249123157164), np.float64(25075.647445816587), np.float64(18479.031916881362), np.float64(12782.692478900091), np.float64(20258.34458277296), np.float64(22903.766855579837), np.float64(11815.600018338344), np.float64(15338.727538133788), np.float64(8047.152333423689), np.float64(9528.73373836701)]"
synthetic_transient,transient_scan_3,9.795918367346939,mq138,60.91656581680278,clean,26.5,53.0,1013.25,1,room_2,"[np.float64(12682.249123157164), np.float64(25075.647445816587), np.float64(18479.031916881362), np.float64(12782.692478900091), np.float64(20258.34458277296), np.float64(22903.766855579837), np.float64(11815.600018338344), np.float64(15338.727538133788), np.float64(8047.152333423689), np.float64(9528.73373836701)]"
synthetic_transient,transient_scan_3,10.0,mq138,60.65034402004507,clean,26.5,53.0,1013.25,1,room_2,"[np.float64(12682.249123157164), np.float64(25075.647445816587), np.float64(18479.031916881362), np.float64(12782.692478900091), np.float64(20258.34458277296), np.float64(22903.766855579837), np.float64(11815.600018338344), np.float64(15338.727538133788), np.float64(8047.152333423689), np.float64(9528.73373836701)]"
synthetic_transient,transient_scan_3,0.0,tgs2620,99.32972340999808,clean,26.5,53.0,1013.25,1,room_2,"[np.float64(12682.249123157164), np.float64(25075.647445816587), np.float64(18479.031916881362), np.float64(12782.692478900091), np.float64(20258.34458277296), np.float64(22903.766855579837), np.float64(11815.600018338344), np.float64(15338.727538133788), np.float64(8047.152333423689), np.float64(9528.73373836701)]"
synthetic_transient,transient_scan_3,0.20408163265306123,tgs2620,100.45650011013716,clean,26.5,53.0,1013.25,1,room_2,"[np.float64(12682.249123157164), np.float64(25075.647445816587), np.float64(18479.031916881362), np.float64(12782.692478900091), np.float64(20258.34458277296), np.float64(22903.766855579837), np.float64(11815.600018338344), np.float64(15338.727538133788), np.float64(8047.152333423689), np.float64(9528.73373836701)]"
synthetic_transient,transient_scan_3,0.40816326530612246,tgs2620,100.1520630853349,clean,26.5,53.0,1013.25,1,room_2,"[np.float64(12682.249123157164), np.float64(25075.647445816587), np.float64(18479.031916881362), np.float64(12782.692478900091), np.float64(20258.34458277296), np.float64(22903.766855579837), np.float64(11815.600018338344), np.float64(15338.727538133788), np.float64(8047.152333423689), np.float64(9528.73373836701)]"
synthetic_transient,transient_scan_3,0.6122448979591837,tgs2620,100.13294923990692,clean,26.5,53.0,1013.25,1,room_2,"[np.float64(12682.249123157164), np.float64(25075.647445816587), np.float64(18479.031916881362), np.float64(12782.692478900091), np.float64(20258.34458277296), np.float64(22903.766855579837), np.float64(11815.600018338344), np.float64(15338.727538133788), np.float64(8047.152333423689), np.float64(9528.73373836701)]"
synthetic_transient,transient_scan_3,0.8163265306122449,tgs2620,100.41878135167919,clean,26.5,53.0,1013.25,1,room_2,"[np.float64(12682.249123157164), np.float64(25075.647445816587), np.float64(18479.031916881362), np.float64(12782.692478900091), np.float64(20258.34458277296), np.float64(22903.766855579837), np.float64(11815.600018338344), np.float64(15338.727538133788), np.float64(8047.152333423689), np.float64(9528.73373836701)]"
synthetic_transient,transient_scan_3,1.0204081632653061,tgs2620,99.59317732197016,clean,26.5,53.0,1013.25,1,room_2,"[np.float64(12682.249123157164), np.float64(25075.647445816587), np.float64(18479.031916881362), np.float64(12782.692478900091), np.float64(20258.34458277296), np.float64(22903.766855579837), np.float64(11815.600018338344), np.float64(15338.727538133788), np.float64(8047.152333423689), np.float64(9528.73373836701)]"
synthetic_transient,transient_scan_3,1.2244897959183674,tgs2620,100.60686571886292,clean,26.5,53.0,1013.25,1,room_2,"[np.float64(12682.249123157164), np.float64(25075.647445816587), np.float64(18479.031916881362), np.float64(12782.692478900091), np.float64(20258.34458277296), np.float64(22903.766855579837), np.float64(11815.600018338344), np.float64(15338.727538133788), np.float64(8047.152333423689), np.float64(9528.73373836701)]"
synthetic_transient,transient_scan_3,1.4285714285714286,tgs2620,99.92997857402888,clean,26.5,53.0,1013.25,1,room_2,"[np.float64(12682.249123157164), np.float64(25075.647445816587), np.float64(18479.031916881362), np.float64(12782.692478900091), np.float64(20258.34458277296), np.float64(22903.766855579837), np.float64(11815.600018338344), np.float64(15338.727538133788), np.float64(8047.152333423689), np.float64(9528.73373836701)]"
synthetic_transient,transient_scan_3,1.6326530612244898,tgs2620,100.44429944016544,clean,26.5,53.0,1013.25,1,room_2,"[np.float64(12682.249123157164), np.float64(25075.647445816587), np.float64(18479.031916881362), np.float64(12782.692478900091), np.float64(20258.34458277296), np.float64(22903.766855579837), np.float64(11815.600018338344), np.float64(15338.727538133788), np.float64(8047.152333423689), np.float64(9528.73373836701)]"
synthetic_transient,transient_scan_3,1.836734693877551,tgs2620,100.36722451674383,clean,26.5,53.0,1013.25,1,room_2,"[np.float64(12682.249123157164), np.float64(25075.647445816587), np.float64(18479.031916881362), np.float64(12782.692478900091), np.float64(20258.34458277296), np.float64(22903.766855579837), np.float64(11815.600018338344), np.float64(15338.727538133788), np.float64(8047.152333423689), np.float64(9528.73373836701)]"
synthetic_transient,transient_scan_3,2.0408163265306123,tgs2620,98.6725460401469,clean,26.5,53.0,1013.25,1,room_2,"[np.float64(12682.249123157164), np.float64(25075.647445816587), np.float64(18479.031916881362), np.float64(12782.692478900091), np.float64(20258.34458277296), np.float64(22903.766855579837), np.float64(11815.600018338344), np.float64(15338.727538133788), np.float64(8047.152333423689), np.float64(9528.73373836701)]"
synthetic_transient,transient_scan_3,2.2448979591836737,tgs2620,95.64149196851142,clean,26.5,53.0,1013.25,1,room_2,"[np.float64(12682.249123157164), np.float64(25075.647445816587), np.float64(18479.031916881362), np.float64(12782.692478900091), np.float64(20258.34458277296), np.float64(22903.766855579837), np.float64(11815.600018338344), np.float64(15338.727538133788), np.float64(8047.152333423689), np.float64(9528.73373836701)]"
synthetic_transient,transient_scan_3,2.4489795918367347,tgs2620,92.12008649307442,clean,26.5,53.0,1013.25,1,room_2,"[np.float64(12682.249123157164), np.float64(25075.647445816587), np.float64(18479.031916881362), np.float64(12782.692478900091), np.float64(20258.34458277296), np.float64(22903.766855579837), np.float64(11815.600018338344), np.float64(15338.727538133788), np.float64(8047.152333423689), np.float64(9528.73373836701)]"
synthetic_transient,transient_scan_3,2.6530612244897958,tgs2620,88.87204744293741,clean,26.5,53.0,1013.25,1,room_2,"[np.float64(12682.249123157164), np.float64(25075.647445816587), np.float64(18479.031916881362), np.float64(12782.692478900091), np.float64(20258.34458277296), np.float64(22903.766855579837), np.float64(11815.600018338344), np.float64(15338.727538133788), np.float64(8047.152333423689), np.float64(9528.73373836701)]"
synthetic_transient,transient_scan_3,2.857142857142857,tgs2620,86.01037642622454,clean,26.5,53.0,1013.25,1,room_2,"[np.float64(12682.249123157164), np.float64(25075.647445816587), np.float64(18479.031916881362), np.float64(12782.692478900091), np.float64(20258.34458277296), np.float64(22903.766855579837), np.float64(11815.600018338344), np.float64(15338.727538133788), np.float64(8047.152333423689), np.float64(9528.73373836701)]"
synthetic_transient,transient_scan_3,3.0612244897959187,tgs2620,83.48684175848959,clean,26.5,53.0,1013.25,1,room_2,"[np.float64(12682.249123157164), np.float64(25075.647445816587), np.float64(18479.031916881362), np.float64(12782.692478900091), np.float64(20258.34458277296), np.float64(22903.766855579837), np.float64(11815.600018338344), np.float64(15338.727538133788), np.float64(8047.152333423689), np.float64(9528.73373836701)]"
synthetic_transient,transient_scan_3,3.2653061224489797,tgs2620,81.6535717160466,clean,26.5,53.0,1013.25,1,room_2,"[np.float64(12682.249123157164), np.float64(25075.647445816587), np.float64(18479.031916881362), np.float64(12782.692478900091), np.float64(20258.34458277296), np.float64(22903.766855579837), np.float64(11815.600018338344), np.float64(15338.727538133788), np.float64(8047.152333423689), np.float64(9528.73373836701)]"
synthetic_transient,transient_scan_3,3.4693877551020407,tgs2620,79.47504601009753,clean,26.5,53.0,1013.25,1,room_2,"[np.float64(12682.249123157164), np.float64(25075.647445816587), np.float64(18479.031916881362), np.float64(12782.692478900091), np.float64(20258.34458277296), np.float64(22903.766855579837), np.float64(11815.600018338344), np.float64(15338.727538133788), np.float64(8047.152333423689), np.float64(9528.73373836701)]"
synthetic_transient,transient_scan_3,3.673469387755102,tgs2620,77.34013920307696,clean,26.5,53.0,1013.25,1,room_2,"[np.float64(12682.249123157164), np.float64(25075.647445816587), np.float64(18479.031916881362), np.float64(12782.692478900091), np.float64(20258.34458277296), np.float64(22903.766855579837), np.float64(11815.600018338344), np.float64(15338.727538133788), np.float64(8047.152333423689), np.float64(9528.73373836701)]"
synthetic_transient,transient_scan_3,3.8775510204081636,tgs2620,74.89828985177799,clean,26.5,53.0,1013.25,1,room_2,"[np.float64(12682.249123157164), np.float64(25075.647445816587), np.float64(18479.031916881362), np.float64(12782.692478900091), np.float64(20258.34458277296), np.float64(22903.766855579837), np.float64(11815.600018338344), np.float64(15338.727538133788), np.float64(8047.152333423689), np.float64(9528.73373836701)]"
synthetic_transient,transient_scan_3,4.081632653061225,tgs2620,74.37387231750762,clean,26.5,53.0,1013.25,1,room_2,"[np.float64(12682.249123157164), np.float64(25075.647445816587), np.float64(18479.031916881362), np.float64(12782.692478900091), np.float64(20258.34458277296), np.float64(22903.766855579837), np.float64(11815.600018338344), np.float64(15338.727538133788), np.float64(8047.152333423689), np.float64(9528.73373836701)]"
synthetic_transient,transient_scan_3,4.285714285714286,tgs2620,73.1180691025477,clean,26.5,53.0,1013.25,1,room_2,"[np.float64(12682.249123157164), np.float64(25075.647445816587), np.float64(18479.031916881362), np.float64(12782.692478900091), np.float64(20258.34458277296), np.float64(22903.766855579837), np.float64(11815.600018338344), np.float64(15338.727538133788), np.float64(8047.152333423689), np.float64(9528.73373836701)]"
synthetic_transient,transient_scan_3,4.4897959183673475,tgs2620,72.6690166969318,clean,26.5,53.0,1013.25,1,room_2,"[np.float64(12682.249123157164), np.float64(25075.647445816587), np.float64(18479.031916881362), np.float64(12782.692478900091), np.float64(20258.34458277296), np.float64(22903.766855579837), np.float64(11815.600018338344), np.float64(15338.727538133788), np.float64(8047.152333423689), np.float64(9528.73373836701)]"
synthetic_transient,transient_scan_3,4.6938775510204085,tgs2620,70.9391192996944,clean,26.5,53.0,1013.25,1,room_2,"[np.float64(12682.249123157164), np.float64(25075.647445816587), np.float64(18479.031916881362), np.float64(12782.692478900091), np.float64(20258.34458277296), np.float64(22903.766855579837), np.float64(11815.600018338344), np.float64(15338.727538133788), np.float64(8047.152333423689), np.float64(9528.73373836701)]"
synthetic_transient,transient_scan_3,4.8979591836734695,tgs2620,68.44280251377496,clean,26.5,53.0,1013.25,1,room_2,"[np.float64(12682.249123157164), np.float64(25075.647445816587), np.float64(18479.031916881362), np.float64(12782.692478900091), np.float64(20258.34458277296), np.float64(22903.766855579837), np.float64(11815.600018338344), np.float64(15338.727538133788), np.float64(8047.152333423689), np.float64(9528.73373836701)]"
synthetic_transient,transient_scan_3,5.1020408163265305,tgs2620,68.52047488846198,clean,26.5,53.0,1013.25,1,room_2,"[np.float64(12682.249123157164), np.float64(25075.647445816587), np.float64(18479.031916881362), np.float64(12782.692478900091), np.float64(20258.34458277296), np.float64(22903.766855579837), np.float64(11815.600018338344), np.float64(15338.727538133788), np.float64(8047.152333423689), np.float64(9528.73373836701)]"
synthetic_transient,transient_scan_3,5.3061224489795915,tgs2620,68.5642035014807,clean,26.5,53.0,1013.25,1,room_2,"[np.float64(12682.249123157164), np.float64(25075.647445816587), np.float64(18479.031916881362), np.float64(12782.692478900091), np.float64(20258.34458277296), np.float64(22903.766855579837), np.float64(11815.600018338344), np.float64(15338.727538133788), np.float64(8047.152333423689), np.float64(9528.73373836701)]"
synthetic_transient,transient_scan_3,5.510204081632653,tgs2620,67.2273584122795,clean,26.5,53.0,1013.25,1,room_2,"[np.float64(12682.249123157164), np.float64(25075.647445816587), np.float64(18479.031916881362), np.float64(12782.692478900091), np.float64(20258.34458277296), np.float64(22903.766855579837), np.float64(11815.600018338344), np.float64(15338.727538133788), np.float64(8047.152333423689), np.float64(9528.73373836701)]"
synthetic_transient,transient_scan_3,5.714285714285714,tgs2620,66.40904789282544,clean,26.5,53.0,1013.25,1,room_2,"[np.float64(12682.249123157164), np.float64(25075.647445816587), np.float64(18479.031916881362), np.float64(12782.692478900091), np.float64(20258.34458277296), np.float64(22903.766855579837), np.float64(11815.600018338344), np.float64(15338.727538133788), np.float64(8047.152333423689), np.float64(9528.73373836701)]"
synthetic_transient,transient_scan_3,5.918367346938775,tgs2620,66.08905250278275,clean,26.5,53.0,1013.25,1,room_2,"[np.float64(12682.249123157164), np.float64(25075.647445816587), np.float64(18479.031916881362), np.float64(12782.692478900091), np.float64(20258.34458277296), np.float64(22903.766855579837), np.float64(11815.600018338344), np.float64(15338.727538133788), np.float64(8047.152333423689), np.float64(9528.73373836701)]"
synthetic_transient,transient_scan_3,6.122448979591837,tgs2620,64.78073087534106,clean,26.5,53.0,1013.25,1,room_2,"[np.float64(12682.249123157164), np.float64(25075.647445816587), np.float64(18479.031916881362), np.float64(12782.692478900091), np.float64(20258.34458277296), np.float64(22903.766855579837), np.float64(11815.600018338344), np.float64(15338.727538133788), np.float64(8047.152333423689), np.float64(9528.73373836701)]"
synthetic_transient,transient_scan_3,6.326530612244898,tgs2620,64.8370115325845,clean,26.5,53.0,1013.25,1,room_2,"[np.float64(12682.249123157164), np.float64(25075.647445816587), np.float64(18479.031916881362), np.float64(12782.692478900091), np.float64(20258.34458277296), np.float64(22903.766855579837), np.float64(11815.600018338344), np.float64(15338.727538133788), np.float64(8047.152333423689), np.float64(9528.73373836701)]"
synthetic_transient,transient_scan_3,6.530612244897959,tgs2620,64.02669616853825,clean,26.5,53.0,1013.25,1,room_2,"[np.float64(12682.249123157164), np.float64(25075.647445816587), np.float64(18479.031916881362), np.float64(12782.692478900091), np.float64(20258.34458277296), np.float64(22903.766855579837), np.float64(11815.600018338344), np.float64(15338.727538133788), np.float64(8047.152333423689), np.float64(9528.73373836701)]"
synthetic_transient,transient_scan_3,6.73469387755102,tgs2620,63.73935088318676,clean,26.5,53.0,1013.25,1,room_2,"[np.float64(12682.249123157164), np.float64(25075.647445816587), np.float64(18479.031916881362), np.float64(12782.692478900091), np.float64(20258.34458277296), np.float64(22903.766855579837), np.float64(11815.600018338344), np.float64(15338.727538133788), np.float64(8047.152333423689), np.float64(9528.73373836701)]"
synthetic_transient,transient_scan_3,6.938775510204081,tgs2620,63.79969371809653,clean,26.5,53.0,1013.25,1,room_2,"[np.float64(12682.249123157164), np.float64(25075.647445816587), np.float64(18479.031916881362), np.float64(12782.692478900091), np.float64(20258.34458277296), np.float64(22903.766855579837), np.float64(11815.600018338344), np.float64(15338.727538133788), np.float64(8047.152333423689), np.float64(9528.73373836701)]"
synthetic_transient,transient_scan_3,7.142857142857143,tgs2620,62.59369492838463,clean,26.5,53.0,1013.25,1,room_2,"[np.float64(12682.249123157164), np.float64(25075.647445816587), np.float64(18479.031916881362), np.float64(12782.692478900091), np.float64(20258.34458277296), np.float64(22903.766855579837), np.float64(11815.600018338344), np.float64(15338.727538133788), np.float64(8047.152333423689), np.float64(9528.73373836701)]"
synthetic_transient,transient_scan_3,7.346938775510204,tgs2620,63.4044863884096,clean,26.5,53.0,1013.25,1,room_2,"[np.float64(12682.249123157164), np.float64(25075.647445816587), np.float64(18479.031916881362), np.float64(12782.692478900091), np.float64(20258.34458277296), np.float64(22903.766855579837), np.float64(11815.600018338344), np.float64(15338.727538133788), np.float64(8047.152333423689), np.float64(9528.73373836701)]"
synthetic_transient,transient_scan_3,7.551020408163265,tgs2620,62.28130097329079,clean,26.5,53.0,1013.25,1,room_2,"[np.float64(12682.249123157164), np.float64(25075.647445816587), np.float64(18479.031916881362), np.float64(12782.692478900091), np.float64(20258.34458277296), np.float64(22903.766855579837), np.float64(11815.600018338344), np.float64(15338.727538133788), np.float64(8047.152333423689), np.float64(9528.73373836701)]"
synthetic_transient,transient_scan_3,7.755102040816327,tgs2620,62.38122758434945,clean,26.5,53.0,1013.25,1,room_2,"[np.float64(12682.249123157164), np.float64(25075.647445816587), np.float64(18479.031916881362), np.float64(12782.692478900091), np.float64(20258.34458277296), np.float64(22903.766855579837), np.float64(11815.600018338344), np.float64(15338.727538133788), np.float64(8047.152333423689), np.float64(9528.73373836701)]"
synthetic_transient,transient_scan_3,7.959183673469388,tgs2620,61.33228881447741,clean,26.5,53.0,1013.25,1,room_2,"[np.float64(12682.249123157164), np.float64(25075.647445816587), np.float64(18479.031916881362), np.float64(12782.692478900091), np.float64(20258.34458277296), np.float64(22903.766855579837), np.float64(11815.600018338344), np.float64(15338.727538133788), np.float64(8047.152333423689), np.float64(9528.73373836701)]"
synthetic_transient,transient_scan_3,8.16326530612245,tgs2620,62.19528993936168,clean,26.5,53.0,1013.25,1,room_2,"[np.float64(12682.249123157164), np.float64(25075.647445816587), np.float64(18479.031916881362), np.float64(12782.692478900091), np.float64(20258.34458277296), np.float64(22903.766855579837), np.float64(11815.600018338344), np.float64(15338.727538133788), np.float64(8047.152333423689), np.float64(9528.73373836701)]"
synthetic_transient,transient_scan_3,8.36734693877551,tgs2620,62.38057883729798,clean,26.5,53.0,1013.25,1,room_2,"[np.float64(12682.249123157164), np.float64(25075.647445816587), np.float64(18479.031916881362), np.float64(12782.692478900091), np.float64(20258.34458277296), np.float64(22903.766855579837), np.float64(11815.600018338344), np.float64(15338.727538133788), np.float64(8047.152333423689), np.float64(9528.73373836701)]"
synthetic_transient,transient_scan_3,8.571428571428571,tgs2620,61.2392332800804,clean,26.5,53.0,1013.25,1,room_2,"[np.float64(12682.249123157164), np.float64(25075.647445816587), np.float64(18479.031916881362), np.float64(12782.692478900091), np.float64(20258.34458277296), np.float64(22903.766855579837), np.float64(11815.600018338344), np.float64(15338.727538133788), np.float64(8047.152333423689), np.float64(9528.73373836701)]"
synthetic_transient,transient_scan_3,8.775510204081632,tgs2620,60.79626568441366,clean,26.5,53.0,1013.25,1,room_2,"[np.float64(12682.249123157164), np.float64(25075.647445816587), np.float64(18479.031916881362), np.float64(12782.692478900091), np.float64(20258.34458277296), np.float64(22903.766855579837), np.float64(11815.600018338344), np.float64(15338.727538133788), np.float64(8047.152333423689), np.float64(9528.73373836701)]"
synthetic_transient,transient_scan_3,8.979591836734695,tgs2620,61.359275431340194,clean,26.5,53.0,1013.25,1,room_2,"[np.float64(12682.249123157164), np.float64(25075.647445816587), np.float64(18479.031916881362), np.float64(12782.692478900091), np.float64(20258.34458277296), np.float64(22903.766855579837), np.float64(11815.600018338344), np.float64(15338.727538133788), np.float64(8047.152333423689), np.float64(9528.73373836701)]"
synthetic_transient,transient_scan_3,9.183673469387756,tgs2620,61.82931276795846,clean,26.5,53.0,1013.25,1,room_2,"[np.float64(12682.249123157164), np.float64(25075.647445816587), np.float64(18479.031916881362), np.float64(12782.692478900091), np.float64(20258.34458277296), np.float64(22903.766855579837), np.float64(11815.600018338344), np.float64(15338.727538133788), np.float64(8047.152333423689), np.float64(9528.73373836701)]"
synthetic_transient,transient_scan_3,9.387755102040817,tgs2620,60.27008609005584,clean,26.5,53.0,1013.25,1,room_2,"[np.float64(12682.249123157164), np.float64(25075.647445816587), np.float64(18479.031916881362), np.float64(12782.692478900091), np.float64(20258.34458277296), np.float64(22903.766855579837), np.float64(11815.600018338344), np.float64(15338.727538133788), np.float64(8047.152333423689), np.float64(9528.73373836701)]"
synthetic_transient,transient_scan_3,9.591836734693878,tgs2620,60.34533661851755,clean,26.5,53.0,1013.25,1,room_2,"[np.float64(12682.249123157164), np.float64(25075.647445816587), np.float64(18479.031916881362), np.float64(12782.692478900091), np.float64(20258.34458277296), np.float64(22903.766855579837), np.float64(11815.600018338344), np.float64(15338.727538133788), np.float64(8047.152333423689), np.float64(9528.73373836701)]"
synthetic_transient,transient_scan_3,9.795918367346939,tgs2620,60.58423576688178,clean,26.5,53.0,1013.25,1,room_2,"[np.float64(12682.249123157164), np.float64(25075.647445816587), np.float64(18479.031916881362), np.float64(12782.692478900091), np.float64(20258.34458277296), np.float64(22903.766855579837), np.float64(11815.600018338344), np.float64(15338.727538133788), np.float64(8047.152333423689), np.float64(9528.73373836701)]"
synthetic_transient,transient_scan_3,10.0,tgs2620,60.32245364328402,clean,26.5,53.0,1013.25,1,room_2,"[np.float64(12682.249123157164), np.float64(25075.647445816587), np.float64(18479.031916881362), np.float64(12782.692478900091), np.float64(20258.34458277296), np.float64(22903.766855579837), np.float64(11815.600018338344), np.float64(15338.727538133788), np.float64(8047.152333423689), np.float64(9528.73373836701)]"
synthetic_transient,transient_scan_3,0.0,mics2714_no2,99.5914072666955,clean,26.5,53.0,1013.25,1,room_2,"[np.float64(12682.249123157164), np.float64(25075.647445816587), np.float64(18479.031916881362), np.float64(12782.692478900091), np.float64(20258.34458277296), np.float64(22903.766855579837), np.float64(11815.600018338344), np.float64(15338.727538133788), np.float64(8047.152333423689), np.float64(9528.73373836701)]"
synthetic_transient,transient_scan_3,0.20408163265306123,mics2714_no2,98.95293968616811,clean,26.5,53.0,1013.25,1,room_2,"[np.float64(12682.249123157164), np.float64(25075.647445816587), np.float64(18479.031916881362), np.float64(12782.692478900091), np.float64(20258.34458277296), np.float64(22903.766855579837), np.float64(11815.600018338344), np.float64(15338.727538133788), np.float64(8047.152333423689), np.float64(9528.73373836701)]"
synthetic_transient,transient_scan_3,0.40816326530612246,mics2714_no2,100.29452847370294,clean,26.5,53.0,1013.25,1,room_2,"[np.float64(12682.249123157164), np.float64(25075.647445816587), np.float64(18479.031916881362), np.float64(12782.692478900091), np.float64(20258.34458277296), np.float64(22903.766855579837), np.float64(11815.600018338344), np.float64(15338.727538133788), np.float64(8047.152333423689), np.float64(9528.73373836701)]"
synthetic_transient,transient_scan_3,0.6122448979591837,mics2714_no2,100.16936025143482,clean,26.5,53.0,1013.25,1,room_2,"[np.float64(12682.249123157164), np.float64(25075.647445816587), np.float64(18479.031916881362), np.float64(12782.692478900091), np.float64(20258.34458277296), np.float64(22903.766855579837), np.float64(11815.600018338344), np.float64(15338.727538133788), np.float64(8047.152333423689), np.float64(9528.73373836701)]"
synthetic_transient,transient_scan_3,0.8163265306122449,mics2714_no2,99.15057540009818,clean,26.5,53.0,1013.25,1,room_2,"[np.float64(12682.249123157164), np.float64(25075.647445816587), np.float64(18479.031916881362), np.float64(12782.692478900091), np.float64(20258.34458277296), np.float64(22903.766855579837), np.float64(11815.600018338344), np.float64(15338.727538133788), np.float64(8047.152333423689), np.float64(9528.73373836701)]"
synthetic_transient,transient_scan_3,1.0204081632653061,mics2714_no2,100.72859787997812,clean,26.5,53.0,1013.25,1,room_2,"[np.float64(12682.249123157164), np.float64(25075.647445816587), np.float64(18479.031916881362), np.float64(12782.692478900091), np.float64(20258.34458277296), np.float64(22903.766855579837), np.float64(11815.600018338344), np.float64(15338.727538133788), np.float64(8047.152333423689), np.float64(9528.73373836701)]"
synthetic_transient,transient_scan_3,1.2244897959183674,mics2714_no2,100.84054615746524,clean,26.5,53.0,1013.25,1,room_2,"[np.float64(12682.249123157164), np.float64(25075.647445816587), np.float64(18479.031916881362), np.float64(12782.692478900091), np.float64(20258.34458277296), np.float64(22903.766855579837), np.float64(11815.600018338344), np.float64(15338.727538133788), np.float64(8047.152333423689), np.float64(9528.73373836701)]"
synthetic_transient,transient_scan_3,1.4285714285714286,mics2714_no2,99.62454722510995,clean,26.5,53.0,1013.25,1,room_2,"[np.float64(12682.249123157164), np.float64(25075.647445816587), np.float64(18479.031916881362), np.float64(12782.692478900091), np.float64(20258.34458277296), np.float64(22903.766855579837), np.float64(11815.600018338344), np.float64(15338.727538133788), np.float64(8047.152333423689), np.float64(9528.73373836701)]"
synthetic_transient,transient_scan_3,1.6326530612244898,mics2714_no2,100.58327429548851,clean,26.5,53.0,1013.25,1,room_2,"[np.float64(12682.249123157164), np.float64(25075.647445816587), np.float64(18479.031916881362), np.float64(12782.692478900091), np.float64(20258.34458277296), np.float64(22903.766855579837), np.float64(11815.600018338344), np.float64(15338.727538133788), np.float64(8047.152333423689), np.float64(9528.73373836701)]"
synthetic_transient,transient_scan_3,1.836734693877551,mics2714_no2,99.71350109750453,clean,26.5,53.0,1013.25,1,room_2,"[np.float64(12682.249123157164), np.float64(25075.647445816587), np.float64(18479.031916881362), np.float64(12782.692478900091), np.float64(20258.34458277296), np.float64(22903.766855579837), np.float64(11815.600018338344), np.float64(15338.727538133788), np.float64(8047.152333423689), np.float64(9528.73373836701)]"
synthetic_transient,transient_scan_3,2.0408163265306123,mics2714_no2,101.10062456242032,clean,26.5,53.0,1013.25,1,room_2,"[np.float64(12682.249123157164), np.float64(25075.647445816587), np.float64(18479.031916881362), np.float64(12782.692478900091), np.float64(20258.34458277296), np.float64(22903.766855579837), np.float64(11815.600018338344), np.float64(15338.727538133788), np.float64(8047.152333423689), np.float64(9528.73373836701)]"
synthetic_transient,transient_scan_3,2.2448979591836737,mics2714_no2,105.3445667249216,clean,26.5,53.0,1013.25,1,room_2,"[np.float64(12682.249123157164), np.float64(25075.647445816587), np.float64(18479.031916881362), np.float64(12782.692478900091), np.float64(20258.34458277296), np.float64(22903.766855579837), np.float64(11815.600018338344), np.float64(15338.727538133788), np.float64(8047.152333423689), np.float64(9528.73373836701)]"
synthetic_transient,transient_scan_3,2.4489795918367347,mics2714_no2,111.16093931466727,clean,26.5,53.0,1013.25,1,room_2,"[np.float64(12682.249123157164), np.float64(25075.647445816587), np.float64(18479.031916881362), np.float64(12782.692478900091), np.float64(20258.34458277296), np.float64(22903.766855579837), np.float64(11815.600018338344), np.float64(15338.727538133788), np.float64(8047.152333423689), np.float64(9528.73373836701)]"
synthetic_transient,transient_scan_3,2.6530612244897958,mics2714_no2,113.78087686859725,clean,26.5,53.0,1013.25,1,room_2,"[np.float64(12682.249123157164), np.float64(25075.647445816587), np.float64(18479.031916881362), np.float64(12782.692478900091), np.float64(20258.34458277296), np.float64(22903.766855579837), np.float64(11815.600018338344), np.float64(15338.727538133788), np.float64(8047.152333423689), np.float64(9528.73373836701)]"
synthetic_transient,transient_scan_3,2.857142857142857,mics2714_no2,117.49127163485895,clean,26.5,53.0,1013.25,1,room_2,"[np.float64(12682.249123157164), np.float64(25075.647445816587), np.float64(18479.031916881362), np.float64(12782.692478900091), np.float64(20258.34458277296), np.float64(22903.766855579837), np.float64(11815.600018338344), np.float64(15338.727538133788), np.float64(8047.152333423689), np.float64(9528.73373836701)]"
synthetic_transient,transient_scan_3,3.0612244897959187,mics2714_no2,120.2437958270825,clean,26.5,53.0,1013.25,1,room_2,"[np.float64(12682.249123157164), np.float64(25075.647445816587), np.float64(18479.031916881362), np.float64(12782.692478900091), np.float64(20258.34458277296), np.float64(22903.766855579837), np.float64(11815.600018338344), np.float64(15338.727538133788), np.float64(8047.152333423689), np.float64(9528.73373836701)]"
synthetic_transient,transient_scan_3,3.2653061224489797,mics2714_no2,124.37162404458745,clean,26.5,53.0,1013.25,1,room_2,"[np.float64(12682.249123157164), np.float64(25075.647445816587), np.float64(18479.031916881362), np.float64(12782.692478900091), np.float64(20258.34458277296), np.float64(22903.766855579837), np.float64(11815.600018338344), np.float64(15338.727538133788), np.float64(8047.152333423689), np.float64(9528.73373836701)]"
synthetic_transient,transient_scan_3,3.4693877551020407,mics2714_no2,126.96069388154248,clean,26.5,53.0,1013.25,1,room_2,"[np.float64(12682.249123157164), np.float64(25075.647445816587), np.float64(18479.031916881362), np.float64(12782.692478900091), np.float64(20258.34458277296), np.float64(22903.766855579837), np.float64(11815.600018338344), np.float64(15338.727538133788), np.float64(8047.152333423689), np.float64(9528.73373836701)]"
synthetic_transient,transient_scan_3,3.673469387755102,mics2714_no2,129.15933986820133,clean,26.5,53.0,1013.25,1,room_2,"[np.float64(12682.249123157164), np.float64(25075.647445816587), np.float64(18479.031916881362), np.float64(12782.692478900091), np.float64(20258.34458277296), np.float64(22903.766855579837), np.float64(11815.600018338344), np.float64(15338.727538133788), np.float64(8047.152333423689), np.float64(9528.73373836701)]"
synthetic_transient,transient_scan_3,3.8775510204081636,mics2714_no2,130.9228977679067,clean,26.5,53.0,1013.25,1,room_2,"[np.float64(12682.249123157164), np.float64(25075.647445816587), np.float64(18479.031916881362), np.float64(12782.692478900091), np.float64(20258.34458277296), np.float64(22903.766855579837), np.float64(11815.600018338344), np.float64(15338.727538133788), np.float64(8047.152333423689), np.float64(9528.73373836701)]"
synthetic_transient,transient_scan_3,4.081632653061225,mics2714_no2,132.0292919634507,clean,26.5,53.0,1013.25,1,room_2,"[np.float64(12682.249123157164), np.float64(25075.647445816587), np.float64(18479.031916881362), np.float64(12782.692478900091), np.float64(20258.34458277296), np.float64(22903.766855579837), np.float64(11815.600018338344), np.float64(15338.727538133788), np.float64(8047.152333423689), np.float64(9528.73373836701)]"
synthetic_transient,transient_scan_3,4.285714285714286,mics2714_no2,134.46859718178268,clean,26.5,53.0,1013.25,1,room_2,"[np.float64(12682.249123157164), np.float64(25075.647445816587), np.float64(18479.031916881362), np.float64(12782.692478900091), np.float64(20258.34458277296), np.float64(22903.766855579837), np.float64(11815.600018338344), np.float64(15338.727538133788), np.float64(8047.152333423689), np.float64(9528.73373836701)]"
synthetic_transient,transient_scan_3,4.4897959183673475,mics2714_no2,135.59796403277724,clean,26.5,53.0,1013.25,1,room_2,"[np.float64(12682.249123157164), np.float64(25075.647445816587), np.float64(18479.031916881362), np.float64(12782.692478900091), np.float64(20258.34458277296), np.float64(22903.766855579837), np.float64(11815.600018338344), np.float64(15338.727538133788), np.float64(8047.152333423689), np.float64(9528.73373836701)]"
synthetic_transient,transient_scan_3,4.6938775510204085,mics2714_no2,137.65445085069396,clean,26.5,53.0,1013.25,1,room_2,"[np.float64(12682.249123157164), np.float64(25075.647445816587), np.float64(18479.031916881362), np.float64(12782.692478900091), np.float64(20258.34458277296), np.float64(22903.766855579837), np.float64(11815.600018338344), np.float64(15338.727538133788), np.float64(8047.152333423689), np.float64(9528.73373836701)]"
synthetic_transient,transient_scan_3,4.8979591836734695,mics2714_no2,138.8174626420168,clean,26.5,53.0,1013.25,1,room_2,"[np.float64(12682.249123157164), np.float64(25075.647445816587), np.float64(18479.031916881362), np.float64(12782.692478900091), np.float64(20258.34458277296), np.float64(22903.766855579837), np.float64(11815.600018338344), np.float64(15338.727538133788), np.float64(8047.152333423689), np.float64(9528.73373836701)]"
synthetic_transient,transient_scan_3,5.1020408163265305,mics2714_no2,139.0737919747712,clean,26.5,53.0,1013.25,1,room_2,"[np.float64(12682.249123157164), np.float64(25075.647445816587), np.float64(18479.031916881362), np.float64(12782.692478900091), np.float64(20258.34458277296), np.float64(22903.766855579837), np.float64(11815.600018338344), np.float64(15338.727538133788), np.float64(8047.152333423689), np.float64(9528.73373836701)]"
synthetic_transient,transient_scan_3,5.3061224489795915,mics2714_no2,140.90076791748334,clean,26.5,53.0,1013.25,1,room_2,"[np.float64(12682.249123157164), np.float64(25075.647445816587), np.float64(18479.031916881362), np.float64(12782.692478900091), np.float64(20258.34458277296), np.float64(22903.766855579837), np.float64(11815.600018338344), np.float64(15338.727538133788), np.float64(8047.152333423689), np.float64(9528.73373836701)]"
synthetic_transient,transient_scan_3,5.510204081632653,mics2714_no2,141.69653724523613,clean,26.5,53.0,1013.25,1,room_2,"[np.float64(12682.249123157164), np.float64(25075.647445816587), np.float64(18479.031916881362), np.float64(12782.692478900091), np.float64(20258.34458277296), np.float64(22903.766855579837), np.float64(11815.600018338344), np.float64(15338.727538133788), np.float64(8047.152333423689), np.float64(9528.73373836701)]"
synthetic_transient,transient_scan_3,5.714285714285714,mics2714_no2,140.80731630274474,clean,26.5,53.0,1013.25,1,room_2,"[np.float64(12682.249123157164), np.float64(25075.647445816587), np.float64(18479.031916881362), np.float64(12782.692478900091), np.float64(20258.34458277296), np.float64(22903.766855579837), np.float64(11815.600018338344), np.float64(15338.727538133788), np.float64(8047.152333423689), np.float64(9528.73373836701)]"
synthetic_transient,transient_scan_3,5.918367346938775,mics2714_no2,143.35179560315834,clean,26.5,53.0,1013.25,1,room_2,"[np.float64(12682.249123157164), np.float64(25075.647445816587), np.float64(18479.031916881362), np.float64(12782.692478900091), np.float64(20258.34458277296), np.float64(22903.766855579837), np.float64(11815.600018338344), np.float64(15338.727538133788), np.float64(8047.152333423689), np.float64(9528.73373836701)]"
synthetic_transient,transient_scan_3,6.122448979591837,mics2714_no2,143.4192021396343,clean,26.5,53.0,1013.25,1,room_2,"[np.float64(12682.249123157164), np.float64(25075.647445816587), np.float64(18479.031916881362), np.float64(12782.692478900091), np.float64(20258.34458277296), np.float64(22903.766855579837), np.float64(11815.600018338344), np.float64(15338.727538133788), np.float64(8047.152333423689), np.float64(9528.73373836701)]"
synthetic_transient,transient_scan_3,6.326530612244898,mics2714_no2,143.80952060499567,clean,26.5,53.0,1013.25,1,room_2,"[np.float64(12682.249123157164), np.float64(25075.647445816587), np.float64(18479.031916881362), np.float64(12782.692478900091), np.float64(20258.34458277296), np.float64(22903.766855579837), np.float64(11815.600018338344), np.float64(15338.727538133788), np.float64(8047.152333423689), np.float64(9528.73373836701)]"
synthetic_transient,transient_scan_3,6.530612244897959,mics2714_no2,144.38845696281038,clean,26.5,53.0,1013.25,1,room_2,"[np.float64(12682.249123157164), np.float64(25075.647445816587), np.float64(18479.031916881362), np.float64(12782.692478900091), np.float64(20258.34458277296), np.float64(22903.766855579837), np.float64(11815.600018338344), np.float64(15338.727538133788), np.float64(8047.152333423689), np.float64(9528.73373836701)]"
synthetic_transient,transient_scan_3,6.73469387755102,mics2714_no2,145.245925269569,clean,26.5,53.0,1013.25,1,room_2,"[np.float64(12682.249123157164), np.float64(25075.647445816587), np.float64(18479.031916881362), np.float64(12782.692478900091), np.float64(20258.34458277296), np.float64(22903.766855579837), np.float64(11815.600018338344), np.float64(15338.727538133788), np.float64(8047.152333423689), np.float64(9528.73373836701)]"
synthetic_transient,transient_scan_3,6.938775510204081,mics2714_no2,146.00819671473212,clean,26.5,53.0,1013.25,1,room_2,"[np.float64(12682.249123157164), np.float64(25075.647445816587), np.float64(18479.031916881362), np.float64(12782.692478900091), np.float64(20258.34458277296), np.float64(22903.766855579837), np.float64(11815.600018338344), np.float64(15338.727538133788), np.float64(8047.152333423689), np.float64(9528.73373836701)]"
synthetic_transient,transient_scan_3,7.142857142857143,mics2714_no2,145.49595463936552,clean,26.5,53.0,1013.25,1,room_2,"[np.float64(12682.249123157164), np.float64(25075.647445816587), np.float64(18479.031916881362), np.float64(12782.692478900091), np.float64(20258.34458277296), np.float64(22903.766855579837), np.float64(11815.600018338344), np.float64(15338.727538133788), np.float64(8047.152333423689), np.float64(9528.73373836701)]"
synthetic_transient,transient_scan_3,7.346938775510204,mics2714_no2,146.64430497872044,clean,26.5,53.0,1013.25,1,room_2,"[np.float64(12682.249123157164), np.float64(25075.647445816587), np.float64(18479.031916881362), np.float64(12782.692478900091), np.float64(20258.34458277296), np.float64(22903.766855579837), np.float64(11815.600018338344), np.float64(15338.727538133788), np.float64(8047.152333423689), np.float64(9528.73373836701)]"
synthetic_transient,transient_scan_3,7.551020408163265,mics2714_no2,147.17249534080457,clean,26.5,53.0,1013.25,1,room_2,"[np.float64(12682.249123157164), np.float64(25075.647445816587), np.float64(18479.031916881362), np.float64(12782.692478900091), np.float64(20258.34458277296), np.float64(22903.766855579837), np.float64(11815.600018338344), np.float64(15338.727538133788), np.float64(8047.152333423689), np.float64(9528.73373836701)]"
synthetic_transient,transient_scan_3,7.755102040816327,mics2714_no2,148.117282682117,clean,26.5,53.0,1013.25,1,room_2,"[np.float64(12682.249123157164), np.float64(25075.647445816587), np.float64(18479.031916881362), np.float64(12782.692478900091), np.float64(20258.34458277296), np.float64(22903.766855579837), np.float64(11815.600018338344), np.float64(15338.727538133788), np.float64(8047.152333423689), np.float64(9528.73373836701)]"
synthetic_transient,transient_scan_3,7.959183673469388,mics2714_no2,146.92097642211885,clean,26.5,53.0,1013.25,1,room_2,"[np.float64(12682.249123157164), np.float64(25075.647445816587), np.float64(18479.031916881362), np.float64(12782.692478900091), np.float64(20258.34458277296), np.float64(22903.766855579837), np.float64(11815.600018338344), np.float64(15338.727538133788), np.float64(8047.152333423689), np.float64(9528.73373836701)]"
synthetic_transient,transient_scan_3,8.16326530612245,mics2714_no2,147.53097978920363,clean,26.5,53.0,1013.25,1,room_2,"[np.float64(12682.249123157164), np.float64(25075.647445816587), np.float64(18479.031916881362), np.float64(12782.692478900091), np.float64(20258.34458277296), np.float64(22903.766855579837), np.float64(11815.600018338344), np.float64(15338.727538133788), np.float64(8047.152333423689), np.float64(9528.73373836701)]"
synthetic_transient,transient_scan_3,8.36734693877551,mics2714_no2,148.05917289969236,clean,26.5,53.0,1013.25,1,room_2,"[np.float64(12682.249123157164), np.float64(25075.647445816587), np.float64(18479.031916881362), np.float64(12782.692478900091), np.float64(20258.34458277296), np.float64(22903.766855579837), np.float64(11815.600018338344), np.float64(15338.727538133788), np.float64(8047.152333423689), np.float64(9528.73373836701)]"
synthetic_transient,transient_scan_3,8.571428571428571,mics2714_no2,148.70301209673394,clean,26.5,53.0,1013.25,1,room_2,"[np.float64(12682.249123157164), np.float64(25075.647445816587), np.float64(18479.031916881362), np.float64(12782.692478900091), np.float64(20258.34458277296), np.float64(22903.766855579837), np.float64(11815.600018338344), np.float64(15338.727538133788), np.float64(8047.152333423689), np.float64(9528.73373836701)]"
synthetic_transient,transient_scan_3,8.775510204081632,mics2714_no2,148.15866633732853,clean,26.5,53.0,1013.25,1,room_2,"[np.float64(12682.249123157164), np.float64(25075.647445816587), np.float64(18479.031916881362), np.float64(12782.692478900091), np.float64(20258.34458277296), np.float64(22903.766855579837), np.float64(11815.600018338344), np.float64(15338.727538133788), np.float64(8047.152333423689), np.float64(9528.73373836701)]"
synthetic_transient,transient_scan_3,8.979591836734695,mics2714_no2,149.07396581228448,clean,26.5,53.0,1013.25,1,room_2,"[np.float64(12682.249123157164), np.float64(25075.647445816587), np.float64(18479.031916881362), np.float64(12782.692478900091), np.float64(20258.34458277296), np.float64(22903.766855579837), np.float64(11815.600018338344), np.float64(15338.727538133788), np.float64(8047.152333423689), np.float64(9528.73373836701)]"
synthetic_transient,transient_scan_3,9.183673469387756,mics2714_no2,147.6539345349335,clean,26.5,53.0,1013.25,1,room_2,"[np.float64(12682.249123157164), np.float64(25075.647445816587), np.float64(18479.031916881362), np.float64(12782.692478900091), np.float64(20258.34458277296), np.float64(22903.766855579837), np.float64(11815.600018338344), np.float64(15338.727538133788), np.float64(8047.152333423689), np.float64(9528.73373836701)]"
synthetic_transient,transient_scan_3,9.387755102040817,mics2714_no2,148.12955793744368,clean,26.5,53.0,1013.25,1,room_2,"[np.float64(12682.249123157164), np.float64(25075.647445816587), np.float64(18479.031916881362), np.float64(12782.692478900091), np.float64(20258.34458277296), np.float64(22903.766855579837), np.float64(11815.600018338344), np.float64(15338.727538133788), np.float64(8047.152333423689), np.float64(9528.73373836701)]"
synthetic_transient,transient_scan_3,9.591836734693878,mics2714_no2,149.05120878575246,clean,26.5,53.0,1013.25,1,room_2,"[np.float64(12682.249123157164), np.float64(25075.647445816587), np.float64(18479.031916881362), np.float64(12782.692478900091), np.float64(20258.34458277296), np.float64(22903.766855579837), np.float64(11815.600018338344), np.float64(15338.727538133788), np.float64(8047.152333423689), np.float64(9528.73373836701)]"
synthetic_transient,transient_scan_3,9.795918367346939,mics2714_no2,148.28042456840913,clean,26.5,53.0,1013.25,1,room_2,"[np.float64(12682.249123157164), np.float64(25075.647445816587), np.float64(18479.031916881362), np.float64(12782.692478900091), np.float64(20258.34458277296), np.float64(22903.766855579837), np.float64(11815.600018338344), np.float64(15338.727538133788), np.float64(8047.152333423689), np.float64(9528.73373836701)]"
synthetic_transient,transient_scan_3,10.0,mics2714_no2,148.49698279217995,clean,26.5,53.0,1013.25,1,room_2,"[np.float64(12682.249123157164), np.float64(25075.647445816587), np.float64(18479.031916881362), np.float64(12782.692478900091), np.float64(20258.34458277296), np.float64(22903.766855579837), np.float64(11815.600018338344), np.float64(15338.727538133788), np.float64(8047.152333423689), np.float64(9528.73373836701)]"
synthetic_transient,transient_scan_3,0.0,mics2714_h2,99.73611156787703,clean,26.5,53.0,1013.25,1,room_2,"[np.float64(12682.249123157164), np.float64(25075.647445816587), np.float64(18479.031916881362), np.float64(12782.692478900091), np.float64(20258.34458277296), np.float64(22903.766855579837), np.float64(11815.600018338344), np.float64(15338.727538133788), np.float64(8047.152333423689), np.float64(9528.73373836701)]"
synthetic_transient,transient_scan_3,0.20408163265306123,mics2714_h2,100.38571949595791,clean,26.5,53.0,1013.25,1,room_2,"[np.float64(12682.249123157164), np.float64(25075.647445816587), np.float64(18479.031916881362), np.float64(12782.692478900091), np.float64(20258.34458277296), np.float64(22903.766855579837), np.float64(11815.600018338344), np.float64(15338.727538133788), np.float64(8047.152333423689), np.float64(9528.73373836701)]"
synthetic_transient,transient_scan_3,0.40816326530612246,mics2714_h2,99.05201757934636,clean,26.5,53.0,1013.25,1,room_2,"[np.float64(12682.249123157164), np.float64(25075.647445816587), np.float64(18479.031916881362), np.float64(12782.692478900091), np.float64(20258.34458277296), np.float64(22903.766855579837), np.float64(11815.600018338344), np.float64(15338.727538133788), np.float64(8047.152333423689), np.float64(9528.73373836701)]"
synthetic_transient,transient_scan_3,0.6122448979591837,mics2714_h2,100.08514918108119,clean,26.5,53.0,1013.25,1,room_2,"[np.float64(12682.249123157164), np.float64(25075.647445816587), np.float64(18479.031916881362), np.float64(12782.692478900091), np.float64(20258.34458277296), np.float64(22903.766855579837), np.float64(11815.600018338344), np.float64(15338.727538133788), np.float64(8047.152333423689), np.float64(9528.73373836701)]"
synthetic_transient,transient_scan_3,0.8163265306122449,mics2714_h2,100.5164819735764,clean,26.5,53.0,1013.25,1,room_2,"[np.float64(12682.249123157164), np.float64(25075.647445816587), np.float64(18479.031916881362), np.float64(12782.692478900091), np.float64(20258.34458277296), np.float64(22903.766855579837), np.float64(11815.600018338344), np.float64(15338.727538133788), np.float64(8047.152333423689), np.float64(9528.73373836701)]"
synthetic_transient,transient_scan_3,1.0204081632653061,mics2714_h2,99.90252739578553,clean,26.5,53.0,1013.25,1,room_2,"[np.float64(12682.249123157164), np.float64(25075.647445816587), np.float64(18479.031916881362), np.float64(12782.692478900091), np.float64(20258.34458277296), np.float64(22903.766855579837), np.float64(11815.600018338344), np.float64(15338.727538133788), np.float64(8047.152333423689), np.float64(9528.73373836701)]"
synthetic_transient,transient_scan_3,1.2244897959183674,mics2714_h2,99.81558488520373,clean,26.5,53.0,1013.25,1,room_2,"[np.float64(12682.249123157164), np.float64(25075.647445816587), np.float64(18479.031916881362), np.float64(12782.692478900091), np.float64(20258.34458277296), np.float64(22903.766855579837), np.float64(11815.600018338344), np.float64(15338.727538133788), np.float64(8047.152333423689), np.float64(9528.73373836701)]"
synthetic_transient,transient_scan_3,1.4285714285714286,mics2714_h2,100.20088564127929,clean,26.5,53.0,1013.25,1,room_2,"[np.float64(12682.249123157164), np.float64(25075.647445816587), np.float64(18479.031916881362), np.float64(12782.692478900091), np.float64(20258.34458277296), np.float64(22903.766855579837), np.float64(11815.600018338344), np.float64(15338.727538133788), np.float64(8047.152333423689), np.float64(9528.73373836701)]"
synthetic_transient,transient_scan_3,1.6326530612244898,mics2714_h2,99.90394447363929,clean,26.5,53.0,1013.25,1,room_2,"[np.float64(12682.249123157164), np.float64(25075.647445816587), np.float64(18479.031916881362), np.float64(12782.692478900091), np.float64(20258.34458277296), np.float64(22903.766855579837), np.float64(11815.600018338344), np.float64(15338.727538133788), np.float64(8047.152333423689), np.float64(9528.73373836701)]"
synthetic_transient,transient_scan_3,1.836734693877551,mics2714_h2,100.69524989062037,clean,26.5,53.0,1013.25,1,room_2,"[np.float64(12682.249123157164), np.float64(25075.647445816587), np.float64(18479.031916881362), np.float64(12782.692478900091), np.float64(20258.34458277296), np.float64(22903.766855579837), np.float64(11815.600018338344), np.float64(15338.727538133788), np.float64(8047.152333423689), np.float64(9528.73373836701)]"
synthetic_transient,transient_scan_3,2.0408163265306123,mics2714_h2,98.63624044808095,clean,26.5,53.0,1013.25,1,room_2,"[np.float64(12682.249123157164), np.float64(25075.647445816587), np.float64(18479.031916881362), np.float64(12782.692478900091), np.float64(20258.34458277296), np.float64(22903.766855579837), np.float64(11815.600018338344), np.float64(15338.727538133788), np.float64(8047.152333423689), np.float64(9528.73373836701)]"
synthetic_transient,transient_scan_3,2.2448979591836737,mics2714_h2,95.3642196884718,clean,26.5,53.0,1013.25,1,room_2,"[np.float64(12682.249123157164), np.float64(25075.647445816587), np.float64(18479.031916881362), np.float64(12782.692478900091), np.float64(20258.34458277296), np.float64(22903.766855579837), np.float64(11815.600018338344), np.float64(15338.727538133788), np.float64(8047.152333423689), np.float64(9528.73373836701)]"
synthetic_transient,transient_scan_3,2.4489795918367347,mics2714_h2,92.05979234513143,clean,26.5,53.0,1013.25,1,room_2,"[np.float64(12682.249123157164), np.float64(25075.647445816587), np.float64(18479.031916881362), np.float64(12782.692478900091), np.float64(20258.34458277296), np.float64(22903.766855579837), np.float64(11815.600018338344), np.float64(15338.727538133788), np.float64(8047.152333423689), np.float64(9528.73373836701)]"
synthetic_transient,transient_scan_3,2.6530612244897958,mics2714_h2,88.66766458826702,clean,26.5,53.0,1013.25,1,room_2,"[np.float64(12682.249123157164), np.float64(25075.647445816587), np.float64(18479.031916881362), np.float64(12782.692478900091), np.float64(20258.34458277296), np.float64(22903.766855579837), np.float64(11815.600018338344), np.float64(15338.727538133788), np.float64(8047.152333423689), np.float64(9528.73373836701)]"
synthetic_transient,transient_scan_3,2.857142857142857,mics2714_h2,84.6219209697635,clean,26.5,53.0,1013.25,1,room_2,"[np.float64(12682.249123157164), np.float64(25075.647445816587), np.float64(18479.031916881362), np.float64(12782.692478900091), np.float64(20258.34458277296), np.float64(22903.766855579837), np.float64(11815.600018338344), np.float64(15338.727538133788), np.float64(8047.152333423689), np.float64(9528.73373836701)]"
synthetic_transient,transient_scan_3,3.0612244897959187,mics2714_h2,83.4493359293239,clean,26.5,53.0,1013.25,1,room_2,"[np.float64(12682.249123157164), np.float64(25075.647445816587), np.float64(18479.031916881362), np.float64(12782.692478900091), np.float64(20258.34458277296), np.float64(22903.766855579837), np.float64(11815.600018338344), np.float64(15338.727538133788), np.float64(8047.152333423689), np.float64(9528.73373836701)]"
synthetic_transient,transient_scan_3,3.2653061224489797,mics2714_h2,81.69731549668083,clean,26.5,53.0,1013.25,1,room_2,"[np.float64(12682.249123157164), np.float64(25075.647445816587), np.float64(18479.031916881362), np.float64(12782.692478900091), np.float64(20258.34458277296), np.float64(22903.766855579837), np.float64(11815.600018338344), np.float64(15338.727538133788), np.float64(8047.152333423689), np.float64(9528.73373836701)]"
synthetic_transient,transient_scan_3,3.4693877551020407,mics2714_h2,79.57514534626478,clean,26.5,53.0,1013.25,1,room_2,"[np.float64(12682.249123157164), np.float64(25075.647445816587), np.float64(18479.031916881362), np.float64(12782.692478900091), np.float64(20258.34458277296), np.float64(22903.766855579837), np.float64(11815.600018338344), np.float64(15338.727538133788), np.float64(8047.152333423689), np.float64(9528.73373836701)]"
synthetic_transient,transient_scan_3,3.673469387755102,mics2714_h2,77.50228901902922,clean,26.5,53.0,1013.25,1,room_2,"[np.float64(12682.249123157164), np.float64(25075.647445816587), np.float64(18479.031916881362), np.float64(12782.692478900091), np.float64(20258.34458277296), np.float64(22903.766855579837), np.float64(11815.600018338344), np.float64(15338.727538133788), np.float64(8047.152333423689), np.float64(9528.73373836701)]"
synthetic_transient,transient_scan_3,3.8775510204081636,mics2714_h2,75.09532674583906,clean,26.5,53.0,1013.25,1,room_2,"[np.float64(12682.249123157164), np.float64(25075.647445816587), np.float64(18479.031916881362), np.float64(12782.692478900091), np.float64(20258.34458277296), np.float64(22903.766855579837), np.float64(11815.600018338344), np.float64(15338.727538133788), np.float64(8047.152333423689), np.float64(9528.73373836701)]"
synthetic_transient,transient_scan_3,4.081632653061225,mics2714_h2,74.32430534169505,clean,26.5,53.0,1013.25,1,room_2,"[np.float64(12682.249123157164), np.float64(25075.647445816587), np.float64(18479.031916881362), np.float64(12782.692478900091), np.float64(20258.34458277296), np.float64(22903.766855579837), np.float64(11815.600018338344), np.float64(15338.727538133788), np.float64(8047.152333423689), np.float64(9528.73373836701)]"
synthetic_transient,transient_scan_3,4.285714285714286,mics2714_h2,72.4695433821877,clean,26.5,53.0,1013.25,1,room_2,"[np.float64(12682.249123157164), np.float64(25075.647445816587), np.float64(18479.031916881362), np.float64(12782.692478900091), np.float64(20258.34458277296), np.float64(22903.766855579837), np.float64(11815.600018338344), np.float64(15338.727538133788), np.float64(8047.152333423689), np.float64(9528.73373836701)]"
synthetic_transient,transient_scan_3,4.4897959183673475,mics2714_h2,71.69555310718265,clean,26.5,53.0,1013.25,1,room_2,"[np.float64(12682.249123157164), np.float64(25075.647445816587), np.float64(18479.031916881362), np.float64(12782.692478900091), np.float64(20258.34458277296), np.float64(22903.766855579837), np.float64(11815.600018338344), np.float64(15338.727538133788), np.float64(8047.152333423689), np.float64(9528.73373836701)]"
synthetic_transient,transient_scan_3,4.6938775510204085,mics2714_h2,70.46215527384274,clean,26.5,53.0,1013.25,1,room_2,"[np.float64(12682.249123157164), np.float64(25075.647445816587), np.float64(18479.031916881362), np.float64(12782.692478900091), np.float64(20258.34458277296), np.float64(22903.766855579837), np.float64(11815.600018338344), np.float64(15338.727538133788), np.float64(8047.152333423689), np.float64(9528.73373836701)]"
synthetic_transient,transient_scan_3,4.8979591836734695,mics2714_h2,68.90420307209102,clean,26.5,53.0,1013.25,1,room_2,"[np.float64(12682.249123157164), np.float64(25075.647445816587), np.float64(18479.031916881362), np.float64(12782.692478900091), np.float64(20258.34458277296), np.float64(22903.766855579837), np.float64(11815.600018338344), np.float64(15338.727538133788), np.float64(8047.152333423689), np.float64(9528.73373836701)]"
synthetic_transient,transient_scan_3,5.1020408163265305,mics2714_h2,68.03503226927421,clean,26.5,53.0,1013.25,1,room_2,"[np.float64(12682.249123157164), np.float64(25075.647445816587), np.float64(18479.031916881362), np.float64(12782.692478900091), np.float64(20258.34458277296), np.float64(22903.766855579837), np.float64(11815.600018338344), np.float64(15338.727538133788), np.float64(8047.152333423689), np.float64(9528.73373836701)]"
synthetic_transient,transient_scan_3,5.3061224489795915,mics2714_h2,67.83602721435898,clean,26.5,53.0,1013.25,1,room_2,"[np.float64(12682.249123157164), np.float64(25075.647445816587), np.float64(18479.031916881362), np.float64(12782.692478900091), np.float64(20258.34458277296), np.float64(22903.766855579837), np.float64(11815.600018338344), np.float64(15338.727538133788), np.float64(8047.152333423689), np.float64(9528.73373836701)]"
synthetic_transient,transient_scan_3,5.510204081632653,mics2714_h2,66.80502743618443,clean,26.5,53.0,1013.25,1,room_2,"[np.float64(12682.249123157164), np.float64(25075.647445816587), np.float64(18479.031916881362), np.float64(12782.692478900091), np.float64(20258.34458277296), np.float64(22903.766855579837), np.float64(11815.600018338344), np.float64(15338.727538133788), np.float64(8047.152333423689), np.float64(9528.73373836701)]"
synthetic_transient,transient_scan_3,5.714285714285714,mics2714_h2,65.82458109731027,clean,26.5,53.0,1013.25,1,room_2,"[np.float64(12682.249123157164), np.float64(25075.647445816587), np.float64(18479.031916881362), np.float64(12782.692478900091), np.float64(20258.34458277296), np.float64(22903.766855579837), np.float64(11815.600018338344), np.float64(15338.727538133788), np.float64(8047.152333423689), np.float64(9528.73373836701)]"
synthetic_transient,transient_scan_3,5.918367346938775,mics2714_h2,65.17752307846172,clean,26.5,53.0,1013.25,1,room_2,"[np.float64(12682.249123157164), np.float64(25075.647445816587), np.float64(18479.031916881362), np.float64(12782.692478900091), np.float64(20258.34458277296), np.float64(22903.766855579837), np.float64(11815.600018338344), np.float64(15338.727538133788), np.float64(8047.152333423689), np.float64(9528.73373836701)]"
synthetic_transient,transient_scan_3,6.122448979591837,mics2714_h2,64.94000454884336,clean,26.5,53.0,1013.25,1,room_2,"[np.float64(12682.249123157164), np.float64(25075.647445816587), np.float64(18479.031916881362), np.float64(12782.692478900091), np.float64(20258.34458277296), np.float64(22903.766855579837), np.float64(11815.600018338344), np.float64(15338.727538133788), np.float64(8047.152333423689), np.float64(9528.73373836701)]"
synthetic_transient,transient_scan_3,6.326530612244898,mics2714_h2,65.38201893162987,clean,26.5,53.0,1013.25,1,room_2,"[np.float64(12682.249123157164), np.float64(25075.647445816587), np.float64(18479.031916881362), np.float64(12782.692478900091), np.float64(20258.34458277296), np.float64(22903.766855579837), np.float64(11815.600018338344), np.float64(15338.727538133788), np.float64(8047.152333423689), np.float64(9528.73373836701)]"
synthetic_transient,transient_scan_3,6.530612244897959,mics2714_h2,63.88889117192822,clean,26.5,53.0,1013.25,1,room_2,"[np.float64(12682.249123157164), np.float64(25075.647445816587), np.float64(18479.031916881362), np.float64(12782.692478900091), np.float64(20258.34458277296), np.float64(22903.766855579837), np.float64(11815.600018338344), np.float64(15338.727538133788), np.float64(8047.152333423689), np.float64(9528.73373836701)]"
synthetic_transient,transient_scan_3,6.73469387755102,mics2714_h2,63.7421528569632,clean,26.5,53.0,1013.25,1,room_2,"[np.float64(12682.249123157164), np.float64(25075.647445816587), np.float64(18479.031916881362), np.float64(12782.692478900091), np.float64(20258.34458277296), np.float64(22903.766855579837), np.float64(11815.600018338344), np.float64(15338.727538133788), np.float64(8047.152333423689), np.float64(9528.73373836701)]"
synthetic_transient,transient_scan_3,6.938775510204081,mics2714_h2,63.43628860409373,clean,26.5,53.0,1013.25,1,room_2,"[np.float64(12682.249123157164), np.float64(25075.647445816587), np.float64(18479.031916881362), np.float64(12782.692478900091), np.float64(20258.34458277296), np.float64(22903.766855579837), np.float64(11815.600018338344), np.float64(15338.727538133788), np.float64(8047.152333423689), np.float64(9528.73373836701)]"
synthetic_transient,transient_scan_3,7.142857142857143,mics2714_h2,62.49153828388475,clean,26.5,53.0,1013.25,1,room_2,"[np.float64(12682.249123157164), np.float64(25075.647445816587), np.float64(18479.031916881362), np.float64(12782.692478900091), np.float64(20258.34458277296), np.float64(22903.766855579837), np.float64(11815.600018338344), np.float64(15338.727538133788), np.float64(8047.152333423689), np.float64(9528.73373836701)]"
synthetic_transient,transient_scan_3,7.346938775510204,mics2714_h2,61.879078909587285,clean,26.5,53.0,1013.25,1,room_2,"[np.float64(12682.249123157164), np.float64(25075.647445816587), np.float64(18479.031916881362), np.float64(12782.692478900091), np.float64(20258.34458277296), np.float64(22903.766855579837), np.float64(11815.600018338344), np.float64(15338.727538133788), np.float64(8047.152333423689), np.float64(9528.73373836701)]"
synthetic_transient,transient_scan_3,7.551020408163265,mics2714_h2,61.979386586465694,clean,26.5,53.0,1013.25,1,room_2,"[np.float64(12682.249123157164), np.float64(25075.647445816587), np.float64(18479.031916881362), np.float64(12782.692478900091), np.float64(20258.34458277296), np.float64(22903.766855579837), np.float64(11815.600018338344), np.float64(15338.727538133788), np.float64(8047.152333423689), np.float64(9528.73373836701)]"
synthetic_transient,transient_scan_3,7.755102040816327,mics2714_h2,62.374434856677404,clean,26.5,53.0,1013.25,1,room_2,"[np.float64(12682.249123157164), np.float64(25075.647445816587), np.float64(18479.031916881362), np.float64(12782.692478900091), np.float64(20258.34458277296), np.float64(22903.766855579837), np.float64(11815.600018338344), np.float64(15338.727538133788), np.float64(8047.152333423689), np.float64(9528.73373836701)]"
synthetic_transient,transient_scan_3,7.959183673469388,mics2714_h2,62.07620832357258,clean,26.5,53.0,1013.25,1,room_2,"[np.float64(12682.249123157164), np.float64(25075.647445816587), np.float64(18479.031916881362), np.float64(12782.692478900091), np.float64(20258.34458277296), np.float64(22903.766855579837), np.float64(11815.600018338344), np.float64(15338.727538133788), np.float64(8047.152333423689), np.float64(9528.73373836701)]"
synthetic_transient,transient_scan_3,8.16326530612245,mics2714_h2,62.186574578501514,clean,26.5,53.0,1013.25,1,room_2,"[np.float64(12682.249123157164), np.float64(25075.647445816587), np.float64(18479.031916881362), np.float64(12782.692478900091), np.float64(20258.34458277296), np.float64(22903.766855579837), np.float64(11815.600018338344), np.float64(15338.727538133788), np.float64(8047.152333423689), np.float64(9528.73373836701)]"
synthetic_transient,transient_scan_3,8.36734693877551,mics2714_h2,61.70570181680425,clean,26.5,53.0,1013.25,1,room_2,"[np.float64(12682.249123157164), np.float64(25075.647445816587), np.float64(18479.031916881362), np.float64(12782.692478900091), np.float64(20258.34458277296), np.float64(22903.766855579837), np.float64(11815.600018338344), np.float64(15338.727538133788), np.float64(8047.152333423689), np.float64(9528.73373836701)]"
synthetic_transient,transient_scan_3,8.571428571428571,mics2714_h2,61.441779408954865,clean,26.5,53.0,1013.25,1,room_2,"[np.float64(12682.249123157164), np.float64(25075.647445816587), np.float64(18479.031916881362), np.float64(12782.692478900091), np.float64(20258.34458277296), np.float64(22903.766855579837), np.float64(11815.600018338344), np.float64(15338.727538133788), np.float64(8047.152333423689), np.float64(9528.73373836701)]"
synthetic_transient,transient_scan_3,8.775510204081632,mics2714_h2,61.0493712402059,clean,26.5,53.0,1013.25,1,room_2,"[np.float64(12682.249123157164), np.float64(25075.647445816587), np.float64(18479.031916881362), np.float64(12782.692478900091), np.float64(20258.34458277296), np.float64(22903.766855579837), np.float64(11815.600018338344), np.float64(15338.727538133788), np.float64(8047.152333423689), np.float64(9528.73373836701)]"
synthetic_transient,transient_scan_3,8.979591836734695,mics2714_h2,61.66258729390018,clean,26.5,53.0,1013.25,1,room_2,"[np.float64(12682.249123157164), np.float64(25075.647445816587), np.float64(18479.031916881362), np.float64(12782.692478900091), np.float64(20258.34458277296), np.float64(22903.766855579837), np.float64(11815.600018338344), np.float64(15338.727538133788), np.float64(8047.152333423689), np.float64(9528.73373836701)]"
synthetic_transient,transient_scan_3,9.183673469387756,mics2714_h2,60.642317376102234,clean,26.5,53.0,1013.25,1,room_2,"[np.float64(12682.249123157164), np.float64(25075.647445816587), np.float64(18479.031916881362), np.float64(12782.692478900091), np.float64(20258.34458277296), np.float64(22903.766855579837), np.float64(11815.600018338344), np.float64(15338.727538133788), np.float64(8047.152333423689), np.float64(9528.73373836701)]"
synthetic_transient,transient_scan_3,9.387755102040817,mics2714_h2,60.43981461414828,clean,26.5,53.0,1013.25,1,room_2,"[np.float64(12682.249123157164), np.float64(25075.647445816587), np.float64(18479.031916881362), np.float64(12782.692478900091), np.float64(20258.34458277296), np.float64(22903.766855579837), np.float64(11815.600018338344), np.float64(15338.727538133788), np.float64(8047.152333423689), np.float64(9528.73373836701)]"
synthetic_transient,transient_scan_3,9.591836734693878,mics2714_h2,61.18201846782577,clean,26.5,53.0,1013.25,1,room_2,"[np.float64(12682.249123157164), np.float64(25075.647445816587), np.float64(18479.031916881362), np.float64(12782.692478900091), np.float64(20258.34458277296), np.float64(22903.766855579837), np.float64(11815.600018338344), np.float64(15338.727538133788), np.float64(8047.152333423689), np.float64(9528.73373836701)]"
synthetic_transient,transient_scan_3,9.795918367346939,mics2714_h2,60.14475189071071,clean,26.5,53.0,1013.25,1,room_2,"[np.float64(12682.249123157164), np.float64(25075.647445816587), np.float64(18479.031916881362), np.float64(12782.692478900091), np.float64(20258.34458277296), np.float64(22903.766855579837), np.float64(11815.600018338344), np.float64(15338.727538133788), np.float64(8047.152333423689), np.float64(9528.73373836701)]"
synthetic_transient,transient_scan_3,10.0,mics2714_h2,61.940021054878684,clean,26.5,53.0,1013.25,1,room_2,"[np.float64(12682.249123157164), np.float64(25075.647445816587), np.float64(18479.031916881362), np.float64(12782.692478900091), np.float64(20258.34458277296), np.float64(22903.766855579837), np.float64(11815.600018338344), np.float64(15338.727538133788), np.float64(8047.152333423689), np.float64(9528.73373836701)]"
synthetic_transient,transient_scan_4,0.0,mq2,99.85222937992673,narcotic_voc,27.0,54.0,1013.25,2,room_1,"[np.float64(29300.133240788426), np.float64(20213.181817411663), np.float64(13737.65930217047), np.float64(7852.394622198334), np.float64(8781.170718373363), np.float64(10632.923248780877), np.float64(11274.16653350745), np.float64(26265.401446028445), np.float64(19030.56970706312), np.float64(18084.77278435916)]"
synthetic_transient,transient_scan_4,0.20408163265306123,mq2,100.0761577567883,narcotic_voc,27.0,54.0,1013.25,2,room_1,"[np.float64(29300.133240788426), np.float64(20213.181817411663), np.float64(13737.65930217047), np.float64(7852.394622198334), np.float64(8781.170718373363), np.float64(10632.923248780877), np.float64(11274.16653350745), np.float64(26265.401446028445), np.float64(19030.56970706312), np.float64(18084.77278435916)]"
synthetic_transient,transient_scan_4,0.40816326530612246,mq2,100.18974102858276,narcotic_voc,27.0,54.0,1013.25,2,room_1,"[np.float64(29300.133240788426), np.float64(20213.181817411663), np.float64(13737.65930217047), np.float64(7852.394622198334), np.float64(8781.170718373363), np.float64(10632.923248780877), np.float64(11274.16653350745), np.float64(26265.401446028445), np.float64(19030.56970706312), np.float64(18084.77278435916)]"
synthetic_transient,transient_scan_4,0.6122448979591837,mq2,100.90575240629676,narcotic_voc,27.0,54.0,1013.25,2,room_1,"[np.float64(29300.133240788426), np.float64(20213.181817411663), np.float64(13737.65930217047), np.float64(7852.394622198334), np.float64(8781.170718373363), np.float64(10632.923248780877), np.float64(11274.16653350745), np.float64(26265.401446028445), np.float64(19030.56970706312), np.float64(18084.77278435916)]"
synthetic_transient,transient_scan_4,0.8163265306122449,mq2,99.95867610748091,narcotic_voc,27.0,54.0,1013.25,2,room_1,"[np.float64(29300.133240788426), np.float64(20213.181817411663), np.float64(13737.65930217047), np.float64(7852.394622198334), np.float64(8781.170718373363), np.float64(10632.923248780877), np.float64(11274.16653350745), np.float64(26265.401446028445), np.float64(19030.56970706312), np.float64(18084.77278435916)]"
synthetic_transient,transient_scan_4,1.0204081632653061,mq2,99.58549154017082,narcotic_voc,27.0,54.0,1013.25,2,room_1,"[np.float64(29300.133240788426), np.float64(20213.181817411663), np.float64(13737.65930217047), np.float64(7852.394622198334), np.float64(8781.170718373363), np.float64(10632.923248780877), np.float64(11274.16653350745), np.float64(26265.401446028445), np.float64(19030.56970706312), np.float64(18084.77278435916)]"
synthetic_transient,transient_scan_4,1.2244897959183674,mq2,99.36682974718715,narcotic_voc,27.0,54.0,1013.25,2,room_1,"[np.float64(29300.133240788426), np.float64(20213.181817411663), np.float64(13737.65930217047), np.float64(7852.394622198334), np.float64(8781.170718373363), np.float64(10632.923248780877), np.float64(11274.16653350745), np.float64(26265.401446028445), np.float64(19030.56970706312), np.float64(18084.77278435916)]"
synthetic_transient,transient_scan_4,1.4285714285714286,mq2,99.97100802628388,narcotic_voc,27.0,54.0,1013.25,2,room_1,"[np.float64(29300.133240788426), np.float64(20213.181817411663), np.float64(13737.65930217047), np.float64(7852.394622198334), np.float64(8781.170718373363), np.float64(10632.923248780877), np.float64(11274.16653350745), np.float64(26265.401446028445), np.float64(19030.56970706312), np.float64(18084.77278435916)]"
synthetic_transient,transient_scan_4,1.6326530612244898,mq2,99.77580989047306,narcotic_voc,27.0,54.0,1013.25,2,room_1,"[np.float64(29300.133240788426), np.float64(20213.181817411663), np.float64(13737.65930217047), np.float64(7852.394622198334), np.float64(8781.170718373363), np.float64(10632.923248780877), np.float64(11274.16653350745), np.float64(26265.401446028445), np.float64(19030.56970706312), np.float64(18084.77278435916)]"
synthetic_transient,transient_scan_4,1.836734693877551,mq2,101.00500464465,narcotic_voc,27.0,54.0,1013.25,2,room_1,"[np.float64(29300.133240788426), np.float64(20213.181817411663), np.float64(13737.65930217047), np.float64(7852.394622198334), np.float64(8781.170718373363), np.float64(10632.923248780877), np.float64(11274.16653350745), np.float64(26265.401446028445), np.float64(19030.56970706312), np.float64(18084.77278435916)]"
synthetic_transient,transient_scan_4,2.0408163265306123,mq2,100.07687816448666,narcotic_voc,27.0,54.0,1013.25,2,room_1,"[np.float64(29300.133240788426), np.float64(20213.181817411663), np.float64(13737.65930217047), np.float64(7852.394622198334), np.float64(8781.170718373363), np.float64(10632.923248780877), np.float64(11274.16653350745), np.float64(26265.401446028445), np.float64(19030.56970706312), np.float64(18084.77278435916)]"
synthetic_transient,transient_scan_4,2.2448979591836737,mq2,94.87285535209256,narcotic_voc,27.0,54.0,1013.25,2,room_1,"[np.float64(29300.133240788426), np.float64(20213.181817411663), np.float64(13737.65930217047), np.float64(7852.394622198334), np.float64(8781.170718373363), np.float64(10632.923248780877), np.float64(11274.16653350745), np.float64(26265.401446028445), np.float64(19030.56970706312), np.float64(18084.77278435916)]"
synthetic_transient,transient_scan_4,2.4489795918367347,mq2,91.6015691058765,narcotic_voc,27.0,54.0,1013.25,2,room_1,"[np.float64(29300.133240788426), np.float64(20213.181817411663), np.float64(13737.65930217047), np.float64(7852.394622198334), np.float64(8781.170718373363), np.float64(10632.923248780877), np.float64(11274.16653350745), np.float64(26265.401446028445), np.float64(19030.56970706312), np.float64(18084.77278435916)]"
synthetic_transient,transient_scan_4,2.6530612244897958,mq2,88.89377666813368,narcotic_voc,27.0,54.0,1013.25,2,room_1,"[np.float64(29300.133240788426), np.float64(20213.181817411663), np.float64(13737.65930217047), np.float64(7852.394622198334), np.float64(8781.170718373363), np.float64(10632.923248780877), np.float64(11274.16653350745), np.float64(26265.401446028445), np.float64(19030.56970706312), np.float64(18084.77278435916)]"
synthetic_transient,transient_scan_4,2.857142857142857,mq2,86.75617551252161,narcotic_voc,27.0,54.0,1013.25,2,room_1,"[np.float64(29300.133240788426), np.float64(20213.181817411663), np.float64(13737.65930217047), np.float64(7852.394622198334), np.float64(8781.170718373363), np.float64(10632.923248780877), np.float64(11274.16653350745), np.float64(26265.401446028445), np.float64(19030.56970706312), np.float64(18084.77278435916)]"
synthetic_transient,transient_scan_4,3.0612244897959187,mq2,83.55829495153401,narcotic_voc,27.0,54.0,1013.25,2,room_1,"[np.float64(29300.133240788426), np.float64(20213.181817411663), np.float64(13737.65930217047), np.float64(7852.394622198334), np.float64(8781.170718373363), np.float64(10632.923248780877), np.float64(11274.16653350745), np.float64(26265.401446028445), np.float64(19030.56970706312), np.float64(18084.77278435916)]"
synthetic_transient,transient_scan_4,3.2653061224489797,mq2,80.92360668423058,narcotic_voc,27.0,54.0,1013.25,2,room_1,"[np.float64(29300.133240788426), np.float64(20213.181817411663), np.float64(13737.65930217047), np.float64(7852.394622198334), np.float64(8781.170718373363), np.float64(10632.923248780877), np.float64(11274.16653350745), np.float64(26265.401446028445), np.float64(19030.56970706312), np.float64(18084.77278435916)]"
synthetic_transient,transient_scan_4,3.4693877551020407,mq2,79.15664984825041,narcotic_voc,27.0,54.0,1013.25,2,room_1,"[np.float64(29300.133240788426), np.float64(20213.181817411663), np.float64(13737.65930217047), np.float64(7852.394622198334), np.float64(8781.170718373363), np.float64(10632.923248780877), np.float64(11274.16653350745), np.float64(26265.401446028445), np.float64(19030.56970706312), np.float64(18084.77278435916)]"
synthetic_transient,transient_scan_4,3.673469387755102,mq2,77.01065734599611,narcotic_voc,27.0,54.0,1013.25,2,room_1,"[np.float64(29300.133240788426), np.float64(20213.181817411663), np.float64(13737.65930217047), np.float64(7852.394622198334), np.float64(8781.170718373363), np.float64(10632.923248780877), np.float64(11274.16653350745), np.float64(26265.401446028445), np.float64(19030.56970706312), np.float64(18084.77278435916)]"
synthetic_transient,transient_scan_4,3.8775510204081636,mq2,75.94549652973342,narcotic_voc,27.0,54.0,1013.25,2,room_1,"[np.float64(29300.133240788426), np.float64(20213.181817411663), np.float64(13737.65930217047), np.float64(7852.394622198334), np.float64(8781.170718373363), np.float64(10632.923248780877), np.float64(11274.16653350745), np.float64(26265.401446028445), np.float64(19030.56970706312), np.float64(18084.77278435916)]"
synthetic_transient,transient_scan_4,4.081632653061225,mq2,73.77213375463346,narcotic_voc,27.0,54.0,1013.25,2,room_1,"[np.float64(29300.133240788426), np.float64(20213.181817411663), np.float64(13737.65930217047), np.float64(7852.394622198334), np.float64(8781.170718373363), np.float64(10632.923248780877), np.float64(11274.16653350745), np.float64(26265.401446028445), np.float64(19030.56970706312), np.float64(18084.77278435916)]"
synthetic_transient,transient_scan_4,4.285714285714286,mq2,72.50104426674532,narcotic_voc,27.0,54.0,1013.25,2,room_1,"[np.float64(29300.133240788426), np.float64(20213.181817411663), np.float64(13737.65930217047), np.float64(7852.394622198334), np.float64(8781.170718373363), np.float64(10632.923248780877), np.float64(11274.16653350745), np.float64(26265.401446028445), np.float64(19030.56970706312), np.float64(18084.77278435916)]"
synthetic_transient,transient_scan_4,4.4897959183673475,mq2,72.09977856093637,narcotic_voc,27.0,54.0,1013.25,2,room_1,"[np.float64(29300.133240788426), np.float64(20213.181817411663), np.float64(13737.65930217047), np.float64(7852.394622198334), np.float64(8781.170718373363), np.float64(10632.923248780877), np.float64(11274.16653350745), np.float64(26265.401446028445), np.float64(19030.56970706312), np.float64(18084.77278435916)]"
synthetic_transient,transient_scan_4,4.6938775510204085,mq2,70.01722029448484,narcotic_voc,27.0,54.0,1013.25,2,room_1,"[np.float64(29300.133240788426), np.float64(20213.181817411663), np.float64(13737.65930217047), np.float64(7852.394622198334), np.float64(8781.170718373363), np.float64(10632.923248780877), np.float64(11274.16653350745), np.float64(26265.401446028445), np.float64(19030.56970706312), np.float64(18084.77278435916)]"
synthetic_transient,transient_scan_4,4.8979591836734695,mq2,68.66932669145262,narcotic_voc,27.0,54.0,1013.25,2,room_1,"[np.float64(29300.133240788426), np.float64(20213.181817411663), np.float64(13737.65930217047), np.float64(7852.394622198334), np.float64(8781.170718373363), np.float64(10632.923248780877), np.float64(11274.16653350745), np.float64(26265.401446028445), np.float64(19030.56970706312), np.float64(18084.77278435916)]"
synthetic_transient,transient_scan_4,5.1020408163265305,mq2,68.52875706463081,narcotic_voc,27.0,54.0,1013.25,2,room_1,"[np.float64(29300.133240788426), np.float64(20213.181817411663), np.float64(13737.65930217047), np.float64(7852.394622198334), np.float64(8781.170718373363), np.float64(10632.923248780877), np.float64(11274.16653350745), np.float64(26265.401446028445), np.float64(19030.56970706312), np.float64(18084.77278435916)]"
synthetic_transient,transient_scan_4,5.3061224489795915,mq2,67.47827928504593,narcotic_voc,27.0,54.0,1013.25,2,room_1,"[np.float64(29300.133240788426), np.float64(20213.181817411663), np.float64(13737.65930217047), np.float64(7852.394622198334), np.float64(8781.170718373363), np.float64(10632.923248780877), np.float64(11274.16653350745), np.float64(26265.401446028445), np.float64(19030.56970706312), np.float64(18084.77278435916)]"
synthetic_transient,transient_scan_4,5.510204081632653,mq2,67.17129173429366,narcotic_voc,27.0,54.0,1013.25,2,room_1,"[np.float64(29300.133240788426), np.float64(20213.181817411663), np.float64(13737.65930217047), np.float64(7852.394622198334), np.float64(8781.170718373363), np.float64(10632.923248780877), np.float64(11274.16653350745), np.float64(26265.401446028445), np.float64(19030.56970706312), np.float64(18084.77278435916)]"
synthetic_transient,transient_scan_4,5.714285714285714,mq2,66.40345778000439,narcotic_voc,27.0,54.0,1013.25,2,room_1,"[np.float64(29300.133240788426), np.float64(20213.181817411663), np.float64(13737.65930217047), np.float64(7852.394622198334), np.float64(8781.170718373363), np.float64(10632.923248780877), np.float64(11274.16653350745), np.float64(26265.401446028445), np.float64(19030.56970706312), np.float64(18084.77278435916)]"
synthetic_transient,transient_scan_4,5.918367346938775,mq2,65.62297892600346,narcotic_voc,27.0,54.0,1013.25,2,room_1,"[np.float64(29300.133240788426), np.float64(20213.181817411663), np.float64(13737.65930217047), np.float64(7852.394622198334), np.float64(8781.170718373363), np.float64(10632.923248780877), np.float64(11274.16653350745), np.float64(26265.401446028445), np.float64(19030.56970706312), np.float64(18084.77278435916)]"
synthetic_transient,transient_scan_4,6.122448979591837,mq2,65.06139826010147,narcotic_voc,27.0,54.0,1013.25,2,room_1,"[np.float64(29300.133240788426), np.float64(20213.181817411663), np.float64(13737.65930217047), np.float64(7852.394622198334), np.float64(8781.170718373363), np.float64(10632.923248780877), np.float64(11274.16653350745), np.float64(26265.401446028445), np.float64(19030.56970706312), np.float64(18084.77278435916)]"
synthetic_transient,transient_scan_4,6.326530612244898,mq2,64.23003730960934,narcotic_voc,27.0,54.0,1013.25,2,room_1,"[np.float64(29300.133240788426), np.float64(20213.181817411663), np.float64(13737.65930217047), np.float64(7852.394622198334), np.float64(8781.170718373363), np.float64(10632.923248780877), np.float64(11274.16653350745), np.float64(26265.401446028445), np.float64(19030.56970706312), np.float64(18084.77278435916)]"
synthetic_transient,transient_scan_4,6.530612244897959,mq2,64.19360372353083,narcotic_voc,27.0,54.0,1013.25,2,room_1,"[np.float64(29300.133240788426), np.float64(20213.181817411663), np.float64(13737.65930217047), np.float64(7852.394622198334), np.float64(8781.170718373363), np.float64(10632.923248780877), np.float64(11274.16653350745), np.float64(26265.401446028445), np.float64(19030.56970706312), np.float64(18084.77278435916)]"
synthetic_transient,transient_scan_4,6.73469387755102,mq2,64.18980501680838,narcotic_voc,27.0,54.0,1013.25,2,room_1,"[np.float64(29300.133240788426), np.float64(20213.181817411663), np.float64(13737.65930217047), np.float64(7852.394622198334), np.float64(8781.170718373363), np.float64(10632.923248780877), np.float64(11274.16653350745), np.float64(26265.401446028445), np.float64(19030.56970706312), np.float64(18084.77278435916)]"
synthetic_transient,transient_scan_4,6.938775510204081,mq2,62.89874308954924,narcotic_voc,27.0,54.0,1013.25,2,room_1,"[np.float64(29300.133240788426), np.float64(20213.181817411663), np.float64(13737.65930217047), np.float64(7852.394622198334), np.float64(8781.170718373363), np.float64(10632.923248780877), np.float64(11274.16653350745), np.float64(26265.401446028445), np.float64(19030.56970706312), np.float64(18084.77278435916)]"
synthetic_transient,transient_scan_4,7.142857142857143,mq2,63.05435279144996,narcotic_voc,27.0,54.0,1013.25,2,room_1,"[np.float64(29300.133240788426), np.float64(20213.181817411663), np.float64(13737.65930217047), np.float64(7852.394622198334), np.float64(8781.170718373363), np.float64(10632.923248780877), np.float64(11274.16653350745), np.float64(26265.401446028445), np.float64(19030.56970706312), np.float64(18084.77278435916)]"
synthetic_transient,transient_scan_4,7.346938775510204,mq2,63.27968952937594,narcotic_voc,27.0,54.0,1013.25,2,room_1,"[np.float64(29300.133240788426), np.float64(20213.181817411663), np.float64(13737.65930217047), np.float64(7852.394622198334), np.float64(8781.170718373363), np.float64(10632.923248780877), np.float64(11274.16653350745), np.float64(26265.401446028445), np.float64(19030.56970706312), np.float64(18084.77278435916)]"
synthetic_transient,transient_scan_4,7.551020408163265,mq2,62.74541900044191,narcotic_voc,27.0,54.0,1013.25,2,room_1,"[np.float64(29300.133240788426), np.float64(20213.181817411663), np.float64(13737.65930217047), np.float64(7852.394622198334), np.float64(8781.170718373363), np.float64(10632.923248780877), np.float64(11274.16653350745), np.float64(26265.401446028445), np.float64(19030.56970706312), np.float64(18084.77278435916)]"
synthetic_transient,transient_scan_4,7.755102040816327,mq2,62.90563261594961,narcotic_voc,27.0,54.0,1013.25,2,room_1,"[np.float64(29300.133240788426), np.float64(20213.181817411663), np.float64(13737.65930217047), np.float64(7852.394622198334), np.float64(8781.170718373363), np.float64(10632.923248780877), np.float64(11274.16653350745), np.float64(26265.401446028445), np.float64(19030.56970706312), np.float64(18084.77278435916)]"
synthetic_transient,transient_scan_4,7.959183673469388,mq2,61.74847162969771,narcotic_voc,27.0,54.0,1013.25,2,room_1,"[np.float64(29300.133240788426), np.float64(20213.181817411663), np.float64(13737.65930217047), np.float64(7852.394622198334), np.float64(8781.170718373363), np.float64(10632.923248780877), np.float64(11274.16653350745), np.float64(26265.401446028445), np.float64(19030.56970706312), np.float64(18084.77278435916)]"
synthetic_transient,transient_scan_4,8.16326530612245,mq2,60.91998706972855,narcotic_voc,27.0,54.0,1013.25,2,room_1,"[np.float64(29300.133240788426), np.float64(20213.181817411663), np.float64(13737.65930217047), np.float64(7852.394622198334), np.float64(8781.170718373363), np.float64(10632.923248780877), np.float64(11274.16653350745), np.float64(26265.401446028445), np.float64(19030.56970706312), np.float64(18084.77278435916)]"
synthetic_transient,transient_scan_4,8.36734693877551,mq2,61.75765277130254,narcotic_voc,27.0,54.0,1013.25,2,room_1,"[np.float64(29300.133240788426), np.float64(20213.181817411663), np.float64(13737.65930217047), np.float64(7852.394622198334), np.float64(8781.170718373363), np.float64(10632.923248780877), np.float64(11274.16653350745), np.float64(26265.401446028445), np.float64(19030.56970706312), np.float64(18084.77278435916)]"
synthetic_transient,transient_scan_4,8.571428571428571,mq2,61.67783946220271,narcotic_voc,27.0,54.0,1013.25,2,room_1,"[np.float64(29300.133240788426), np.float64(20213.181817411663), np.float64(13737.65930217047), np.float64(7852.394622198334), np.float64(8781.170718373363), np.float64(10632.923248780877), np.float64(11274.16653350745), np.float64(26265.401446028445), np.float64(19030.56970706312), np.float64(18084.77278435916)]"
synthetic_transient,transient_scan_4,8.775510204081632,mq2,62.0355883549048,narcotic_voc,27.0,54.0,1013.25,2,room_1,"[np.float64(29300.133240788426), np.float64(20213.181817411663), np.float64(13737.65930217047), np.float64(7852.394622198334), np.float64(8781.170718373363), np.float64(10632.923248780877), np.float64(11274.16653350745), np.float64(26265.401446028445), np.float64(19030.56970706312), np.float64(18084.77278435916)]"
synthetic_transient,transient_scan_4,8.979591836734695,mq2,61.81435676632233,narcotic_voc,27.0,54.0,1013.25,2,room_1,"[np.float64(29300.133240788426), np.float64(20213.181817411663), np.float64(13737.65930217047), np.float64(7852.394622198334), np.float64(8781.170718373363), np.float64(10632.923248780877), np.float64(11274.16653350745), np.float64(26265.401446028445), np.float64(19030.56970706312), np.float64(18084.77278435916)]"
synthetic_transient,transient_scan_4,9.183673469387756,mq2,61.37027925696882,narcotic_voc,27.0,54.0,1013.25,2,room_1,"[np.float64(29300.133240788426), np.float64(20213.181817411663), np.float64(13737.65930217047), np.float64(7852.394622198334), np.float64(8781.170718373363), np.float64(10632.923248780877), np.float64(11274.16653350745), np.float64(26265.401446028445), np.float64(19030.56970706312), np.float64(18084.77278435916)]"
synthetic_transient,transient_scan_4,9.387755102040817,mq2,61.37770947988151,narcotic_voc,27.0,54.0,1013.25,2,room_1,"[np.float64(29300.133240788426), np.float64(20213.181817411663), np.float64(13737.65930217047), np.float64(7852.394622198334), np.float64(8781.170718373363), np.float64(10632.923248780877), np.float64(11274.16653350745), np.float64(26265.401446028445), np.float64(19030.56970706312), np.float64(18084.77278435916)]"
synthetic_transient,transient_scan_4,9.591836734693878,mq2,60.802579980028405,narcotic_voc,27.0,54.0,1013.25,2,room_1,"[np.float64(29300.133240788426), np.float64(20213.181817411663), np.float64(13737.65930217047), np.float64(7852.394622198334), np.float64(8781.170718373363), np.float64(10632.923248780877), np.float64(11274.16653350745), np.float64(26265.401446028445), np.float64(19030.56970706312), np.float64(18084.77278435916)]"
synthetic_transient,transient_scan_4,9.795918367346939,mq2,60.20177324037793,narcotic_voc,27.0,54.0,1013.25,2,room_1,"[np.float64(29300.133240788426), np.float64(20213.181817411663), np.float64(13737.65930217047), np.float64(7852.394622198334), np.float64(8781.170718373363), np.float64(10632.923248780877), np.float64(11274.16653350745), np.float64(26265.401446028445), np.float64(19030.56970706312), np.float64(18084.77278435916)]"
synthetic_transient,transient_scan_4,10.0,mq2,60.79148616423982,narcotic_voc,27.0,54.0,1013.25,2,room_1,"[np.float64(29300.133240788426), np.float64(20213.181817411663), np.float64(13737.65930217047), np.float64(7852.394622198334), np.float64(8781.170718373363), np.float64(10632.923248780877), np.float64(11274.16653350745), np.float64(26265.401446028445), np.float64(19030.56970706312), np.float64(18084.77278435916)]"
synthetic_transient,transient_scan_4,0.0,mq3,100.49128673181389,narcotic_voc,27.0,54.0,1013.25,2,room_1,"[np.float64(29300.133240788426), np.float64(20213.181817411663), np.float64(13737.65930217047), np.float64(7852.394622198334), np.float64(8781.170718373363), np.float64(10632.923248780877), np.float64(11274.16653350745), np.float64(26265.401446028445), np.float64(19030.56970706312), np.float64(18084.77278435916)]"
synthetic_transient,transient_scan_4,0.20408163265306123,mq3,100.32818043491427,narcotic_voc,27.0,54.0,1013.25,2,room_1,"[np.float64(29300.133240788426), np.float64(20213.181817411663), np.float64(13737.65930217047), np.float64(7852.394622198334), np.float64(8781.170718373363), np.float64(10632.923248780877), np.float64(11274.16653350745), np.float64(26265.401446028445), np.float64(19030.56970706312), np.float64(18084.77278435916)]"
synthetic_transient,transient_scan_4,0.40816326530612246,mq3,100.41690366957968,narcotic_voc,27.0,54.0,1013.25,2,room_1,"[np.float64(29300.133240788426), np.float64(20213.181817411663), np.float64(13737.65930217047), np.float64(7852.394622198334), np.float64(8781.170718373363), np.float64(10632.923248780877), np.float64(11274.16653350745), np.float64(26265.401446028445), np.float64(19030.56970706312), np.float64(18084.77278435916)]"
synthetic_transient,transient_scan_4,0.6122448979591837,mq3,99.78612215647662,narcotic_voc,27.0,54.0,1013.25,2,room_1,"[np.float64(29300.133240788426), np.float64(20213.181817411663), np.float64(13737.65930217047), np.float64(7852.394622198334), np.float64(8781.170718373363), np.float64(10632.923248780877), np.float64(11274.16653350745), np.float64(26265.401446028445), np.float64(19030.56970706312), np.float64(18084.77278435916)]"
synthetic_transient,transient_scan_4,0.8163265306122449,mq3,99.86722658099079,narcotic_voc,27.0,54.0,1013.25,2,room_1,"[np.float64(29300.133240788426), np.float64(20213.181817411663), np.float64(13737.65930217047), np.float64(7852.394622198334), np.float64(8781.170718373363), np.float64(10632.923248780877), np.float64(11274.16653350745), np.float64(26265.401446028445), np.float64(19030.56970706312), np.float64(18084.77278435916)]"
synthetic_transient,transient_scan_4,1.0204081632653061,mq3,100.2417127440573,narcotic_voc,27.0,54.0,1013.25,2,room_1,"[np.float64(29300.133240788426), np.float64(20213.181817411663), np.float64(13737.65930217047), np.float64(7852.394622198334), np.float64(8781.170718373363), np.float64(10632.923248780877), np.float64(11274.16653350745), np.float64(26265.401446028445), np.float64(19030.56970706312), np.float64(18084.77278435916)]"
synthetic_transient,transient_scan_4,1.2244897959183674,mq3,99.72674630274562,narcotic_voc,27.0,54.0,1013.25,2,room_1,"[np.float64(29300.133240788426), np.float64(20213.181817411663), np.float64(13737.65930217047), np.float64(7852.394622198334), np.float64(8781.170718373363), np.float64(10632.923248780877), np.float64(11274.16653350745), np.float64(26265.401446028445), np.float64(19030.56970706312), np.float64(18084.77278435916)]"
synthetic_transient,transient_scan_4,1.4285714285714286,mq3,99.7421414650335,narcotic_voc,27.0,54.0,1013.25,2,room_1,"[np.float64(29300.133240788426), np.float64(20213.181817411663), np.float64(13737.65930217047), np.float64(7852.394622198334), np.float64(8781.170718373363), np.float64(10632.923248780877), np.float64(11274.16653350745), np.float64(26265.401446028445), np.float64(19030.56970706312), np.float64(18084.77278435916)]"
synthetic_transient,transient_scan_4,1.6326530612244898,mq3,100.14899111818873,narcotic_voc,27.0,54.0,1013.25,2,room_1,"[np.float64(29300.133240788426), np.float64(20213.181817411663), np.float64(13737.65930217047), np.float64(7852.394622198334), np.float64(8781.170718373363), np.float64(10632.923248780877), np.float64(11274.16653350745), np.float64(26265.401446028445), np.float64(19030.56970706312), np.float64(18084.77278435916)]"
synthetic_transient,transient_scan_4,1.836734693877551,mq3,100.38045237157846,narcotic_voc,27.0,54.0,1013.25,2,room_1,"[np.float64(29300.133240788426), np.float64(20213.181817411663), np.float64(13737.65930217047), np.float64(7852.394622198334), np.float64(8781.170718373363), np.float64(10632.923248780877), np.float64(11274.16653350745), np.float64(26265.401446028445), np.float64(19030.56970706312), np.float64(18084.77278435916)]"
synthetic_transient,transient_scan_4,2.0408163265306123,mq3,99.09218261748347,narcotic_voc,27.0,54.0,1013.25,2,room_1,"[np.float64(29300.133240788426), np.float64(20213.181817411663), np.float64(13737.65930217047), np.float64(7852.394622198334), np.float64(8781.170718373363), np.float64(10632.923248780877), np.float64(11274.16653350745), np.float64(26265.401446028445), np.float64(19030.56970706312), np.float64(18084.77278435916)]"
synthetic_transient,transient_scan_4,2.2448979591836737,mq3,94.80844703552754,narcotic_voc,27.0,54.0,1013.25,2,room_1,"[np.float64(29300.133240788426), np.float64(20213.181817411663), np.float64(13737.65930217047), np.float64(7852.394622198334), np.float64(8781.170718373363), np.float64(10632.923248780877), np.float64(11274.16653350745), np.float64(26265.401446028445), np.float64(19030.56970706312), np.float64(18084.77278435916)]"
synthetic_transient,transient_scan_4,2.4489795918367347,mq3,91.58904720012967,narcotic_voc,27.0,54.0,1013.25,2,room_1,"[np.float64(29300.133240788426), np.float64(20213.181817411663), np.float64(13737.65930217047), np.float64(7852.394622198334), np.float64(8781.170718373363), np.float64(10632.923248780877), np.float64(11274.16653350745), np.float64(26265.401446028445), np.float64(19030.56970706312), np.float64(18084.77278435916)]"
synthetic_transient,transient_scan_4,2.6530612244897958,mq3,88.9587276566368,narcotic_voc,27.0,54.0,1013.25,2,room_1,"[np.float64(29300.133240788426), np.float64(20213.181817411663), np.float64(13737.65930217047), np.float64(7852.394622198334), np.float64(8781.170718373363), np.float64(10632.923248780877), np.float64(11274.16653350745), np.float64(26265.401446028445), np.float64(19030.56970706312), np.float64(18084.77278435916)]"
synthetic_transient,transient_scan_4,2.857142857142857,mq3,86.15332278317521,narcotic_voc,27.0,54.0,1013.25,2,room_1,"[np.float64(29300.133240788426), np.float64(20213.181817411663), np.float64(13737.65930217047), np.float64(7852.394622198334), np.float64(8781.170718373363), np.float64(10632.923248780877), np.float64(11274.16653350745), np.float64(26265.401446028445), np.float64(19030.56970706312), np.float64(18084.77278435916)]"
synthetic_transient,transient_scan_4,3.0612244897959187,mq3,83.65040745217617,narcotic_voc,27.0,54.0,1013.25,2,room_1,"[np.float64(29300.133240788426), np.float64(20213.181817411663), np.float64(13737.65930217047), np.float64(7852.394622198334), np.float64(8781.170718373363), np.float64(10632.923248780877), np.float64(11274.16653350745), np.float64(26265.401446028445), np.float64(19030.56970706312), np.float64(18084.77278435916)]"
synthetic_transient,transient_scan_4,3.2653061224489797,mq3,81.50787464852247,narcotic_voc,27.0,54.0,1013.25,2,room_1,"[np.float64(29300.133240788426), np.float64(20213.181817411663), np.float64(13737.65930217047), np.float64(7852.394622198334), np.float64(8781.170718373363), np.float64(10632.923248780877), np.float64(11274.16653350745), np.float64(26265.401446028445), np.float64(19030.56970706312), np.float64(18084.77278435916)]"
synthetic_transient,transient_scan_4,3.4693877551020407,mq3,79.188996032473,narcotic_voc,27.0,54.0,1013.25,2,room_1,"[np.float64(29300.133240788426), np.float64(20213.181817411663), np.float64(13737.65930217047), np.float64(7852.394622198334), np.float64(8781.170718373363), np.float64(10632.923248780877), np.float64(11274.16653350745), np.float64(26265.401446028445), np.float64(19030.56970706312), np.float64(18084.77278435916)]"
synthetic_transient,transient_scan_4,3.673469387755102,mq3,77.45742780036429,narcotic_voc,27.0,54.0,1013.25,2,room_1,"[np.float64(29300.133240788426), np.float64(20213.181817411663), np.float64(13737.65930217047), np.float64(7852.394622198334), np.float64(8781.170718373363), np.float64(10632.923248780877), np.float64(11274.16653350745), np.float64(26265.401446028445), np.float64(19030.56970706312), np.float64(18084.77278435916)]"
synthetic_transient,transient_scan_4,3.8775510204081636,mq3,75.62174451359924,narcotic_voc,27.0,54.0,1013.25,2,room_1,"[np.float64(29300.133240788426), np.float64(20213.181817411663), np.float64(13737.65930217047), np.float64(7852.394622198334), np.float64(8781.170718373363), np.float64(10632.923248780877), np.float64(11274.16653350745), np.float64(26265.401446028445), np.float64(19030.56970706312), np.float64(18084.77278435916)]"
synthetic_transient,transient_scan_4,4.081632653061225,mq3,74.70101735193053,narcotic_voc,27.0,54.0,1013.25,2,room_1,"[np.float64(29300.133240788426), np.float64(20213.181817411663), np.float64(13737.65930217047), np.float64(7852.394622198334), np.float64(8781.170718373363), np.float64(10632.923248780877), np.float64(11274.16653350745), np.float64(26265.401446028445), np.float64(19030.56970706312), np.float64(18084.77278435916)]"
synthetic_transient,transient_scan_4,4.285714285714286,mq3,73.47243330856756,narcotic_voc,27.0,54.0,1013.25,2,room_1,"[np.float64(29300.133240788426), np.float64(20213.181817411663), np.float64(13737.65930217047), np.float64(7852.394622198334), np.float64(8781.170718373363), np.float64(10632.923248780877), np.float64(11274.16653350745), np.float64(26265.401446028445), np.float64(19030.56970706312), np.float64(18084.77278435916)]"
synthetic_transient,transient_scan_4,4.4897959183673475,mq3,70.92430601301831,narcotic_voc,27.0,54.0,1013.25,2,room_1,"[np.float64(29300.133240788426), np.float64(20213.181817411663), np.float64(13737.65930217047), np.float64(7852.394622198334), np.float64(8781.170718373363), np.float64(10632.923248780877), np.float64(11274.16653350745), np.float64(26265.401446028445), np.float64(19030.56970706312), np.float64(18084.77278435916)]"
synthetic_transient,transient_scan_4,4.6938775510204085,mq3,70.27377679709075,narcotic_voc,27.0,54.0,1013.25,2,room_1,"[np.float64(29300.133240788426), np.float64(20213.181817411663), np.float64(13737.65930217047), np.float64(7852.394622198334), np.float64(8781.170718373363), np.float64(10632.923248780877), np.float64(11274.16653350745), np.float64(26265.401446028445), np.float64(19030.56970706312), np.float64(18084.77278435916)]"
synthetic_transient,transient_scan_4,4.8979591836734695,mq3,69.40875295350305,narcotic_voc,27.0,54.0,1013.25,2,room_1,"[np.float64(29300.133240788426), np.float64(20213.181817411663), np.float64(13737.65930217047), np.float64(7852.394622198334), np.float64(8781.170718373363), np.float64(10632.923248780877), np.float64(11274.16653350745), np.float64(26265.401446028445), np.float64(19030.56970706312), np.float64(18084.77278435916)]"
synthetic_transient,transient_scan_4,5.1020408163265305,mq3,68.3478028329455,narcotic_voc,27.0,54.0,1013.25,2,room_1,"[np.float64(29300.133240788426), np.float64(20213.181817411663), np.float64(13737.65930217047), np.float64(7852.394622198334), np.float64(8781.170718373363), np.float64(10632.923248780877), np.float64(11274.16653350745), np.float64(26265.401446028445), np.float64(19030.56970706312), np.float64(18084.77278435916)]"
synthetic_transient,transient_scan_4,5.3061224489795915,mq3,68.55497728281365,narcotic_voc,27.0,54.0,1013.25,2,room_1,"[np.float64(29300.133240788426), np.float64(20213.181817411663), np.float64(13737.65930217047), np.float64(7852.394622198334), np.float64(8781.170718373363), np.float64(10632.923248780877), np.float64(11274.16653350745), np.float64(26265.401446028445), np.float64(19030.56970706312), np.float64(18084.77278435916)]"
synthetic_transient,transient_scan_4,5.510204081632653,mq3,67.02756162287355,narcotic_voc,27.0,54.0,1013.25,2,room_1,"[np.float64(29300.133240788426), np.float64(20213.181817411663), np.float64(13737.65930217047), np.float64(7852.394622198334), np.float64(8781.170718373363), np.float64(10632.923248780877), np.float64(11274.16653350745), np.float64(26265.401446028445), np.float64(19030.56970706312), np.float64(18084.77278435916)]"
synthetic_transient,transient_scan_4,5.714285714285714,mq3,65.84203589911367,narcotic_voc,27.0,54.0,1013.25,2,room_1,"[np.float64(29300.133240788426), np.float64(20213.181817411663), np.float64(13737.65930217047), np.float64(7852.394622198334), np.float64(8781.170718373363), np.float64(10632.923248780877), np.float64(11274.16653350745), np.float64(26265.401446028445), np.float64(19030.56970706312), np.float64(18084.77278435916)]"
synthetic_transient,transient_scan_4,5.918367346938775,mq3,65.93715934310546,narcotic_voc,27.0,54.0,1013.25,2,room_1,"[np.float64(29300.133240788426), np.float64(20213.181817411663), np.float64(13737.65930217047), np.float64(7852.394622198334), np.float64(8781.170718373363), np.float64(10632.923248780877), np.float64(11274.16653350745), np.float64(26265.401446028445), np.float64(19030.56970706312), np.float64(18084.77278435916)]"
synthetic_transient,transient_scan_4,6.122448979591837,mq3,65.22740724225956,narcotic_voc,27.0,54.0,1013.25,2,room_1,"[np.float64(29300.133240788426), np.float64(20213.181817411663), np.float64(13737.65930217047), np.float64(7852.394622198334), np.float64(8781.170718373363), np.float64(10632.923248780877), np.float64(11274.16653350745), np.float64(26265.401446028445), np.float64(19030.56970706312), np.float64(18084.77278435916)]"
synthetic_transient,transient_scan_4,6.326530612244898,mq3,64.75006299404748,narcotic_voc,27.0,54.0,1013.25,2,room_1,"[np.float64(29300.133240788426), np.float64(20213.181817411663), np.float64(13737.65930217047), np.float64(7852.394622198334), np.float64(8781.170718373363), np.float64(10632.923248780877), np.float64(11274.16653350745), np.float64(26265.401446028445), np.float64(19030.56970706312), np.float64(18084.77278435916)]"
synthetic_transient,transient_scan_4,6.530612244897959,mq3,65.0558682674338,narcotic_voc,27.0,54.0,1013.25,2,room_1,"[np.float64(29300.133240788426), np.float64(20213.181817411663), np.float64(13737.65930217047), np.float64(7852.394622198334), np.float64(8781.170718373363), np.float64(10632.923248780877), np.float64(11274.16653350745), np.float64(26265.401446028445), np.float64(19030.56970706312), np.float64(18084.77278435916)]"
synthetic_transient,transient_scan_4,6.73469387755102,mq3,63.9245552139694,narcotic_voc,27.0,54.0,1013.25,2,room_1,"[np.float64(29300.133240788426), np.float64(20213.181817411663), np.float64(13737.65930217047), np.float64(7852.394622198334), np.float64(8781.170718373363), np.float64(10632.923248780877), np.float64(11274.16653350745), np.float64(26265.401446028445), np.float64(19030.56970706312), np.float64(18084.77278435916)]"
synthetic_transient,transient_scan_4,6.938775510204081,mq3,63.23363569831198,narcotic_voc,27.0,54.0,1013.25,2,room_1,"[np.float64(29300.133240788426), np.float64(20213.181817411663), np.float64(13737.65930217047), np.float64(7852.394622198334), np.float64(8781.170718373363), np.float64(10632.923248780877), np.float64(11274.16653350745), np.float64(26265.401446028445), np.float64(19030.56970706312), np.float64(18084.77278435916)]"
synthetic_transient,transient_scan_4,7.142857142857143,mq3,62.07941326647567,narcotic_voc,27.0,54.0,1013.25,2,room_1,"[np.float64(29300.133240788426), np.float64(20213.181817411663), np.float64(13737.65930217047), np.float64(7852.394622198334), np.float64(8781.170718373363), np.float64(10632.923248780877), np.float64(11274.16653350745), np.float64(26265.401446028445), np.float64(19030.56970706312), np.float64(18084.77278435916)]"
synthetic_transient,transient_scan_4,7.346938775510204,mq3,62.67779564243688,narcotic_voc,27.0,54.0,1013.25,2,room_1,"[np.float64(29300.133240788426), np.float64(20213.181817411663), np.float64(13737.65930217047), np.float64(7852.394622198334), np.float64(8781.170718373363), np.float64(10632.923248780877), np.float64(11274.16653350745), np.float64(26265.401446028445), np.float64(19030.56970706312), np.float64(18084.77278435916)]"
synthetic_transient,transient_scan_4,7.551020408163265,mq3,63.145691912497156,narcotic_voc,27.0,54.0,1013.25,2,room_1,"[np.float64(29300.133240788426), np.float64(20213.181817411663), np.float64(13737.65930217047), np.float64(7852.394622198334), np.float64(8781.170718373363), np.float64(10632.923248780877), np.float64(11274.16653350745), np.float64(26265.401446028445), np.float64(19030.56970706312), np.float64(18084.77278435916)]"
synthetic_transient,transient_scan_4,7.755102040816327,mq3,62.20531160799616,narcotic_voc,27.0,54.0,1013.25,2,room_1,"[np.float64(29300.133240788426), np.float64(20213.181817411663), np.float64(13737.65930217047), np.float64(7852.394622198334), np.float64(8781.170718373363), np.float64(10632.923248780877), np.float64(11274.16653350745), np.float64(26265.401446028445), np.float64(19030.56970706312), np.float64(18084.77278435916)]"
synthetic_transient,transient_scan_4,7.959183673469388,mq3,60.912517845355126,narcotic_voc,27.0,54.0,1013.25,2,room_1,"[np.float64(29300.133240788426), np.float64(20213.181817411663), np.float64(13737.65930217047), np.float64(7852.394622198334), np.float64(8781.170718373363), np.float64(10632.923248780877), np.float64(11274.16653350745), np.float64(26265.401446028445), np.float64(19030.56970706312), np.float64(18084.77278435916)]"
synthetic_transient,transient_scan_4,8.16326530612245,mq3,61.58619009782976,narcotic_voc,27.0,54.0,1013.25,2,room_1,"[np.float64(29300.133240788426), np.float64(20213.181817411663), np.float64(13737.65930217047), np.float64(7852.394622198334), np.float64(8781.170718373363), np.float64(10632.923248780877), np.float64(11274.16653350745), np.float64(26265.401446028445), np.float64(19030.56970706312), np.float64(18084.77278435916)]"
synthetic_transient,transient_scan_4,8.36734693877551,mq3,62.153671138781085,narcotic_voc,27.0,54.0,1013.25,2,room_1,"[np.float64(29300.133240788426), np.float64(20213.181817411663), np.float64(13737.65930217047), np.float64(7852.394622198334), np.float64(8781.170718373363), np.float64(10632.923248780877), np.float64(11274.16653350745), np.float64(26265.401446028445), np.float64(19030.56970706312), np.float64(18084.77278435916)]"
synthetic_transient,transient_scan_4,8.571428571428571,mq3,61.76946264197048,narcotic_voc,27.0,54.0,1013.25,2,room_1,"[np.float64(29300.133240788426), np.float64(20213.181817411663), np.float64(13737.65930217047), np.float64(7852.394622198334), np.float64(8781.170718373363), np.float64(10632.923248780877), np.float64(11274.16653350745), np.float64(26265.401446028445), np.float64(19030.56970706312), np.float64(18084.77278435916)]"
synthetic_transient,transient_scan_4,8.775510204081632,mq3,60.931436929413096,narcotic_voc,27.0,54.0,1013.25,2,room_1,"[np.float64(29300.133240788426), np.float64(20213.181817411663), np.float64(13737.65930217047), np.float64(7852.394622198334), np.float64(8781.170718373363), np.float64(10632.923248780877), np.float64(11274.16653350745), np.float64(26265.401446028445), np.float64(19030.56970706312), np.float64(18084.77278435916)]"
synthetic_transient,transient_scan_4,8.979591836734695,mq3,60.937641510769296,narcotic_voc,27.0,54.0,1013.25,2,room_1,"[np.float64(29300.133240788426), np.float64(20213.181817411663), np.float64(13737.65930217047), np.float64(7852.394622198334), np.float64(8781.170718373363), np.float64(10632.923248780877), np.float64(11274.16653350745), np.float64(26265.401446028445), np.float64(19030.56970706312), np.float64(18084.77278435916)]"
synthetic_transient,transient_scan_4,9.183673469387756,mq3,60.89655311591139,narcotic_voc,27.0,54.0,1013.25,2,room_1,"[np.float64(29300.133240788426), np.float64(20213.181817411663), np.float64(13737.65930217047), np.float64(7852.394622198334), np.float64(8781.170718373363), np.float64(10632.923248780877), np.float64(11274.16653350745), np.float64(26265.401446028445), np.float64(19030.56970706312), np.float64(18084.77278435916)]"
synthetic_transient,transient_scan_4,9.387755102040817,mq3,60.66365748686483,narcotic_voc,27.0,54.0,1013.25,2,room_1,"[np.float64(29300.133240788426), np.float64(20213.181817411663), np.float64(13737.65930217047), np.float64(7852.394622198334), np.float64(8781.170718373363), np.float64(10632.923248780877), np.float64(11274.16653350745), np.float64(26265.401446028445), np.float64(19030.56970706312), np.float64(18084.77278435916)]"
synthetic_transient,transient_scan_4,9.591836734693878,mq3,59.883653775261934,narcotic_voc,27.0,54.0,1013.25,2,room_1,"[np.float64(29300.133240788426), np.float64(20213.181817411663), np.float64(13737.65930217047), np.float64(7852.394622198334), np.float64(8781.170718373363), np.float64(10632.923248780877), np.float64(11274.16653350745), np.float64(26265.401446028445), np.float64(19030.56970706312), np.float64(18084.77278435916)]"
synthetic_transient,transient_scan_4,9.795918367346939,mq3,61.19312609634747,narcotic_voc,27.0,54.0,1013.25,2,room_1,"[np.float64(29300.133240788426), np.float64(20213.181817411663), np.float64(13737.65930217047), np.float64(7852.394622198334), np.float64(8781.170718373363), np.float64(10632.923248780877), np.float64(11274.16653350745), np.float64(26265.401446028445), np.float64(19030.56970706312), np.float64(18084.77278435916)]"
synthetic_transient,transient_scan_4,10.0,mq3,61.361155533893914,narcotic_voc,27.0,54.0,1013.25,2,room_1,"[np.float64(29300.133240788426), np.float64(20213.181817411663), np.float64(13737.65930217047), np.float64(7852.394622198334), np.float64(8781.170718373363), np.float64(10632.923248780877), np.float64(11274.16653350745), np.float64(26265.401446028445), np.float64(19030.56970706312), np.float64(18084.77278435916)]"
synthetic_transient,transient_scan_4,0.0,mq135,99.24077552801764,narcotic_voc,27.0,54.0,1013.25,2,room_1,"[np.float64(29300.133240788426), np.float64(20213.181817411663), np.float64(13737.65930217047), np.float64(7852.394622198334), np.float64(8781.170718373363), np.float64(10632.923248780877), np.float64(11274.16653350745), np.float64(26265.401446028445), np.float64(19030.56970706312), np.float64(18084.77278435916)]"
synthetic_transient,transient_scan_4,0.20408163265306123,mq135,100.62192646629316,narcotic_voc,27.0,54.0,1013.25,2,room_1,"[np.float64(29300.133240788426), np.float64(20213.181817411663), np.float64(13737.65930217047), np.float64(7852.394622198334), np.float64(8781.170718373363), np.float64(10632.923248780877), np.float64(11274.16653350745), np.float64(26265.401446028445), np.float64(19030.56970706312), np.float64(18084.77278435916)]"
synthetic_transient,transient_scan_4,0.40816326530612246,mq135,99.9484883993014,narcotic_voc,27.0,54.0,1013.25,2,room_1,"[np.float64(29300.133240788426), np.float64(20213.181817411663), np.float64(13737.65930217047), np.float64(7852.394622198334), np.float64(8781.170718373363), np.float64(10632.923248780877), np.float64(11274.16653350745), np.float64(26265.401446028445), np.float64(19030.56970706312), np.float64(18084.77278435916)]"
synthetic_transient,transient_scan_4,0.6122448979591837,mq135,100.61256617408394,narcotic_voc,27.0,54.0,1013.25,2,room_1,"[np.float64(29300.133240788426), np.float64(20213.181817411663), np.float64(13737.65930217047), np.float64(7852.394622198334), np.float64(8781.170718373363), np.float64(10632.923248780877), np.float64(11274.16653350745), np.float64(26265.401446028445), np.float64(19030.56970706312), np.float64(18084.77278435916)]"
synthetic_transient,transient_scan_4,0.8163265306122449,mq135,100.01897521814523,narcotic_voc,27.0,54.0,1013.25,2,room_1,"[np.float64(29300.133240788426), np.float64(20213.181817411663), np.float64(13737.65930217047), np.float64(7852.394622198334), np.float64(8781.170718373363), np.float64(10632.923248780877), np.float64(11274.16653350745), np.float64(26265.401446028445), np.float64(19030.56970706312), np.float64(18084.77278435916)]"
synthetic_transient,transient_scan_4,1.0204081632653061,mq135,100.06777229607931,narcotic_voc,27.0,54.0,1013.25,2,room_1,"[np.float64(29300.133240788426), np.float64(20213.181817411663), np.float64(13737.65930217047), np.float64(7852.394622198334), np.float64(8781.170718373363), np.float64(10632.923248780877), np.float64(11274.16653350745), np.float64(26265.401446028445), np.float64(19030.56970706312), np.float64(18084.77278435916)]"
synthetic_transient,transient_scan_4,1.2244897959183674,mq135,100.1862173234911,narcotic_voc,27.0,54.0,1013.25,2,room_1,"[np.float64(29300.133240788426), np.float64(20213.181817411663), np.float64(13737.65930217047), np.float64(7852.394622198334), np.float64(8781.170718373363), np.float64(10632.923248780877), np.float64(11274.16653350745), np.float64(26265.401446028445), np.float64(19030.56970706312), np.float64(18084.77278435916)]"
synthetic_transient,transient_scan_4,1.4285714285714286,mq135,99.60496683743236,narcotic_voc,27.0,54.0,1013.25,2,room_1,"[np.float64(29300.133240788426), np.float64(20213.181817411663), np.float64(13737.65930217047), np.float64(7852.394622198334), np.float64(8781.170718373363), np.float64(10632.923248780877), np.float64(11274.16653350745), np.float64(26265.401446028445), np.float64(19030.56970706312), np.float64(18084.77278435916)]"
synthetic_transient,transient_scan_4,1.6326530612244898,mq135,100.59733707216401,narcotic_voc,27.0,54.0,1013.25,2,room_1,"[np.float64(29300.133240788426), np.float64(20213.181817411663), np.float64(13737.65930217047), np.float64(7852.394622198334), np.float64(8781.170718373363), np.float64(10632.923248780877), np.float64(11274.16653350745), np.float64(26265.401446028445), np.float64(19030.56970706312), np.float64(18084.77278435916)]"
synthetic_transient,transient_scan_4,1.836734693877551,mq135,99.43930968096261,narcotic_voc,27.0,54.0,1013.25,2,room_1,"[np.float64(29300.133240788426), np.float64(20213.181817411663), np.float64(13737.65930217047), np.float64(7852.394622198334), np.float64(8781.170718373363), np.float64(10632.923248780877), np.float64(11274.16653350745), np.float64(26265.401446028445), np.float64(19030.56970706312), np.float64(18084.77278435916)]"
synthetic_transient,transient_scan_4,2.0408163265306123,mq135,98.99091358188984,narcotic_voc,27.0,54.0,1013.25,2,room_1,"[np.float64(29300.133240788426), np.float64(20213.181817411663), np.float64(13737.65930217047), np.float64(7852.394622198334), np.float64(8781.170718373363), np.float64(10632.923248780877), np.float64(11274.16653350745), np.float64(26265.401446028445), np.float64(19030.56970706312), np.float64(18084.77278435916)]"
synthetic_transient,transient_scan_4,2.2448979591836737,mq135,95.65217410487594,narcotic_voc,27.0,54.0,1013.25,2,room_1,"[np.float64(29300.133240788426), np.float64(20213.181817411663), np.float64(13737.65930217047), np.float64(7852.394622198334), np.float64(8781.170718373363), np.float64(10632.923248780877), np.float64(11274.16653350745), np.float64(26265.401446028445), np.float64(19030.56970706312), np.float64(18084.77278435916)]"
synthetic_transient,transient_scan_4,2.4489795918367347,mq135,91.70235153740835,narcotic_voc,27.0,54.0,1013.25,2,room_1,"[np.float64(29300.133240788426), np.float64(20213.181817411663), np.float64(13737.65930217047), np.float64(7852.394622198334), np.float64(8781.170718373363), np.float64(10632.923248780877), np.float64(11274.16653350745), np.float64(26265.401446028445), np.float64(19030.56970706312), np.float64(18084.77278435916)]"
synthetic_transient,transient_scan_4,2.6530612244897958,mq135,89.24565723459772,narcotic_voc,27.0,54.0,1013.25,2,room_1,"[np.float64(29300.133240788426), np.float64(20213.181817411663), np.float64(13737.65930217047), np.float64(7852.394622198334), np.float64(8781.170718373363), np.float64(10632.923248780877), np.float64(11274.16653350745), np.float64(26265.401446028445), np.float64(19030.56970706312), np.float64(18084.77278435916)]"
synthetic_transient,transient_scan_4,2.857142857142857,mq135,86.74549538783421,narcotic_voc,27.0,54.0,1013.25,2,room_1,"[np.float64(29300.133240788426), np.float64(20213.181817411663), np.float64(13737.65930217047), np.float64(7852.394622198334), np.float64(8781.170718373363), np.float64(10632.923248780877), np.float64(11274.16653350745), np.float64(26265.401446028445), np.float64(19030.56970706312), np.float64(18084.77278435916)]"
synthetic_transient,transient_scan_4,3.0612244897959187,mq135,84.0360613838754,narcotic_voc,27.0,54.0,1013.25,2,room_1,"[np.float64(29300.133240788426), np.float64(20213.181817411663), np.float64(13737.65930217047), np.float64(7852.394622198334), np.float64(8781.170718373363), np.float64(10632.923248780877), np.float64(11274.16653350745), np.float64(26265.401446028445), np.float64(19030.56970706312), np.float64(18084.77278435916)]"
synthetic_transient,transient_scan_4,3.2653061224489797,mq135,80.27916934638529,narcotic_voc,27.0,54.0,1013.25,2,room_1,"[np.float64(29300.133240788426), np.float64(20213.181817411663), np.float64(13737.65930217047), np.float64(7852.394622198334), np.float64(8781.170718373363), np.float64(10632.923248780877), np.float64(11274.16653350745), np.float64(26265.401446028445), np.float64(19030.56970706312), np.float64(18084.77278435916)]"
synthetic_transient,transient_scan_4,3.4693877551020407,mq135,79.24901423801144,narcotic_voc,27.0,54.0,1013.25,2,room_1,"[np.float64(29300.133240788426), np.float64(20213.181817411663), np.float64(13737.65930217047), np.float64(7852.394622198334), np.float64(8781.170718373363), np.float64(10632.923248780877), np.float64(11274.16653350745), np.float64(26265.401446028445), np.float64(19030.56970706312), np.float64(18084.77278435916)]"
synthetic_transient,transient_scan_4,3.673469387755102,mq135,77.83924108329232,narcotic_voc,27.0,54.0,1013.25,2,room_1,"[np.float64(29300.133240788426), np.float64(20213.181817411663), np.float64(13737.65930217047), np.float64(7852.394622198334), np.float64(8781.170718373363), np.float64(10632.923248780877), np.float64(11274.16653350745), np.float64(26265.401446028445), np.float64(19030.56970706312), np.float64(18084.77278435916)]"
synthetic_transient,transient_scan_4,3.8775510204081636,mq135,74.98588350160264,narcotic_voc,27.0,54.0,1013.25,2,room_1,"[np.float64(29300.133240788426), np.float64(20213.181817411663), np.float64(13737.65930217047), np.float64(7852.394622198334), np.float64(8781.170718373363), np.float64(10632.923248780877), np.float64(11274.16653350745), np.float64(26265.401446028445), np.float64(19030.56970706312), np.float64(18084.77278435916)]"
synthetic_transient,transient_scan_4,4.081632653061225,mq135,74.48845590408025,narcotic_voc,27.0,54.0,1013.25,2,room_1,"[np.float64(29300.133240788426), np.float64(20213.181817411663), np.float64(13737.65930217047), np.float64(7852.394622198334), np.float64(8781.170718373363), np.float64(10632.923248780877), np.float64(11274.16653350745), np.float64(26265.401446028445), np.float64(19030.56970706312), np.float64(18084.77278435916)]"
synthetic_transient,transient_scan_4,4.285714285714286,mq135,73.08999268377846,narcotic_voc,27.0,54.0,1013.25,2,room_1,"[np.float64(29300.133240788426), np.float64(20213.181817411663), np.float64(13737.65930217047), np.float64(7852.394622198334), np.float64(8781.170718373363), np.float64(10632.923248780877), np.float64(11274.16653350745), np.float64(26265.401446028445), np.float64(19030.56970706312), np.float64(18084.77278435916)]"
synthetic_transient,transient_scan_4,4.4897959183673475,mq135,70.91276670823919,narcotic_voc,27.0,54.0,1013.25,2,room_1,"[np.float64(29300.133240788426), np.float64(20213.181817411663), np.float64(13737.65930217047), np.float64(7852.394622198334), np.float64(8781.170718373363), np.float64(10632.923248780877), np.float64(11274.16653350745), np.float64(26265.401446028445), np.float64(19030.56970706312), np.float64(18084.77278435916)]"
synthetic_transient,transient_scan_4,4.6938775510204085,mq135,70.81851910101196,narcotic_voc,27.0,54.0,1013.25,2,room_1,"[np.float64(29300.133240788426), np.float64(20213.181817411663), np.float64(13737.65930217047), np.float64(7852.394622198334), np.float64(8781.170718373363), np.float64(10632.923248780877), np.float64(11274.16653350745), np.float64(26265.401446028445), np.float64(19030.56970706312), np.float64(18084.77278435916)]"
synthetic_transient,transient_scan_4,4.8979591836734695,mq135,69.52873960449767,narcotic_voc,27.0,54.0,1013.25,2,room_1,"[np.float64(29300.133240788426), np.float64(20213.181817411663), np.float64(13737.65930217047), np.float64(7852.394622198334), np.float64(8781.170718373363), np.float64(10632.923248780877), np.float64(11274.16653350745), np.float64(26265.401446028445), np.float64(19030.56970706312), np.float64(18084.77278435916)]"
synthetic_transient,transient_scan_4,5.1020408163265305,mq135,68.80645108331329,narcotic_voc,27.0,54.0,1013.25,2,room_1,"[np.float64(29300.133240788426), np.float64(20213.181817411663), np.float64(13737.65930217047), np.float64(7852.394622198334), np.float64(8781.170718373363), np.float64(10632.923248780877), np.float64(11274.16653350745), np.float64(26265.401446028445), np.float64(19030.56970706312), np.float64(18084.77278435916)]"
synthetic_transient,transient_scan_4,5.3061224489795915,mq135,67.17535979426566,narcotic_voc,27.0,54.0,1013.25,2,room_1,"[np.float64(29300.133240788426), np.float64(20213.181817411663), np.float64(13737.65930217047), np.float64(7852.394622198334), np.float64(8781.170718373363), np.float64(10632.923248780877), np.float64(11274.16653350745), np.float64(26265.401446028445), np.float64(19030.56970706312), np.float64(18084.77278435916)]"
synthetic_transient,transient_scan_4,5.510204081632653,mq135,66.99065204201437,narcotic_voc,27.0,54.0,1013.25,2,room_1,"[np.float64(29300.133240788426), np.float64(20213.181817411663), np.float64(13737.65930217047), np.float64(7852.394622198334), np.float64(8781.170718373363), np.float64(10632.923248780877), np.float64(11274.16653350745), np.float64(26265.401446028445), np.float64(19030.56970706312), np.float64(18084.77278435916)]"
synthetic_transient,transient_scan_4,5.714285714285714,mq135,65.39228253557268,narcotic_voc,27.0,54.0,1013.25,2,room_1,"[np.float64(29300.133240788426), np.float64(20213.181817411663), np.float64(13737.65930217047), np.float64(7852.394622198334), np.float64(8781.170718373363), np.float64(10632.923248780877), np.float64(11274.16653350745), np.float64(26265.401446028445), np.float64(19030.56970706312), np.float64(18084.77278435916)]"
synthetic_transient,transient_scan_4,5.918367346938775,mq135,64.5004425695586,narcotic_voc,27.0,54.0,1013.25,2,room_1,"[np.float64(29300.133240788426), np.float64(20213.181817411663), np.float64(13737.65930217047), np.float64(7852.394622198334), np.float64(8781.170718373363), np.float64(10632.923248780877), np.float64(11274.16653350745), np.float64(26265.401446028445), np.float64(19030.56970706312), np.float64(18084.77278435916)]"
synthetic_transient,transient_scan_4,6.122448979591837,mq135,65.16233418610034,narcotic_voc,27.0,54.0,1013.25,2,room_1,"[np.float64(29300.133240788426), np.float64(20213.181817411663), np.float64(13737.65930217047), np.float64(7852.394622198334), np.float64(8781.170718373363), np.float64(10632.923248780877), np.float64(11274.16653350745), np.float64(26265.401446028445), np.float64(19030.56970706312), np.float64(18084.77278435916)]"
synthetic_transient,transient_scan_4,6.326530612244898,mq135,65.14826533765142,narcotic_voc,27.0,54.0,1013.25,2,room_1,"[np.float64(29300.133240788426), np.float64(20213.181817411663), np.float64(13737.65930217047), np.float64(7852.394622198334), np.float64(8781.170718373363), np.float64(10632.923248780877), np.float64(11274.16653350745), np.float64(26265.401446028445), np.float64(19030.56970706312), np.float64(18084.77278435916)]"
synthetic_transient,transient_scan_4,6.530612244897959,mq135,64.27839859516673,narcotic_voc,27.0,54.0,1013.25,2,room_1,"[np.float64(29300.133240788426), np.float64(20213.181817411663), np.float64(13737.65930217047), np.float64(7852.394622198334), np.float64(8781.170718373363), np.float64(10632.923248780877), np.float64(11274.16653350745), np.float64(26265.401446028445), np.float64(19030.56970706312), np.float64(18084.77278435916)]"
synthetic_transient,transient_scan_4,6.73469387755102,mq135,63.717439594119924,narcotic_voc,27.0,54.0,1013.25,2,room_1,"[np.float64(29300.133240788426), np.float64(20213.181817411663), np.float64(13737.65930217047), np.float64(7852.394622198334), np.float64(8781.170718373363), np.float64(10632.923248780877), np.float64(11274.16653350745), np.float64(26265.401446028445), np.float64(19030.56970706312), np.float64(18084.77278435916)]"
synthetic_transient,transient_scan_4,6.938775510204081,mq135,63.29169940022154,narcotic_voc,27.0,54.0,1013.25,2,room_1,"[np.float64(29300.133240788426), np.float64(20213.181817411663), np.float64(13737.65930217047), np.float64(7852.394622198334), np.float64(8781.170718373363), np.float64(10632.923248780877), np.float64(11274.16653350745), np.float64(26265.401446028445), np.float64(19030.56970706312), np.float64(18084.77278435916)]"
synthetic_transient,transient_scan_4,7.142857142857143,mq135,62.58576878390919,narcotic_voc,27.0,54.0,1013.25,2,room_1,"[np.float64(29300.133240788426), np.float64(20213.181817411663), np.float64(13737.65930217047), np.float64(7852.394622198334), np.float64(8781.170718373363), np.float64(10632.923248780877), np.float64(11274.16653350745), np.float64(26265.401446028445), np.float64(19030.56970706312), np.float64(18084.77278435916)]"
synthetic_transient,transient_scan_4,7.346938775510204,mq135,62.649564699610984,narcotic_voc,27.0,54.0,1013.25,2,room_1,"[np.float64(29300.133240788426), np.float64(20213.181817411663), np.float64(13737.65930217047), np.float64(7852.394622198334), np.float64(8781.170718373363), np.float64(10632.923248780877), np.float64(11274.16653350745), np.float64(26265.401446028445), np.float64(19030.56970706312), np.float64(18084.77278435916)]"
synthetic_transient,transient_scan_4,7.551020408163265,mq135,62.703549187965784,narcotic_voc,27.0,54.0,1013.25,2,room_1,"[np.float64(29300.133240788426), np.float64(20213.181817411663), np.float64(13737.65930217047), np.float64(7852.394622198334), np.float64(8781.170718373363), np.float64(10632.923248780877), np.float64(11274.16653350745), np.float64(26265.401446028445), np.float64(19030.56970706312), np.float64(18084.77278435916)]"
synthetic_transient,transient_scan_4,7.755102040816327,mq135,62.03328505137394,narcotic_voc,27.0,54.0,1013.25,2,room_1,"[np.float64(29300.133240788426), np.float64(20213.181817411663), np.float64(13737.65930217047), np.float64(7852.394622198334), np.float64(8781.170718373363), np.float64(10632.923248780877), np.float64(11274.16653350745), np.float64(26265.401446028445), np.float64(19030.56970706312), np.float64(18084.77278435916)]"
synthetic_transient,transient_scan_4,7.959183673469388,mq135,62.40783622153276,narcotic_voc,27.0,54.0,1013.25,2,room_1,"[np.float64(29300.133240788426), np.float64(20213.181817411663), np.float64(13737.65930217047), np.float64(7852.394622198334), np.float64(8781.170718373363), np.float64(10632.923248780877), np.float64(11274.16653350745), np.float64(26265.401446028445), np.float64(19030.56970706312), np.float64(18084.77278435916)]"
synthetic_transient,transient_scan_4,8.16326530612245,mq135,61.93335881085828,narcotic_voc,27.0,54.0,1013.25,2,room_1,"[np.float64(29300.133240788426), np.float64(20213.181817411663), np.float64(13737.65930217047), np.float64(7852.394622198334), np.float64(8781.170718373363), np.float64(10632.923248780877), np.float64(11274.16653350745), np.float64(26265.401446028445), np.float64(19030.56970706312), np.float64(18084.77278435916)]"
synthetic_transient,transient_scan_4,8.36734693877551,mq135,61.8158165782114,narcotic_voc,27.0,54.0,1013.25,2,room_1,"[np.float64(29300.133240788426), np.float64(20213.181817411663), np.float64(13737.65930217047), np.float64(7852.394622198334), np.float64(8781.170718373363), np.float64(10632.923248780877), np.float64(11274.16653350745), np.float64(26265.401446028445), np.float64(19030.56970706312), np.float64(18084.77278435916)]"
synthetic_transient,transient_scan_4,8.571428571428571,mq135,61.94088543146495,narcotic_voc,27.0,54.0,1013.25,2,room_1,"[np.float64(29300.133240788426), np.float64(20213.181817411663), np.float64(13737.65930217047), np.float64(7852.394622198334), np.float64(8781.170718373363), np.float64(10632.923248780877), np.float64(11274.16653350745), np.float64(26265.401446028445), np.float64(19030.56970706312), np.float64(18084.77278435916)]"
synthetic_transient,transient_scan_4,8.775510204081632,mq135,61.087999661340966,narcotic_voc,27.0,54.0,1013.25,2,room_1,"[np.float64(29300.133240788426), np.float64(20213.181817411663), np.float64(13737.65930217047), np.float64(7852.394622198334), np.float64(8781.170718373363), np.float64(10632.923248780877), np.float64(11274.16653350745), np.float64(26265.401446028445), np.float64(19030.56970706312), np.float64(18084.77278435916)]"
synthetic_transient,transient_scan_4,8.979591836734695,mq135,61.549974192062315,narcotic_voc,27.0,54.0,1013.25,2,room_1,"[np.float64(29300.133240788426), np.float64(20213.181817411663), np.float64(13737.65930217047), np.float64(7852.394622198334), np.float64(8781.170718373363), np.float64(10632.923248780877), np.float64(11274.16653350745), np.float64(26265.401446028445), np.float64(19030.56970706312), np.float64(18084.77278435916)]"
synthetic_transient,transient_scan_4,9.183673469387756,mq135,60.9086690868366,narcotic_voc,27.0,54.0,1013.25,2,room_1,"[np.float64(29300.133240788426), np.float64(20213.181817411663), np.float64(13737.65930217047), np.float64(7852.394622198334), np.float64(8781.170718373363), np.float64(10632.923248780877), np.float64(11274.16653350745), np.float64(26265.401446028445), np.float64(19030.56970706312), np.float64(18084.77278435916)]"
synthetic_transient,transient_scan_4,9.387755102040817,mq135,61.164771614705714,narcotic_voc,27.0,54.0,1013.25,2,room_1,"[np.float64(29300.133240788426), np.float64(20213.181817411663), np.float64(13737.65930217047), np.float64(7852.394622198334), np.float64(8781.170718373363), np.float64(10632.923248780877), np.float64(11274.16653350745), np.float64(26265.401446028445), np.float64(19030.56970706312), np.float64(18084.77278435916)]"
synthetic_transient,transient_scan_4,9.591836734693878,mq135,60.57560503381344,narcotic_voc,27.0,54.0,1013.25,2,room_1,"[np.float64(29300.133240788426), np.float64(20213.181817411663), np.float64(13737.65930217047), np.float64(7852.394622198334), np.float64(8781.170718373363), np.float64(10632.923248780877), np.float64(11274.16653350745), np.float64(26265.401446028445), np.float64(19030.56970706312), np.float64(18084.77278435916)]"
synthetic_transient,transient_scan_4,9.795918367346939,mq135,60.35597863450517,narcotic_voc,27.0,54.0,1013.25,2,room_1,"[np.float64(29300.133240788426), np.float64(20213.181817411663), np.float64(13737.65930217047), np.float64(7852.394622198334), np.float64(8781.170718373363), np.float64(10632.923248780877), np.float64(11274.16653350745), np.float64(26265.401446028445), np.float64(19030.56970706312), np.float64(18084.77278435916)]"
synthetic_transient,transient_scan_4,10.0,mq135,60.778557928373615,narcotic_voc,27.0,54.0,1013.25,2,room_1,"[np.float64(29300.133240788426), np.float64(20213.181817411663), np.float64(13737.65930217047), np.float64(7852.394622198334), np.float64(8781.170718373363), np.float64(10632.923248780877), np.float64(11274.16653350745), np.float64(26265.401446028445), np.float64(19030.56970706312), np.float64(18084.77278435916)]"
synthetic_transient,transient_scan_4,0.0,mq137,99.05739997398945,narcotic_voc,27.0,54.0,1013.25,2,room_1,"[np.float64(29300.133240788426), np.float64(20213.181817411663), np.float64(13737.65930217047), np.float64(7852.394622198334), np.float64(8781.170718373363), np.float64(10632.923248780877), np.float64(11274.16653350745), np.float64(26265.401446028445), np.float64(19030.56970706312), np.float64(18084.77278435916)]"
synthetic_transient,transient_scan_4,0.20408163265306123,mq137,99.85186627824555,narcotic_voc,27.0,54.0,1013.25,2,room_1,"[np.float64(29300.133240788426), np.float64(20213.181817411663), np.float64(13737.65930217047), np.float64(7852.394622198334), np.float64(8781.170718373363), np.float64(10632.923248780877), np.float64(11274.16653350745), np.float64(26265.401446028445), np.float64(19030.56970706312), np.float64(18084.77278435916)]"
synthetic_transient,transient_scan_4,0.40816326530612246,mq137,99.19681149719541,narcotic_voc,27.0,54.0,1013.25,2,room_1,"[np.float64(29300.133240788426), np.float64(20213.181817411663), np.float64(13737.65930217047), np.float64(7852.394622198334), np.float64(8781.170718373363), np.float64(10632.923248780877), np.float64(11274.16653350745), np.float64(26265.401446028445), np.float64(19030.56970706312), np.float64(18084.77278435916)]"
synthetic_transient,transient_scan_4,0.6122448979591837,mq137,100.38961701715681,narcotic_voc,27.0,54.0,1013.25,2,room_1,"[np.float64(29300.133240788426), np.float64(20213.181817411663), np.float64(13737.65930217047), np.float64(7852.394622198334), np.float64(8781.170718373363), np.float64(10632.923248780877), np.float64(11274.16653350745), np.float64(26265.401446028445), np.float64(19030.56970706312), np.float64(18084.77278435916)]"
synthetic_transient,transient_scan_4,0.8163265306122449,mq137,100.52505529805445,narcotic_voc,27.0,54.0,1013.25,2,room_1,"[np.float64(29300.133240788426), np.float64(20213.181817411663), np.float64(13737.65930217047), np.float64(7852.394622198334), np.float64(8781.170718373363), np.float64(10632.923248780877), np.float64(11274.16653350745), np.float64(26265.401446028445), np.float64(19030.56970706312), np.float64(18084.77278435916)]"
synthetic_transient,transient_scan_4,1.0204081632653061,mq137,99.56802438928959,narcotic_voc,27.0,54.0,1013.25,2,room_1,"[np.float64(29300.133240788426), np.float64(20213.181817411663), np.float64(13737.65930217047), np.float64(7852.394622198334), np.float64(8781.170718373363), np.float64(10632.923248780877), np.float64(11274.16653350745), np.float64(26265.401446028445), np.float64(19030.56970706312), np.float64(18084.77278435916)]"
synthetic_transient,transient_scan_4,1.2244897959183674,mq137,100.21415648123674,narcotic_voc,27.0,54.0,1013.25,2,room_1,"[np.float64(29300.133240788426), np.float64(20213.181817411663), np.float64(13737.65930217047), np.float64(7852.394622198334), np.float64(8781.170718373363), np.float64(10632.923248780877), np.float64(11274.16653350745), np.float64(26265.401446028445), np.float64(19030.56970706312), np.float64(18084.77278435916)]"
synthetic_transient,transient_scan_4,1.4285714285714286,mq137,100.44956785684374,narcotic_voc,27.0,54.0,1013.25,2,room_1,"[np.float64(29300.133240788426), np.float64(20213.181817411663), np.float64(13737.65930217047), np.float64(7852.394622198334), np.float64(8781.170718373363), np.float64(10632.923248780877), np.float64(11274.16653350745), np.float64(26265.401446028445), np.float64(19030.56970706312), np.float64(18084.77278435916)]"
synthetic_transient,transient_scan_4,1.6326530612244898,mq137,100.4512346112509,narcotic_voc,27.0,54.0,1013.25,2,room_1,"[np.float64(29300.133240788426), np.float64(20213.181817411663), np.float64(13737.65930217047), np.float64(7852.394622198334), np.float64(8781.170718373363), np.float64(10632.923248780877), np.float64(11274.16653350745), np.float64(26265.401446028445), np.float64(19030.56970706312), np.float64(18084.77278435916)]"
synthetic_transient,transient_scan_4,1.836734693877551,mq137,100.10722541698583,narcotic_voc,27.0,54.0,1013.25,2,room_1,"[np.float64(29300.133240788426), np.float64(20213.181817411663), np.float64(13737.65930217047), np.float64(7852.394622198334), np.float64(8781.170718373363), np.float64(10632.923248780877), np.float64(11274.16653350745), np.float64(26265.401446028445), np.float64(19030.56970706312), np.float64(18084.77278435916)]"
synthetic_transient,transient_scan_4,2.0408163265306123,mq137,99.55909929192893,narcotic_voc,27.0,54.0,1013.25,2,room_1,"[np.float64(29300.133240788426), np.float64(20213.181817411663), np.float64(13737.65930217047), np.float64(7852.394622198334), np.float64(8781.170718373363), np.float64(10632.923248780877), np.float64(11274.16653350745), np.float64(26265.401446028445), np.float64(19030.56970706312), np.float64(18084.77278435916)]"
synthetic_transient,transient_scan_4,2.2448979591836737,mq137,95.06537611009415,narcotic_voc,27.0,54.0,1013.25,2,room_1,"[np.float64(29300.133240788426), np.float64(20213.181817411663), np.float64(13737.65930217047), np.float64(7852.394622198334), np.float64(8781.170718373363), np.float64(10632.923248780877), np.float64(11274.16653350745), np.float64(26265.401446028445), np.float64(19030.56970706312), np.float64(18084.77278435916)]"
synthetic_transient,transient_scan_4,2.4489795918367347,mq137,91.99851039047942,narcotic_voc,27.0,54.0,1013.25,2,room_1,"[np.float64(29300.133240788426), np.float64(20213.181817411663), np.float64(13737.65930217047), np.float64(7852.394622198334), np.float64(8781.170718373363), np.float64(10632.923248780877), np.float64(11274.16653350745), np.float64(26265.401446028445), np.float64(19030.56970706312), np.float64(18084.77278435916)]"
synthetic_transient,transient_scan_4,2.6530612244897958,mq137,88.62333991079485,narcotic_voc,27.0,54.0,1013.25,2,room_1,"[np.float64(29300.133240788426), np.float64(20213.181817411663), np.float64(13737.65930217047), np.float64(7852.394622198334), np.float64(8781.170718373363), np.float64(10632.923248780877), np.float64(11274.16653350745), np.float64(26265.401446028445), np.float64(19030.56970706312), np.float64(18084.77278435916)]"
synthetic_transient,transient_scan_4,2.857142857142857,mq137,85.69066831434955,narcotic_voc,27.0,54.0,1013.25,2,room_1,"[np.float64(29300.133240788426), np.float64(20213.181817411663), np.float64(13737.65930217047), np.float64(7852.394622198334), np.float64(8781.170718373363), np.float64(10632.923248780877), np.float64(11274.16653350745), np.float64(26265.401446028445), np.float64(19030.56970706312), np.float64(18084.77278435916)]"
synthetic_transient,transient_scan_4,3.0612244897959187,mq137,83.54782007908331,narcotic_voc,27.0,54.0,1013.25,2,room_1,"[np.float64(29300.133240788426), np.float64(20213.181817411663), np.float64(13737.65930217047), np.float64(7852.394622198334), np.float64(8781.170718373363), np.float64(10632.923248780877), np.float64(11274.16653350745), np.float64(26265.401446028445), np.float64(19030.56970706312), np.float64(18084.77278435916)]"
synthetic_transient,transient_scan_4,3.2653061224489797,mq137,81.42099219130363,narcotic_voc,27.0,54.0,1013.25,2,room_1,"[np.float64(29300.133240788426), np.float64(20213.181817411663), np.float64(13737.65930217047), np.float64(7852.394622198334), np.float64(8781.170718373363), np.float64(10632.923248780877), np.float64(11274.16653350745), np.float64(26265.401446028445), np.float64(19030.56970706312), np.float64(18084.77278435916)]"
synthetic_transient,transient_scan_4,3.4693877551020407,mq137,79.76784513717926,narcotic_voc,27.0,54.0,1013.25,2,room_1,"[np.float64(29300.133240788426), np.float64(20213.181817411663), np.float64(13737.65930217047), np.float64(7852.394622198334), np.float64(8781.170718373363), np.float64(10632.923248780877), np.float64(11274.16653350745), np.float64(26265.401446028445), np.float64(19030.56970706312), np.float64(18084.77278435916)]"
synthetic_transient,transient_scan_4,3.673469387755102,mq137,77.45747754159358,narcotic_voc,27.0,54.0,1013.25,2,room_1,"[np.float64(29300.133240788426), np.float64(20213.181817411663), np.float64(13737.65930217047), np.float64(7852.394622198334), np.float64(8781.170718373363), np.float64(10632.923248780877), np.float64(11274.16653350745), np.float64(26265.401446028445), np.float64(19030.56970706312), np.float64(18084.77278435916)]"
synthetic_transient,transient_scan_4,3.8775510204081636,mq137,75.96522319249445,narcotic_voc,27.0,54.0,1013.25,2,room_1,"[np.float64(29300.133240788426), np.float64(20213.181817411663), np.float64(13737.65930217047), np.float64(7852.394622198334), np.float64(8781.170718373363), np.float64(10632.923248780877), np.float64(11274.16653350745), np.float64(26265.401446028445), np.float64(19030.56970706312), np.float64(18084.77278435916)]"
synthetic_transient,transient_scan_4,4.081632653061225,mq137,74.45329219709059,narcotic_voc,27.0,54.0,1013.25,2,room_1,"[np.float64(29300.133240788426), np.float64(20213.181817411663), np.float64(13737.65930217047), np.float64(7852.394622198334), np.float64(8781.170718373363), np.float64(10632.923248780877), np.float64(11274.16653350745), np.float64(26265.401446028445), np.float64(19030.56970706312), np.float64(18084.77278435916)]"
synthetic_transient,transient_scan_4,4.285714285714286,mq137,74.10002947580729,narcotic_voc,27.0,54.0,1013.25,2,room_1,"[np.float64(29300.133240788426), np.float64(20213.181817411663), np.float64(13737.65930217047), np.float64(7852.394622198334), np.float64(8781.170718373363), np.float64(10632.923248780877), np.float64(11274.16653350745), np.float64(26265.401446028445), np.float64(19030.56970706312), np.float64(18084.77278435916)]"
synthetic_transient,transient_scan_4,4.4897959183673475,mq137,70.61379545257203,narcotic_voc,27.0,54.0,1013.25,2,room_1,"[np.float64(29300.133240788426), np.float64(20213.181817411663), np.float64(13737.65930217047), np.float64(7852.394622198334), np.float64(8781.170718373363), np.float64(10632.923248780877), np.float64(11274.16653350745), np.float64(26265.401446028445), np.float64(19030.56970706312), np.float64(18084.77278435916)]"
synthetic_transient,transient_scan_4,4.6938775510204085,mq137,70.0574358347233,narcotic_voc,27.0,54.0,1013.25,2,room_1,"[np.float64(29300.133240788426), np.float64(20213.181817411663), np.float64(13737.65930217047), np.float64(7852.394622198334), np.float64(8781.170718373363), np.float64(10632.923248780877), np.float64(11274.16653350745), np.float64(26265.401446028445), np.float64(19030.56970706312), np.float64(18084.77278435916)]"
synthetic_transient,transient_scan_4,4.8979591836734695,mq137,70.12941873397673,narcotic_voc,27.0,54.0,1013.25,2,room_1,"[np.float64(29300.133240788426), np.float64(20213.181817411663), np.float64(13737.65930217047), np.float64(7852.394622198334), np.float64(8781.170718373363), np.float64(10632.923248780877), np.float64(11274.16653350745), np.float64(26265.401446028445), np.float64(19030.56970706312), np.float64(18084.77278435916)]"
synthetic_transient,transient_scan_4,5.1020408163265305,mq137,68.30525365152593,narcotic_voc,27.0,54.0,1013.25,2,room_1,"[np.float64(29300.133240788426), np.float64(20213.181817411663), np.float64(13737.65930217047), np.float64(7852.394622198334), np.float64(8781.170718373363), np.float64(10632.923248780877), np.float64(11274.16653350745), np.float64(26265.401446028445), np.float64(19030.56970706312), np.float64(18084.77278435916)]"
synthetic_transient,transient_scan_4,5.3061224489795915,mq137,68.10141755594908,narcotic_voc,27.0,54.0,1013.25,2,room_1,"[np.float64(29300.133240788426), np.float64(20213.181817411663), np.float64(13737.65930217047), np.float64(7852.394622198334), np.float64(8781.170718373363), np.float64(10632.923248780877), np.float64(11274.16653350745), np.float64(26265.401446028445), np.float64(19030.56970706312), np.float64(18084.77278435916)]"
synthetic_transient,transient_scan_4,5.510204081632653,mq137,67.0305887457101,narcotic_voc,27.0,54.0,1013.25,2,room_1,"[np.float64(29300.133240788426), np.float64(20213.181817411663), np.float64(13737.65930217047), np.float64(7852.394622198334), np.float64(8781.170718373363), np.float64(10632.923248780877), np.float64(11274.16653350745), np.float64(26265.401446028445), np.float64(19030.56970706312), np.float64(18084.77278435916)]"
synthetic_transient,transient_scan_4,5.714285714285714,mq137,67.29732301324285,narcotic_voc,27.0,54.0,1013.25,2,room_1,"[np.float64(29300.133240788426), np.float64(20213.181817411663), np.float64(13737.65930217047), np.float64(7852.394622198334), np.float64(8781.170718373363), np.float64(10632.923248780877), np.float64(11274.16653350745), np.float64(26265.401446028445), np.float64(19030.56970706312), np.float64(18084.77278435916)]"
synthetic_transient,transient_scan_4,5.918367346938775,mq137,65.08241095979328,narcotic_voc,27.0,54.0,1013.25,2,room_1,"[np.float64(29300.133240788426), np.float64(20213.181817411663), np.float64(13737.65930217047), np.float64(7852.394622198334), np.float64(8781.170718373363), np.float64(10632.923248780877), np.float64(11274.16653350745), np.float64(26265.401446028445), np.float64(19030.56970706312), np.float64(18084.77278435916)]"
synthetic_transient,transient_scan_4,6.122448979591837,mq137,65.70282024909586,narcotic_voc,27.0,54.0,1013.25,2,room_1,"[np.float64(29300.133240788426), np.float64(20213.181817411663), np.float64(13737.65930217047), np.float64(7852.394622198334), np.float64(8781.170718373363), np.float64(10632.923248780877), np.float64(11274.16653350745), np.float64(26265.401446028445), np.float64(19030.56970706312), np.float64(18084.77278435916)]"
synthetic_transient,transient_scan_4,6.326530612244898,mq137,65.47275718690702,narcotic_voc,27.0,54.0,1013.25,2,room_1,"[np.float64(29300.133240788426), np.float64(20213.181817411663), np.float64(13737.65930217047), np.float64(7852.394622198334), np.float64(8781.170718373363), np.float64(10632.923248780877), np.float64(11274.16653350745), np.float64(26265.401446028445), np.float64(19030.56970706312), np.float64(18084.77278435916)]"
synthetic_transient,transient_scan_4,6.530612244897959,mq137,63.6447207494502,narcotic_voc,27.0,54.0,1013.25,2,room_1,"[np.float64(29300.133240788426), np.float64(20213.181817411663), np.float64(13737.65930217047), np.float64(7852.394622198334), np.float64(8781.170718373363), np.float64(10632.923248780877), np.float64(11274.16653350745), np.float64(26265.401446028445), np.float64(19030.56970706312), np.float64(18084.77278435916)]"
synthetic_transient,transient_scan_4,6.73469387755102,mq137,64.14059774788267,narcotic_voc,27.0,54.0,1013.25,2,room_1,"[np.float64(29300.133240788426), np.float64(20213.181817411663), np.float64(13737.65930217047), np.float64(7852.394622198334), np.float64(8781.170718373363), np.float64(10632.923248780877), np.float64(11274.16653350745), np.float64(26265.401446028445), np.float64(19030.56970706312), np.float64(18084.77278435916)]"
synthetic_transient,transient_scan_4,6.938775510204081,mq137,62.90271746733445,narcotic_voc,27.0,54.0,1013.25,2,room_1,"[np.float64(29300.133240788426), np.float64(20213.181817411663), np.float64(13737.65930217047), np.float64(7852.394622198334), np.float64(8781.170718373363), np.float64(10632.923248780877), np.float64(11274.16653350745), np.float64(26265.401446028445), np.float64(19030.56970706312), np.float64(18084.77278435916)]"
synthetic_transient,transient_scan_4,7.142857142857143,mq137,63.07213226589828,narcotic_voc,27.0,54.0,1013.25,2,room_1,"[np.float64(29300.133240788426), np.float64(20213.181817411663), np.float64(13737.65930217047), np.float64(7852.394622198334), np.float64(8781.170718373363), np.float64(10632.923248780877), np.float64(11274.16653350745), np.float64(26265.401446028445), np.float64(19030.56970706312), np.float64(18084.77278435916)]"
synthetic_transient,transient_scan_4,7.346938775510204,mq137,62.63220118641755,narcotic_voc,27.0,54.0,1013.25,2,room_1,"[np.float64(29300.133240788426), np.float64(20213.181817411663), np.float64(13737.65930217047), np.float64(7852.394622198334), np.float64(8781.170718373363), np.float64(10632.923248780877), np.float64(11274.16653350745), np.float64(26265.401446028445), np.float64(19030.56970706312), np.float64(18084.77278435916)]"
synthetic_transient,transient_scan_4,7.551020408163265,mq137,61.291329986383715,narcotic_voc,27.0,54.0,1013.25,2,room_1,"[np.float64(29300.133240788426), np.float64(20213.181817411663), np.float64(13737.65930217047), np.float64(7852.394622198334), np.float64(8781.170718373363), np.float64(10632.923248780877), np.float64(11274.16653350745), np.float64(26265.401446028445), np.float64(19030.56970706312), np.float64(18084.77278435916)]"
synthetic_transient,transient_scan_4,7.755102040816327,mq137,62.4630132976302,narcotic_voc,27.0,54.0,1013.25,2,room_1,"[np.float64(29300.133240788426), np.float64(20213.181817411663), np.float64(13737.65930217047), np.float64(7852.394622198334), np.float64(8781.170718373363), np.float64(10632.923248780877), np.float64(11274.16653350745), np.float64(26265.401446028445), np.float64(19030.56970706312), np.float64(18084.77278435916)]"
synthetic_transient,transient_scan_4,7.959183673469388,mq137,62.10421237841799,narcotic_voc,27.0,54.0,1013.25,2,room_1,"[np.float64(29300.133240788426), np.float64(20213.181817411663), np.float64(13737.65930217047), np.float64(7852.394622198334), np.float64(8781.170718373363), np.float64(10632.923248780877), np.float64(11274.16653350745), np.float64(26265.401446028445), np.float64(19030.56970706312), np.float64(18084.77278435916)]"
synthetic_transient,transient_scan_4,8.16326530612245,mq137,62.57491078062886,narcotic_voc,27.0,54.0,1013.25,2,room_1,"[np.float64(29300.133240788426), np.float64(20213.181817411663), np.float64(13737.65930217047), np.float64(7852.394622198334), np.float64(8781.170718373363), np.float64(10632.923248780877), np.float64(11274.16653350745), np.float64(26265.401446028445), np.float64(19030.56970706312), np.float64(18084.77278435916)]"
synthetic_transient,transient_scan_4,8.36734693877551,mq137,61.96289869664946,narcotic_voc,27.0,54.0,1013.25,2,room_1,"[np.float64(29300.133240788426), np.float64(20213.181817411663), np.float64(13737.65930217047), np.float64(7852.394622198334), np.float64(8781.170718373363), np.float64(10632.923248780877), np.float64(11274.16653350745), np.float64(26265.401446028445), np.float64(19030.56970706312), np.float64(18084.77278435916)]"
synthetic_transient,transient_scan_4,8.571428571428571,mq137,62.64199601672885,narcotic_voc,27.0,54.0,1013.25,2,room_1,"[np.float64(29300.133240788426), np.float64(20213.181817411663), np.float64(13737.65930217047), np.float64(7852.394622198334), np.float64(8781.170718373363), np.float64(10632.923248780877), np.float64(11274.16653350745), np.float64(26265.401446028445), np.float64(19030.56970706312), np.float64(18084.77278435916)]"
synthetic_transient,transient_scan_4,8.775510204081632,mq137,61.40489856870782,narcotic_voc,27.0,54.0,1013.25,2,room_1,"[np.float64(29300.133240788426), np.float64(20213.181817411663), np.float64(13737.65930217047), np.float64(7852.394622198334), np.float64(8781.170718373363), np.float64(10632.923248780877), np.float64(11274.16653350745), np.float64(26265.401446028445), np.float64(19030.56970706312), np.float64(18084.77278435916)]"
synthetic_transient,transient_scan_4,8.979591836734695,mq137,61.16751887296768,narcotic_voc,27.0,54.0,1013.25,2,room_1,"[np.float64(29300.133240788426), np.float64(20213.181817411663), np.float64(13737.65930217047), np.float64(7852.394622198334), np.float64(8781.170718373363), np.float64(10632.923248780877), np.float64(11274.16653350745), np.float64(26265.401446028445), np.float64(19030.56970706312), np.float64(18084.77278435916)]"
synthetic_transient,transient_scan_4,9.183673469387756,mq137,61.00972912010405,narcotic_voc,27.0,54.0,1013.25,2,room_1,"[np.float64(29300.133240788426), np.float64(20213.181817411663), np.float64(13737.65930217047), np.float64(7852.394622198334), np.float64(8781.170718373363), np.float64(10632.923248780877), np.float64(11274.16653350745), np.float64(26265.401446028445), np.float64(19030.56970706312), np.float64(18084.77278435916)]"
synthetic_transient,transient_scan_4,9.387755102040817,mq137,60.775220017280404,narcotic_voc,27.0,54.0,1013.25,2,room_1,"[np.float64(29300.133240788426), np.float64(20213.181817411663), np.float64(13737.65930217047), np.float64(7852.394622198334), np.float64(8781.170718373363), np.float64(10632.923248780877), np.float64(11274.16653350745), np.float64(26265.401446028445), np.float64(19030.56970706312), np.float64(18084.77278435916)]"
synthetic_transient,transient_scan_4,9.591836734693878,mq137,59.79461525094044,narcotic_voc,27.0,54.0,1013.25,2,room_1,"[np.float64(29300.133240788426), np.float64(20213.181817411663), np.float64(13737.65930217047), np.float64(7852.394622198334), np.float64(8781.170718373363), np.float64(10632.923248780877), np.float64(11274.16653350745), np.float64(26265.401446028445), np.float64(19030.56970706312), np.float64(18084.77278435916)]"
synthetic_transient,transient_scan_4,9.795918367346939,mq137,60.70123323253356,narcotic_voc,27.0,54.0,1013.25,2,room_1,"[np.float64(29300.133240788426), np.float64(20213.181817411663), np.float64(13737.65930217047), np.float64(7852.394622198334), np.float64(8781.170718373363), np.float64(10632.923248780877), np.float64(11274.16653350745), np.float64(26265.401446028445), np.float64(19030.56970706312), np.float64(18084.77278435916)]"
synthetic_transient,transient_scan_4,10.0,mq137,59.69869819233137,narcotic_voc,27.0,54.0,1013.25,2,room_1,"[np.float64(29300.133240788426), np.float64(20213.181817411663), np.float64(13737.65930217047), np.float64(7852.394622198334), np.float64(8781.170718373363), np.float64(10632.923248780877), np.float64(11274.16653350745), np.float64(26265.401446028445), np.float64(19030.56970706312), np.float64(18084.77278435916)]"
synthetic_transient,transient_scan_4,0.0,mq138,100.22601667229289,narcotic_voc,27.0,54.0,1013.25,2,room_1,"[np.float64(29300.133240788426), np.float64(20213.181817411663), np.float64(13737.65930217047), np.float64(7852.394622198334), np.float64(8781.170718373363), np.float64(10632.923248780877), np.float64(11274.16653350745), np.float64(26265.401446028445), np.float64(19030.56970706312), np.float64(18084.77278435916)]"
synthetic_transient,transient_scan_4,0.20408163265306123,mq138,99.3799698537647,narcotic_voc,27.0,54.0,1013.25,2,room_1,"[np.float64(29300.133240788426), np.float64(20213.181817411663), np.float64(13737.65930217047), np.float64(7852.394622198334), np.float64(8781.170718373363), np.float64(10632.923248780877), np.float64(11274.16653350745), np.float64(26265.401446028445), np.float64(19030.56970706312), np.float64(18084.77278435916)]"
synthetic_transient,transient_scan_4,0.40816326530612246,mq138,99.55283368845579,narcotic_voc,27.0,54.0,1013.25,2,room_1,"[np.float64(29300.133240788426), np.float64(20213.181817411663), np.float64(13737.65930217047), np.float64(7852.394622198334), np.float64(8781.170718373363), np.float64(10632.923248780877), np.float64(11274.16653350745), np.float64(26265.401446028445), np.float64(19030.56970706312), np.float64(18084.77278435916)]"
synthetic_transient,transient_scan_4,0.6122448979591837,mq138,99.66529490258372,narcotic_voc,27.0,54.0,1013.25,2,room_1,"[np.float64(29300.133240788426), np.float64(20213.181817411663), np.float64(13737.65930217047), np.float64(7852.394622198334), np.float64(8781.170718373363), np.float64(10632.923248780877), np.float64(11274.16653350745), np.float64(26265.401446028445), np.float64(19030.56970706312), np.float64(18084.77278435916)]"
synthetic_transient,transient_scan_4,0.8163265306122449,mq138,99.89753248109338,narcotic_voc,27.0,54.0,1013.25,2,room_1,"[np.float64(29300.133240788426), np.float64(20213.181817411663), np.float64(13737.65930217047), np.float64(7852.394622198334), np.float64(8781.170718373363), np.float64(10632.923248780877), np.float64(11274.16653350745), np.float64(26265.401446028445), np.float64(19030.56970706312), np.float64(18084.77278435916)]"
synthetic_transient,transient_scan_4,1.0204081632653061,mq138,100.00343412746952,narcotic_voc,27.0,54.0,1013.25,2,room_1,"[np.float64(29300.133240788426), np.float64(20213.181817411663), np.float64(13737.65930217047), np.float64(7852.394622198334), np.float64(8781.170718373363), np.float64(10632.923248780877), np.float64(11274.16653350745), np.float64(26265.401446028445), np.float64(19030.56970706312), np.float64(18084.77278435916)]"
synthetic_transient,transient_scan_4,1.2244897959183674,mq138,100.54223979153653,narcotic_voc,27.0,54.0,1013.25,2,room_1,"[np.float64(29300.133240788426), np.float64(20213.181817411663), np.float64(13737.65930217047), np.float64(7852.394622198334), np.float64(8781.170718373363), np.float64(10632.923248780877), np.float64(11274.16653350745), np.float64(26265.401446028445), np.float64(19030.56970706312), np.float64(18084.77278435916)]"
synthetic_transient,transient_scan_4,1.4285714285714286,mq138,99.71123495324622,narcotic_voc,27.0,54.0,1013.25,2,room_1,"[np.float64(29300.133240788426), np.float64(20213.181817411663), np.float64(13737.65930217047), np.float64(7852.394622198334), np.float64(8781.170718373363), np.float64(10632.923248780877), np.float64(11274.16653350745), np.float64(26265.401446028445), np.float64(19030.56970706312), np.float64(18084.77278435916)]"
synthetic_transient,transient_scan_4,1.6326530612244898,mq138,100.24007306811119,narcotic_voc,27.0,54.0,1013.25,2,room_1,"[np.float64(29300.133240788426), np.float64(20213.181817411663), np.float64(13737.65930217047), np.float64(7852.394622198334), np.float64(8781.170718373363), np.float64(10632.923248780877), np.float64(11274.16653350745), np.float64(26265.401446028445), np.float64(19030.56970706312), np.float64(18084.77278435916)]"
synthetic_transient,transient_scan_4,1.836734693877551,mq138,101.36543361661178,narcotic_voc,27.0,54.0,1013.25,2,room_1,"[np.float64(29300.133240788426), np.float64(20213.181817411663), np.float64(13737.65930217047), np.float64(7852.394622198334), np.float64(8781.170718373363), np.float64(10632.923248780877), np.float64(11274.16653350745), np.float64(26265.401446028445), np.float64(19030.56970706312), np.float64(18084.77278435916)]"
synthetic_transient,transient_scan_4,2.0408163265306123,mq138,99.3806223055298,narcotic_voc,27.0,54.0,1013.25,2,room_1,"[np.float64(29300.133240788426), np.float64(20213.181817411663), np.float64(13737.65930217047), np.float64(7852.394622198334), np.float64(8781.170718373363), np.float64(10632.923248780877), np.float64(11274.16653350745), np.float64(26265.401446028445), np.float64(19030.56970706312), np.float64(18084.77278435916)]"
synthetic_transient,transient_scan_4,2.2448979591836737,mq138,95.29979687158854,narcotic_voc,27.0,54.0,1013.25,2,room_1,"[np.float64(29300.133240788426), np.float64(20213.181817411663), np.float64(13737.65930217047), np.float64(7852.394622198334), np.float64(8781.170718373363), np.float64(10632.923248780877), np.float64(11274.16653350745), np.float64(26265.401446028445), np.float64(19030.56970706312), np.float64(18084.77278435916)]"
synthetic_transient,transient_scan_4,2.4489795918367347,mq138,91.56737333168694,narcotic_voc,27.0,54.0,1013.25,2,room_1,"[np.float64(29300.133240788426), np.float64(20213.181817411663), np.float64(13737.65930217047), np.float64(7852.394622198334), np.float64(8781.170718373363), np.float64(10632.923248780877), np.float64(11274.16653350745), np.float64(26265.401446028445), np.float64(19030.56970706312), np.float64(18084.77278435916)]"
synthetic_transient,transient_scan_4,2.6530612244897958,mq138,88.75972584148008,narcotic_voc,27.0,54.0,1013.25,2,room_1,"[np.float64(29300.133240788426), np.float64(20213.181817411663), np.float64(13737.65930217047), np.float64(7852.394622198334), np.float64(8781.170718373363), np.float64(10632.923248780877), np.float64(11274.16653350745), np.float64(26265.401446028445), np.float64(19030.56970706312), np.float64(18084.77278435916)]"
synthetic_transient,transient_scan_4,2.857142857142857,mq138,85.61445212943752,narcotic_voc,27.0,54.0,1013.25,2,room_1,"[np.float64(29300.133240788426), np.float64(20213.181817411663), np.float64(13737.65930217047), np.float64(7852.394622198334), np.float64(8781.170718373363), np.float64(10632.923248780877), np.float64(11274.16653350745), np.float64(26265.401446028445), np.float64(19030.56970706312), np.float64(18084.77278435916)]"
synthetic_transient,transient_scan_4,3.0612244897959187,mq138,83.66411909669037,narcotic_voc,27.0,54.0,1013.25,2,room_1,"[np.float64(29300.133240788426), np.float64(20213.181817411663), np.float64(13737.65930217047), np.float64(7852.394622198334), np.float64(8781.170718373363), np.float64(10632.923248780877), np.float64(11274.16653350745), np.float64(26265.401446028445), np.float64(19030.56970706312), np.float64(18084.77278435916)]"
synthetic_transient,transient_scan_4,3.2653061224489797,mq138,81.29899907254429,narcotic_voc,27.0,54.0,1013.25,2,room_1,"[np.float64(29300.133240788426), np.float64(20213.181817411663), np.float64(13737.65930217047), np.float64(7852.394622198334), np.float64(8781.170718373363), np.float64(10632.923248780877), np.float64(11274.16653350745), np.float64(26265.401446028445), np.float64(19030.56970706312), np.float64(18084.77278435916)]"
synthetic_transient,transient_scan_4,3.4693877551020407,mq138,78.10498114274287,narcotic_voc,27.0,54.0,1013.25,2,room_1,"[np.float64(29300.133240788426), np.float64(20213.181817411663), np.float64(13737.65930217047), np.float64(7852.394622198334), np.float64(8781.170718373363), np.float64(10632.923248780877), np.float64(11274.16653350745), np.float64(26265.401446028445), np.float64(19030.56970706312), np.float64(18084.77278435916)]"
synthetic_transient,transient_scan_4,3.673469387755102,mq138,77.31562077506109,narcotic_voc,27.0,54.0,1013.25,2,room_1,"[np.float64(29300.133240788426), np.float64(20213.181817411663), np.float64(13737.65930217047), np.float64(7852.394622198334), np.float64(8781.170718373363), np.float64(10632.923248780877), np.float64(11274.16653350745), np.float64(26265.401446028445), np.float64(19030.56970706312), np.float64(18084.77278435916)]"
synthetic_transient,transient_scan_4,3.8775510204081636,mq138,76.18233108133369,narcotic_voc,27.0,54.0,1013.25,2,room_1,"[np.float64(29300.133240788426), np.float64(20213.181817411663), np.float64(13737.65930217047), np.float64(7852.394622198334), np.float64(8781.170718373363), np.float64(10632.923248780877), np.float64(11274.16653350745), np.float64(26265.401446028445), np.float64(19030.56970706312), np.float64(18084.77278435916)]"
synthetic_transient,transient_scan_4,4.081632653061225,mq138,73.92709468436445,narcotic_voc,27.0,54.0,1013.25,2,room_1,"[np.float64(29300.133240788426), np.float64(20213.181817411663), np.float64(13737.65930217047), np.float64(7852.394622198334), np.float64(8781.170718373363), np.float64(10632.923248780877), np.float64(11274.16653350745), np.float64(26265.401446028445), np.float64(19030.56970706312), np.float64(18084.77278435916)]"
synthetic_transient,transient_scan_4,4.285714285714286,mq138,72.42981390675303,narcotic_voc,27.0,54.0,1013.25,2,room_1,"[np.float64(29300.133240788426), np.float64(20213.181817411663), np.float64(13737.65930217047), np.float64(7852.394622198334), np.float64(8781.170718373363), np.float64(10632.923248780877), np.float64(11274.16653350745), np.float64(26265.401446028445), np.float64(19030.56970706312), np.float64(18084.77278435916)]"
synthetic_transient,transient_scan_4,4.4897959183673475,mq138,70.82996126764989,narcotic_voc,27.0,54.0,1013.25,2,room_1,"[np.float64(29300.133240788426), np.float64(20213.181817411663), np.float64(13737.65930217047), np.float64(7852.394622198334), np.float64(8781.170718373363), np.float64(10632.923248780877), np.float64(11274.16653350745), np.float64(26265.401446028445), np.float64(19030.56970706312), np.float64(18084.77278435916)]"
synthetic_transient,transient_scan_4,4.6938775510204085,mq138,69.47240674732967,narcotic_voc,27.0,54.0,1013.25,2,room_1,"[np.float64(29300.133240788426), np.float64(20213.181817411663), np.float64(13737.65930217047), np.float64(7852.394622198334), np.float64(8781.170718373363), np.float64(10632.923248780877), np.float64(11274.16653350745), np.float64(26265.401446028445), np.float64(19030.56970706312), np.float64(18084.77278435916)]"
synthetic_transient,transient_scan_4,4.8979591836734695,mq138,69.80806534126432,narcotic_voc,27.0,54.0,1013.25,2,room_1,"[np.float64(29300.133240788426), np.float64(20213.181817411663), np.float64(13737.65930217047), np.float64(7852.394622198334), np.float64(8781.170718373363), np.float64(10632.923248780877), np.float64(11274.16653350745), np.float64(26265.401446028445), np.float64(19030.56970706312), np.float64(18084.77278435916)]"
synthetic_transient,transient_scan_4,5.1020408163265305,mq138,68.39052102416306,narcotic_voc,27.0,54.0,1013.25,2,room_1,"[np.float64(29300.133240788426), np.float64(20213.181817411663), np.float64(13737.65930217047), np.float64(7852.394622198334), np.float64(8781.170718373363), np.float64(10632.923248780877), np.float64(11274.16653350745), np.float64(26265.401446028445), np.float64(19030.56970706312), np.float64(18084.77278435916)]"
synthetic_transient,transient_scan_4,5.3061224489795915,mq138,68.04452676814994,narcotic_voc,27.0,54.0,1013.25,2,room_1,"[np.float64(29300.133240788426), np.float64(20213.181817411663), np.float64(13737.65930217047), np.float64(7852.394622198334), np.float64(8781.170718373363), np.float64(10632.923248780877), np.float64(11274.16653350745), np.float64(26265.401446028445), np.float64(19030.56970706312), np.float64(18084.77278435916)]"
synthetic_transient,transient_scan_4,5.510204081632653,mq138,67.68124585611842,narcotic_voc,27.0,54.0,1013.25,2,room_1,"[np.float64(29300.133240788426), np.float64(20213.181817411663), np.float64(13737.65930217047), np.float64(7852.394622198334), np.float64(8781.170718373363), np.float64(10632.923248780877), np.float64(11274.16653350745), np.float64(26265.401446028445), np.float64(19030.56970706312), np.float64(18084.77278435916)]"
synthetic_transient,transient_scan_4,5.714285714285714,mq138,66.70534565509402,narcotic_voc,27.0,54.0,1013.25,2,room_1,"[np.float64(29300.133240788426), np.float64(20213.181817411663), np.float64(13737.65930217047), np.float64(7852.394622198334), np.float64(8781.170718373363), np.float64(10632.923248780877), np.float64(11274.16653350745), np.float64(26265.401446028445), np.float64(19030.56970706312), np.float64(18084.77278435916)]"
synthetic_transient,transient_scan_4,5.918367346938775,mq138,65.36775201260573,narcotic_voc,27.0,54.0,1013.25,2,room_1,"[np.float64(29300.133240788426), np.float64(20213.181817411663), np.float64(13737.65930217047), np.float64(7852.394622198334), np.float64(8781.170718373363), np.float64(10632.923248780877), np.float64(11274.16653350745), np.float64(26265.401446028445), np.float64(19030.56970706312), np.float64(18084.77278435916)]"
synthetic_transient,transient_scan_4,6.122448979591837,mq138,65.16435380516525,narcotic_voc,27.0,54.0,1013.25,2,room_1,"[np.float64(29300.133240788426), np.float64(20213.181817411663), np.float64(13737.65930217047), np.float64(7852.394622198334), np.float64(8781.170718373363), np.float64(10632.923248780877), np.float64(11274.16653350745), np.float64(26265.401446028445), np.float64(19030.56970706312), np.float64(18084.77278435916)]"
synthetic_transient,transient_scan_4,6.326530612244898,mq138,64.29058010169231,narcotic_voc,27.0,54.0,1013.25,2,room_1,"[np.float64(29300.133240788426), np.float64(20213.181817411663), np.float64(13737.65930217047), np.float64(7852.394622198334), np.float64(8781.170718373363), np.float64(10632.923248780877), np.float64(11274.16653350745), np.float64(26265.401446028445), np.float64(19030.56970706312), np.float64(18084.77278435916)]"
synthetic_transient,transient_scan_4,6.530612244897959,mq138,63.79778595673337,narcotic_voc,27.0,54.0,1013.25,2,room_1,"[np.float64(29300.133240788426), np.float64(20213.181817411663), np.float64(13737.65930217047), np.float64(7852.394622198334), np.float64(8781.170718373363), np.float64(10632.923248780877), np.float64(11274.16653350745), np.float64(26265.401446028445), np.float64(19030.56970706312), np.float64(18084.77278435916)]"
synthetic_transient,transient_scan_4,6.73469387755102,mq138,63.92057020729331,narcotic_voc,27.0,54.0,1013.25,2,room_1,"[np.float64(29300.133240788426), np.float64(20213.181817411663), np.float64(13737.65930217047), np.float64(7852.394622198334), np.float64(8781.170718373363), np.float64(10632.923248780877), np.float64(11274.16653350745), np.float64(26265.401446028445), np.float64(19030.56970706312), np.float64(18084.77278435916)]"
synthetic_transient,transient_scan_4,6.938775510204081,mq138,62.96931951868989,narcotic_voc,27.0,54.0,1013.25,2,room_1,"[np.float64(29300.133240788426), np.float64(20213.181817411663), np.float64(13737.65930217047), np.float64(7852.394622198334), np.float64(8781.170718373363), np.float64(10632.923248780877), np.float64(11274.16653350745), np.float64(26265.401446028445), np.float64(19030.56970706312), np.float64(18084.77278435916)]"
synthetic_transient,transient_scan_4,7.142857142857143,mq138,61.95247567008637,narcotic_voc,27.0,54.0,1013.25,2,room_1,"[np.float64(29300.133240788426), np.float64(20213.181817411663), np.float64(13737.65930217047), np.float64(7852.394622198334), np.float64(8781.170718373363), np.float64(10632.923248780877), np.float64(11274.16653350745), np.float64(26265.401446028445), np.float64(19030.56970706312), np.float64(18084.77278435916)]"
synthetic_transient,transient_scan_4,7.346938775510204,mq138,62.31642120364495,narcotic_voc,27.0,54.0,1013.25,2,room_1,"[np.float64(29300.133240788426), np.float64(20213.181817411663), np.float64(13737.65930217047), np.float64(7852.394622198334), np.float64(8781.170718373363), np.float64(10632.923248780877), np.float64(11274.16653350745), np.float64(26265.401446028445), np.float64(19030.56970706312), np.float64(18084.77278435916)]"
synthetic_transient,transient_scan_4,7.551020408163265,mq138,62.33926637948988,narcotic_voc,27.0,54.0,1013.25,2,room_1,"[np.float64(29300.133240788426), np.float64(20213.181817411663), np.float64(13737.65930217047), np.float64(7852.394622198334), np.float64(8781.170718373363), np.float64(10632.923248780877), np.float64(11274.16653350745), np.float64(26265.401446028445), np.float64(19030.56970706312), np.float64(18084.77278435916)]"
synthetic_transient,transient_scan_4,7.755102040816327,mq138,63.01159541669021,narcotic_voc,27.0,54.0,1013.25,2,room_1,"[np.float64(29300.133240788426), np.float64(20213.181817411663), np.float64(13737.65930217047), np.float64(7852.394622198334), np.float64(8781.170718373363), np.float64(10632.923248780877), np.float64(11274.16653350745), np.float64(26265.401446028445), np.float64(19030.56970706312), np.float64(18084.77278435916)]"
synthetic_transient,transient_scan_4,7.959183673469388,mq138,61.78707406967919,narcotic_voc,27.0,54.0,1013.25,2,room_1,"[np.float64(29300.133240788426), np.float64(20213.181817411663), np.float64(13737.65930217047), np.float64(7852.394622198334), np.float64(8781.170718373363), np.float64(10632.923248780877), np.float64(11274.16653350745), np.float64(26265.401446028445), np.float64(19030.56970706312), np.float64(18084.77278435916)]"
synthetic_transient,transient_scan_4,8.16326530612245,mq138,62.09133333944062,narcotic_voc,27.0,54.0,1013.25,2,room_1,"[np.float64(29300.133240788426), np.float64(20213.181817411663), np.float64(13737.65930217047), np.float64(7852.394622198334), np.float64(8781.170718373363), np.float64(10632.923248780877), np.float64(11274.16653350745), np.float64(26265.401446028445), np.float64(19030.56970706312), np.float64(18084.77278435916)]"
synthetic_transient,transient_scan_4,8.36734693877551,mq138,61.57317275234366,narcotic_voc,27.0,54.0,1013.25,2,room_1,"[np.float64(29300.133240788426), np.float64(20213.181817411663), np.float64(13737.65930217047), np.float64(7852.394622198334), np.float64(8781.170718373363), np.float64(10632.923248780877), np.float64(11274.16653350745), np.float64(26265.401446028445), np.float64(19030.56970706312), np.float64(18084.77278435916)]"
synthetic_transient,transient_scan_4,8.571428571428571,mq138,62.10975662662466,narcotic_voc,27.0,54.0,1013.25,2,room_1,"[np.float64(29300.133240788426), np.float64(20213.181817411663), np.float64(13737.65930217047), np.float64(7852.394622198334), np.float64(8781.170718373363), np.float64(10632.923248780877), np.float64(11274.16653350745), np.float64(26265.401446028445), np.float64(19030.56970706312), np.float64(18084.77278435916)]"
synthetic_transient,transient_scan_4,8.775510204081632,mq138,61.92992557040044,narcotic_voc,27.0,54.0,1013.25,2,room_1,"[np.float64(29300.133240788426), np.float64(20213.181817411663), np.float64(13737.65930217047), np.float64(7852.394622198334), np.float64(8781.170718373363), np.float64(10632.923248780877), np.float64(11274.16653350745), np.float64(26265.401446028445), np.float64(19030.56970706312), np.float64(18084.77278435916)]"
synthetic_transient,transient_scan_4,8.979591836734695,mq138,61.8083714515888,narcotic_voc,27.0,54.0,1013.25,2,room_1,"[np.float64(29300.133240788426), np.float64(20213.181817411663), np.float64(13737.65930217047), np.float64(7852.394622198334), np.float64(8781.170718373363), np.float64(10632.923248780877), np.float64(11274.16653350745), np.float64(26265.401446028445), np.float64(19030.56970706312), np.float64(18084.77278435916)]"
synthetic_transient,transient_scan_4,9.183673469387756,mq138,60.234915680753915,narcotic_voc,27.0,54.0,1013.25,2,room_1,"[np.float64(29300.133240788426), np.float64(20213.181817411663), np.float64(13737.65930217047), np.float64(7852.394622198334), np.float64(8781.170718373363), np.float64(10632.923248780877), np.float64(11274.16653350745), np.float64(26265.401446028445), np.float64(19030.56970706312), np.float64(18084.77278435916)]"
synthetic_transient,transient_scan_4,9.387755102040817,mq138,61.098376396418786,narcotic_voc,27.0,54.0,1013.25,2,room_1,"[np.float64(29300.133240788426), np.float64(20213.181817411663), np.float64(13737.65930217047), np.float64(7852.394622198334), np.float64(8781.170718373363), np.float64(10632.923248780877), np.float64(11274.16653350745), np.float64(26265.401446028445), np.float64(19030.56970706312), np.float64(18084.77278435916)]"
synthetic_transient,transient_scan_4,9.591836734693878,mq138,61.2779600091927,narcotic_voc,27.0,54.0,1013.25,2,room_1,"[np.float64(29300.133240788426), np.float64(20213.181817411663), np.float64(13737.65930217047), np.float64(7852.394622198334), np.float64(8781.170718373363), np.float64(10632.923248780877), np.float64(11274.16653350745), np.float64(26265.401446028445), np.float64(19030.56970706312), np.float64(18084.77278435916)]"
synthetic_transient,transient_scan_4,9.795918367346939,mq138,61.0020998273322,narcotic_voc,27.0,54.0,1013.25,2,room_1,"[np.float64(29300.133240788426), np.float64(20213.181817411663), np.float64(13737.65930217047), np.float64(7852.394622198334), np.float64(8781.170718373363), np.float64(10632.923248780877), np.float64(11274.16653350745), np.float64(26265.401446028445), np.float64(19030.56970706312), np.float64(18084.77278435916)]"
synthetic_transient,transient_scan_4,10.0,mq138,61.05092371846028,narcotic_voc,27.0,54.0,1013.25,2,room_1,"[np.float64(29300.133240788426), np.float64(20213.181817411663), np.float64(13737.65930217047), np.float64(7852.394622198334), np.float64(8781.170718373363), np.float64(10632.923248780877), np.float64(11274.16653350745), np.float64(26265.401446028445), np.float64(19030.56970706312), np.float64(18084.77278435916)]"
synthetic_transient,transient_scan_4,0.0,tgs2620,100.02917550214273,narcotic_voc,27.0,54.0,1013.25,2,room_1,"[np.float64(29300.133240788426), np.float64(20213.181817411663), np.float64(13737.65930217047), np.float64(7852.394622198334), np.float64(8781.170718373363), np.float64(10632.923248780877), np.float64(11274.16653350745), np.float64(26265.401446028445), np.float64(19030.56970706312), np.float64(18084.77278435916)]"
synthetic_transient,transient_scan_4,0.20408163265306123,tgs2620,99.62760789663673,narcotic_voc,27.0,54.0,1013.25,2,room_1,"[np.float64(29300.133240788426), np.float64(20213.181817411663), np.float64(13737.65930217047), np.float64(7852.394622198334), np.float64(8781.170718373363), np.float64(10632.923248780877), np.float64(11274.16653350745), np.float64(26265.401446028445), np.float64(19030.56970706312), np.float64(18084.77278435916)]"
synthetic_transient,transient_scan_4,0.40816326530612246,tgs2620,99.15145130750687,narcotic_voc,27.0,54.0,1013.25,2,room_1,"[np.float64(29300.133240788426), np.float64(20213.181817411663), np.float64(13737.65930217047), np.float64(7852.394622198334), np.float64(8781.170718373363), np.float64(10632.923248780877), np.float64(11274.16653350745), np.float64(26265.401446028445), np.float64(19030.56970706312), np.float64(18084.77278435916)]"
synthetic_transient,transient_scan_4,0.6122448979591837,tgs2620,99.67721528567576,narcotic_voc,27.0,54.0,1013.25,2,room_1,"[np.float64(29300.133240788426), np.float64(20213.181817411663), np.float64(13737.65930217047), np.float64(7852.394622198334), np.float64(8781.170718373363), np.float64(10632.923248780877), np.float64(11274.16653350745), np.float64(26265.401446028445), np.float64(19030.56970706312), np.float64(18084.77278435916)]"
synthetic_transient,transient_scan_4,0.8163265306122449,tgs2620,101.3390549368192,narcotic_voc,27.0,54.0,1013.25,2,room_1,"[np.float64(29300.133240788426), np.float64(20213.181817411663), np.float64(13737.65930217047), np.float64(7852.394622198334), np.float64(8781.170718373363), np.float64(10632.923248780877), np.float64(11274.16653350745), np.float64(26265.401446028445), np.float64(19030.56970706312), np.float64(18084.77278435916)]"
synthetic_transient,transient_scan_4,1.0204081632653061,tgs2620,99.75717441195467,narcotic_voc,27.0,54.0,1013.25,2,room_1,"[np.float64(29300.133240788426), np.float64(20213.181817411663), np.float64(13737.65930217047), np.float64(7852.394622198334), np.float64(8781.170718373363), np.float64(10632.923248780877), np.float64(11274.16653350745), np.float64(26265.401446028445), np.float64(19030.56970706312), np.float64(18084.77278435916)]"
synthetic_transient,transient_scan_4,1.2244897959183674,tgs2620,99.02030488695463,narcotic_voc,27.0,54.0,1013.25,2,room_1,"[np.float64(29300.133240788426), np.float64(20213.181817411663), np.float64(13737.65930217047), np.float64(7852.394622198334), np.float64(8781.170718373363), np.float64(10632.923248780877), np.float64(11274.16653350745), np.float64(26265.401446028445), np.float64(19030.56970706312), np.float64(18084.77278435916)]"
synthetic_transient,transient_scan_4,1.4285714285714286,tgs2620,100.36632468036454,narcotic_voc,27.0,54.0,1013.25,2,room_1,"[np.float64(29300.133240788426), np.float64(20213.181817411663), np.float64(13737.65930217047), np.float64(7852.394622198334), np.float64(8781.170718373363), np.float64(10632.923248780877), np.float64(11274.16653350745), np.float64(26265.401446028445), np.float64(19030.56970706312), np.float64(18084.77278435916)]"
synthetic_transient,transient_scan_4,1.6326530612244898,tgs2620,100.42773000434133,narcotic_voc,27.0,54.0,1013.25,2,room_1,"[np.float64(29300.133240788426), np.float64(20213.181817411663), np.float64(13737.65930217047), np.float64(7852.394622198334), np.float64(8781.170718373363), np.float64(10632.923248780877), np.float64(11274.16653350745), np.float64(26265.401446028445), np.float64(19030.56970706312), np.float64(18084.77278435916)]"
synthetic_transient,transient_scan_4,1.836734693877551,tgs2620,100.64366219507608,narcotic_voc,27.0,54.0,1013.25,2,room_1,"[np.float64(29300.133240788426), np.float64(20213.181817411663), np.float64(13737.65930217047), np.float64(7852.394622198334), np.float64(8781.170718373363), np.float64(10632.923248780877), np.float64(11274.16653350745), np.float64(26265.401446028445), np.float64(19030.56970706312), np.float64(18084.77278435916)]"
synthetic_transient,transient_scan_4,2.0408163265306123,tgs2620,99.42743620600157,narcotic_voc,27.0,54.0,1013.25,2,room_1,"[np.float64(29300.133240788426), np.float64(20213.181817411663), np.float64(13737.65930217047), np.float64(7852.394622198334), np.float64(8781.170718373363), np.float64(10632.923248780877), np.float64(11274.16653350745), np.float64(26265.401446028445), np.float64(19030.56970706312), np.float64(18084.77278435916)]"
synthetic_transient,transient_scan_4,2.2448979591836737,tgs2620,95.81284252328783,narcotic_voc,27.0,54.0,1013.25,2,room_1,"[np.float64(29300.133240788426), np.float64(20213.181817411663), np.float64(13737.65930217047), np.float64(7852.394622198334), np.float64(8781.170718373363), np.float64(10632.923248780877), np.float64(11274.16653350745), np.float64(26265.401446028445), np.float64(19030.56970706312), np.float64(18084.77278435916)]"
synthetic_transient,transient_scan_4,2.4489795918367347,tgs2620,92.87705772507208,narcotic_voc,27.0,54.0,1013.25,2,room_1,"[np.float64(29300.133240788426), np.float64(20213.181817411663), np.float64(13737.65930217047), np.float64(7852.394622198334), np.float64(8781.170718373363), np.float64(10632.923248780877), np.float64(11274.16653350745), np.float64(26265.401446028445), np.float64(19030.56970706312), np.float64(18084.77278435916)]"
synthetic_transient,transient_scan_4,2.6530612244897958,tgs2620,88.4841548681592,narcotic_voc,27.0,54.0,1013.25,2,room_1,"[np.float64(29300.133240788426), np.float64(20213.181817411663), np.float64(13737.65930217047), np.float64(7852.394622198334), np.float64(8781.170718373363), np.float64(10632.923248780877), np.float64(11274.16653350745), np.float64(26265.401446028445), np.float64(19030.56970706312), np.float64(18084.77278435916)]"
synthetic_transient,transient_scan_4,2.857142857142857,tgs2620,85.58563694853036,narcotic_voc,27.0,54.0,1013.25,2,room_1,"[np.float64(29300.133240788426), np.float64(20213.181817411663), np.float64(13737.65930217047), np.float64(7852.394622198334), np.float64(8781.170718373363), np.float64(10632.923248780877), np.float64(11274.16653350745), np.float64(26265.401446028445), np.float64(19030.56970706312), np.float64(18084.77278435916)]"
synthetic_transient,transient_scan_4,3.0612244897959187,tgs2620,82.98249511357203,narcotic_voc,27.0,54.0,1013.25,2,room_1,"[np.float64(29300.133240788426), np.float64(20213.181817411663), np.float64(13737.65930217047), np.float64(7852.394622198334), np.float64(8781.170718373363), np.float64(10632.923248780877), np.float64(11274.16653350745), np.float64(26265.401446028445), np.float64(19030.56970706312), np.float64(18084.77278435916)]"
synthetic_transient,transient_scan_4,3.2653061224489797,tgs2620,81.11434220997761,narcotic_voc,27.0,54.0,1013.25,2,room_1,"[np.float64(29300.133240788426), np.float64(20213.181817411663), np.float64(13737.65930217047), np.float64(7852.394622198334), np.float64(8781.170718373363), np.float64(10632.923248780877), np.float64(11274.16653350745), np.float64(26265.401446028445), np.float64(19030.56970706312), np.float64(18084.77278435916)]"
synthetic_transient,transient_scan_4,3.4693877551020407,tgs2620,79.90280196311436,narcotic_voc,27.0,54.0,1013.25,2,room_1,"[np.float64(29300.133240788426), np.float64(20213.181817411663), np.float64(13737.65930217047), np.float64(7852.394622198334), np.float64(8781.170718373363), np.float64(10632.923248780877), np.float64(11274.16653350745), np.float64(26265.401446028445), np.float64(19030.56970706312), np.float64(18084.77278435916)]"
synthetic_transient,transient_scan_4,3.673469387755102,tgs2620,77.58893396181725,narcotic_voc,27.0,54.0,1013.25,2,room_1,"[np.float64(29300.133240788426), np.float64(20213.181817411663), np.float64(13737.65930217047), np.float64(7852.394622198334), np.float64(8781.170718373363), np.float64(10632.923248780877), np.float64(11274.16653350745), np.float64(26265.401446028445), np.float64(19030.56970706312), np.float64(18084.77278435916)]"
synthetic_transient,transient_scan_4,3.8775510204081636,tgs2620,75.88860390136828,narcotic_voc,27.0,54.0,1013.25,2,room_1,"[np.float64(29300.133240788426), np.float64(20213.181817411663), np.float64(13737.65930217047), np.float64(7852.394622198334), np.float64(8781.170718373363), np.float64(10632.923248780877), np.float64(11274.16653350745), np.float64(26265.401446028445), np.float64(19030.56970706312), np.float64(18084.77278435916)]"
synthetic_transient,transient_scan_4,4.081632653061225,tgs2620,73.21699664613345,narcotic_voc,27.0,54.0,1013.25,2,room_1,"[np.float64(29300.133240788426), np.float64(20213.181817411663), np.float64(13737.65930217047), np.float64(7852.394622198334), np.float64(8781.170718373363), np.float64(10632.923248780877), np.float64(11274.16653350745), np.float64(26265.401446028445), np.float64(19030.56970706312), np.float64(18084.77278435916)]"
synthetic_transient,transient_scan_4,4.285714285714286,tgs2620,72.4096688793406,narcotic_voc,27.0,54.0,1013.25,2,room_1,"[np.float64(29300.133240788426), np.float64(20213.181817411663), np.float64(13737.65930217047), np.float64(7852.394622198334), np.float64(8781.170718373363), np.float64(10632.923248780877), np.float64(11274.16653350745), np.float64(26265.401446028445), np.float64(19030.56970706312), np.float64(18084.77278435916)]"
synthetic_transient,transient_scan_4,4.4897959183673475,tgs2620,70.60098283777731,narcotic_voc,27.0,54.0,1013.25,2,room_1,"[np.float64(29300.133240788426), np.float64(20213.181817411663), np.float64(13737.65930217047), np.float64(7852.394622198334), np.float64(8781.170718373363), np.float64(10632.923248780877), np.float64(11274.16653350745), np.float64(26265.401446028445), np.float64(19030.56970706312), np.float64(18084.77278435916)]"
synthetic_transient,transient_scan_4,4.6938775510204085,tgs2620,70.98702566280265,narcotic_voc,27.0,54.0,1013.25,2,room_1,"[np.float64(29300.133240788426), np.float64(20213.181817411663), np.float64(13737.65930217047), np.float64(7852.394622198334), np.float64(8781.170718373363), np.float64(10632.923248780877), np.float64(11274.16653350745), np.float64(26265.401446028445), np.float64(19030.56970706312), np.float64(18084.77278435916)]"
synthetic_transient,transient_scan_4,4.8979591836734695,tgs2620,70.18521395417557,narcotic_voc,27.0,54.0,1013.25,2,room_1,"[np.float64(29300.133240788426), np.float64(20213.181817411663), np.float64(13737.65930217047), np.float64(7852.394622198334), np.float64(8781.170718373363), np.float64(10632.923248780877), np.float64(11274.16653350745), np.float64(26265.401446028445), np.float64(19030.56970706312), np.float64(18084.77278435916)]"
synthetic_transient,transient_scan_4,5.1020408163265305,tgs2620,68.87104355257286,narcotic_voc,27.0,54.0,1013.25,2,room_1,"[np.float64(29300.133240788426), np.float64(20213.181817411663), np.float64(13737.65930217047), np.float64(7852.394622198334), np.float64(8781.170718373363), np.float64(10632.923248780877), np.float64(11274.16653350745), np.float64(26265.401446028445), np.float64(19030.56970706312), np.float64(18084.77278435916)]"
synthetic_transient,transient_scan_4,5.3061224489795915,tgs2620,67.16512296427845,narcotic_voc,27.0,54.0,1013.25,2,room_1,"[np.float64(29300.133240788426), np.float64(20213.181817411663), np.float64(13737.65930217047), np.float64(7852.394622198334), np.float64(8781.170718373363), np.float64(10632.923248780877), np.float64(11274.16653350745), np.float64(26265.401446028445), np.float64(19030.56970706312), np.float64(18084.77278435916)]"
synthetic_transient,transient_scan_4,5.510204081632653,tgs2620,67.65659523063658,narcotic_voc,27.0,54.0,1013.25,2,room_1,"[np.float64(29300.133240788426), np.float64(20213.181817411663), np.float64(13737.65930217047), np.float64(7852.394622198334), np.float64(8781.170718373363), np.float64(10632.923248780877), np.float64(11274.16653350745), np.float64(26265.401446028445), np.float64(19030.56970706312), np.float64(18084.77278435916)]"
synthetic_transient,transient_scan_4,5.714285714285714,tgs2620,66.11809435762623,narcotic_voc,27.0,54.0,1013.25,2,room_1,"[np.float64(29300.133240788426), np.float64(20213.181817411663), np.float64(13737.65930217047), np.float64(7852.394622198334), np.float64(8781.170718373363), np.float64(10632.923248780877), np.float64(11274.16653350745), np.float64(26265.401446028445), np.float64(19030.56970706312), np.float64(18084.77278435916)]"
synthetic_transient,transient_scan_4,5.918367346938775,tgs2620,65.0317085329488,narcotic_voc,27.0,54.0,1013.25,2,room_1,"[np.float64(29300.133240788426), np.float64(20213.181817411663), np.float64(13737.65930217047), np.float64(7852.394622198334), np.float64(8781.170718373363), np.float64(10632.923248780877), np.float64(11274.16653350745), np.float64(26265.401446028445), np.float64(19030.56970706312), np.float64(18084.77278435916)]"
synthetic_transient,transient_scan_4,6.122448979591837,tgs2620,64.60971784553062,narcotic_voc,27.0,54.0,1013.25,2,room_1,"[np.float64(29300.133240788426), np.float64(20213.181817411663), np.float64(13737.65930217047), np.float64(7852.394622198334), np.float64(8781.170718373363), np.float64(10632.923248780877), np.float64(11274.16653350745), np.float64(26265.401446028445), np.float64(19030.56970706312), np.float64(18084.77278435916)]"
synthetic_transient,transient_scan_4,6.326530612244898,tgs2620,64.38288821647485,narcotic_voc,27.0,54.0,1013.25,2,room_1,"[np.float64(29300.133240788426), np.float64(20213.181817411663), np.float64(13737.65930217047), np.float64(7852.394622198334), np.float64(8781.170718373363), np.float64(10632.923248780877), np.float64(11274.16653350745), np.float64(26265.401446028445), np.float64(19030.56970706312), np.float64(18084.77278435916)]"
synthetic_transient,transient_scan_4,6.530612244897959,tgs2620,64.17671944827656,narcotic_voc,27.0,54.0,1013.25,2,room_1,"[np.float64(29300.133240788426), np.float64(20213.181817411663), np.float64(13737.65930217047), np.float64(7852.394622198334), np.float64(8781.170718373363), np.float64(10632.923248780877), np.float64(11274.16653350745), np.float64(26265.401446028445), np.float64(19030.56970706312), np.float64(18084.77278435916)]"
synthetic_transient,transient_scan_4,6.73469387755102,tgs2620,63.6684905202661,narcotic_voc,27.0,54.0,1013.25,2,room_1,"[np.float64(29300.133240788426), np.float64(20213.181817411663), np.float64(13737.65930217047), np.float64(7852.394622198334), np.float64(8781.170718373363), np.float64(10632.923248780877), np.float64(11274.16653350745), np.float64(26265.401446028445), np.float64(19030.56970706312), np.float64(18084.77278435916)]"
synthetic_transient,transient_scan_4,6.938775510204081,tgs2620,62.679132251163466,narcotic_voc,27.0,54.0,1013.25,2,room_1,"[np.float64(29300.133240788426), np.float64(20213.181817411663), np.float64(13737.65930217047), np.float64(7852.394622198334), np.float64(8781.170718373363), np.float64(10632.923248780877), np.float64(11274.16653350745), np.float64(26265.401446028445), np.float64(19030.56970706312), np.float64(18084.77278435916)]"
synthetic_transient,transient_scan_4,7.142857142857143,tgs2620,63.66370968422354,narcotic_voc,27.0,54.0,1013.25,2,room_1,"[np.float64(29300.133240788426), np.float64(20213.181817411663), np.float64(13737.65930217047), np.float64(7852.394622198334), np.float64(8781.170718373363), np.float64(10632.923248780877), np.float64(11274.16653350745), np.float64(26265.401446028445), np.float64(19030.56970706312), np.float64(18084.77278435916)]"
synthetic_transient,transient_scan_4,7.346938775510204,tgs2620,62.685192191790215,narcotic_voc,27.0,54.0,1013.25,2,room_1,"[np.float64(29300.133240788426), np.float64(20213.181817411663), np.float64(13737.65930217047), np.float64(7852.394622198334), np.float64(8781.170718373363), np.float64(10632.923248780877), np.float64(11274.16653350745), np.float64(26265.401446028445), np.float64(19030.56970706312), np.float64(18084.77278435916)]"
synthetic_transient,transient_scan_4,7.551020408163265,tgs2620,62.13583002569823,narcotic_voc,27.0,54.0,1013.25,2,room_1,"[np.float64(29300.133240788426), np.float64(20213.181817411663), np.float64(13737.65930217047), np.float64(7852.394622198334), np.float64(8781.170718373363), np.float64(10632.923248780877), np.float64(11274.16653350745), np.float64(26265.401446028445), np.float64(19030.56970706312), np.float64(18084.77278435916)]"
synthetic_transient,transient_scan_4,7.755102040816327,tgs2620,62.80604734876563,narcotic_voc,27.0,54.0,1013.25,2,room_1,"[np.float64(29300.133240788426), np.float64(20213.181817411663), np.float64(13737.65930217047), np.float64(7852.394622198334), np.float64(8781.170718373363), np.float64(10632.923248780877), np.float64(11274.16653350745), np.float64(26265.401446028445), np.float64(19030.56970706312), np.float64(18084.77278435916)]"
synthetic_transient,transient_scan_4,7.959183673469388,tgs2620,61.44083970048161,narcotic_voc,27.0,54.0,1013.25,2,room_1,"[np.float64(29300.133240788426), np.float64(20213.181817411663), np.float64(13737.65930217047), np.float64(7852.394622198334), np.float64(8781.170718373363), np.float64(10632.923248780877), np.float64(11274.16653350745), np.float64(26265.401446028445), np.float64(19030.56970706312), np.float64(18084.77278435916)]"
synthetic_transient,transient_scan_4,8.16326530612245,tgs2620,61.020926202138725,narcotic_voc,27.0,54.0,1013.25,2,room_1,"[np.float64(29300.133240788426), np.float64(20213.181817411663), np.float64(13737.65930217047), np.float64(7852.394622198334), np.float64(8781.170718373363), np.float64(10632.923248780877), np.float64(11274.16653350745), np.float64(26265.401446028445), np.float64(19030.56970706312), np.float64(18084.77278435916)]"
synthetic_transient,transient_scan_4,8.36734693877551,tgs2620,62.293570592624064,narcotic_voc,27.0,54.0,1013.25,2,room_1,"[np.float64(29300.133240788426), np.float64(20213.181817411663), np.float64(13737.65930217047), np.float64(7852.394622198334), np.float64(8781.170718373363), np.float64(10632.923248780877), np.float64(11274.16653350745), np.float64(26265.401446028445), np.float64(19030.56970706312), np.float64(18084.77278435916)]"
synthetic_transient,transient_scan_4,8.571428571428571,tgs2620,62.44224797946464,narcotic_voc,27.0,54.0,1013.25,2,room_1,"[np.float64(29300.133240788426), np.float64(20213.181817411663), np.float64(13737.65930217047), np.float64(7852.394622198334), np.float64(8781.170718373363), np.float64(10632.923248780877), np.float64(11274.16653350745), np.float64(26265.401446028445), np.float64(19030.56970706312), np.float64(18084.77278435916)]"
synthetic_transient,transient_scan_4,8.775510204081632,tgs2620,61.120329368342766,narcotic_voc,27.0,54.0,1013.25,2,room_1,"[np.float64(29300.133240788426), np.float64(20213.181817411663), np.float64(13737.65930217047), np.float64(7852.394622198334), np.float64(8781.170718373363), np.float64(10632.923248780877), np.float64(11274.16653350745), np.float64(26265.401446028445), np.float64(19030.56970706312), np.float64(18084.77278435916)]"
synthetic_transient,transient_scan_4,8.979591836734695,tgs2620,61.19729889501026,narcotic_voc,27.0,54.0,1013.25,2,room_1,"[np.float64(29300.133240788426), np.float64(20213.181817411663), np.float64(13737.65930217047), np.float64(7852.394622198334), np.float64(8781.170718373363), np.float64(10632.923248780877), np.float64(11274.16653350745), np.float64(26265.401446028445), np.float64(19030.56970706312), np.float64(18084.77278435916)]"
synthetic_transient,transient_scan_4,9.183673469387756,tgs2620,60.52857508820214,narcotic_voc,27.0,54.0,1013.25,2,room_1,"[np.float64(29300.133240788426), np.float64(20213.181817411663), np.float64(13737.65930217047), np.float64(7852.394622198334), np.float64(8781.170718373363), np.float64(10632.923248780877), np.float64(11274.16653350745), np.float64(26265.401446028445), np.float64(19030.56970706312), np.float64(18084.77278435916)]"
synthetic_transient,transient_scan_4,9.387755102040817,tgs2620,60.997760647917985,narcotic_voc,27.0,54.0,1013.25,2,room_1,"[np.float64(29300.133240788426), np.float64(20213.181817411663), np.float64(13737.65930217047), np.float64(7852.394622198334), np.float64(8781.170718373363), np.float64(10632.923248780877), np.float64(11274.16653350745), np.float64(26265.401446028445), np.float64(19030.56970706312), np.float64(18084.77278435916)]"
synthetic_transient,transient_scan_4,9.591836734693878,tgs2620,60.66063807726612,narcotic_voc,27.0,54.0,1013.25,2,room_1,"[np.float64(29300.133240788426), np.float64(20213.181817411663), np.float64(13737.65930217047), np.float64(7852.394622198334), np.float64(8781.170718373363), np.float64(10632.923248780877), np.float64(11274.16653350745), np.float64(26265.401446028445), np.float64(19030.56970706312), np.float64(18084.77278435916)]"
synthetic_transient,transient_scan_4,9.795918367346939,tgs2620,60.76026632602004,narcotic_voc,27.0,54.0,1013.25,2,room_1,"[np.float64(29300.133240788426), np.float64(20213.181817411663), np.float64(13737.65930217047), np.float64(7852.394622198334), np.float64(8781.170718373363), np.float64(10632.923248780877), np.float64(11274.16653350745), np.float64(26265.401446028445), np.float64(19030.56970706312), np.float64(18084.77278435916)]"
synthetic_transient,transient_scan_4,10.0,tgs2620,60.93725474934799,narcotic_voc,27.0,54.0,1013.25,2,room_1,"[np.float64(29300.133240788426), np.float64(20213.181817411663), np.float64(13737.65930217047), np.float64(7852.394622198334), np.float64(8781.170718373363), np.float64(10632.923248780877), np.float64(11274.16653350745), np.float64(26265.401446028445), np.float64(19030.56970706312), np.float64(18084.77278435916)]"
synthetic_transient,transient_scan_4,0.0,mics2714_no2,99.45092726098457,narcotic_voc,27.0,54.0,1013.25,2,room_1,"[np.float64(29300.133240788426), np.float64(20213.181817411663), np.float64(13737.65930217047), np.float64(7852.394622198334), np.float64(8781.170718373363), np.float64(10632.923248780877), np.float64(11274.16653350745), np.float64(26265.401446028445), np.float64(19030.56970706312), np.float64(18084.77278435916)]"
synthetic_transient,transient_scan_4,0.20408163265306123,mics2714_no2,99.81909433038372,narcotic_voc,27.0,54.0,1013.25,2,room_1,"[np.float64(29300.133240788426), np.float64(20213.181817411663), np.float64(13737.65930217047), np.float64(7852.394622198334), np.float64(8781.170718373363), np.float64(10632.923248780877), np.float64(11274.16653350745), np.float64(26265.401446028445), np.float64(19030.56970706312), np.float64(18084.77278435916)]"
synthetic_transient,transient_scan_4,0.40816326530612246,mics2714_no2,99.09810928911091,narcotic_voc,27.0,54.0,1013.25,2,room_1,"[np.float64(29300.133240788426), np.float64(20213.181817411663), np.float64(13737.65930217047), np.float64(7852.394622198334), np.float64(8781.170718373363), np.float64(10632.923248780877), np.float64(11274.16653350745), np.float64(26265.401446028445), np.float64(19030.56970706312), np.float64(18084.77278435916)]"
synthetic_transient,transient_scan_4,0.6122448979591837,mics2714_no2,99.82250635794335,narcotic_voc,27.0,54.0,1013.25,2,room_1,"[np.float64(29300.133240788426), np.float64(20213.181817411663), np.float64(13737.65930217047), np.float64(7852.394622198334), np.float64(8781.170718373363), np.float64(10632.923248780877), np.float64(11274.16653350745), np.float64(26265.401446028445), np.float64(19030.56970706312), np.float64(18084.77278435916)]"
synthetic_transient,transient_scan_4,0.8163265306122449,mics2714_no2,99.9532829645415,narcotic_voc,27.0,54.0,1013.25,2,room_1,"[np.float64(29300.133240788426), np.float64(20213.181817411663), np.float64(13737.65930217047), np.float64(7852.394622198334), np.float64(8781.170718373363), np.float64(10632.923248780877), np.float64(11274.16653350745), np.float64(26265.401446028445), np.float64(19030.56970706312), np.float64(18084.77278435916)]"
synthetic_transient,transient_scan_4,1.0204081632653061,mics2714_no2,100.11449121253054,narcotic_voc,27.0,54.0,1013.25,2,room_1,"[np.float64(29300.133240788426), np.float64(20213.181817411663), np.float64(13737.65930217047), np.float64(7852.394622198334), np.float64(8781.170718373363), np.float64(10632.923248780877), np.float64(11274.16653350745), np.float64(26265.401446028445), np.float64(19030.56970706312), np.float64(18084.77278435916)]"
synthetic_transient,transient_scan_4,1.2244897959183674,mics2714_no2,100.1197882701816,narcotic_voc,27.0,54.0,1013.25,2,room_1,"[np.float64(29300.133240788426), np.float64(20213.181817411663), np.float64(13737.65930217047), np.float64(7852.394622198334), np.float64(8781.170718373363), np.float64(10632.923248780877), np.float64(11274.16653350745), np.float64(26265.401446028445), np.float64(19030.56970706312), np.float64(18084.77278435916)]"
synthetic_transient,transient_scan_4,1.4285714285714286,mics2714_no2,100.45196137536843,narcotic_voc,27.0,54.0,1013.25,2,room_1,"[np.float64(29300.133240788426), np.float64(20213.181817411663), np.float64(13737.65930217047), np.float64(7852.394622198334), np.float64(8781.170718373363), np.float64(10632.923248780877), np.float64(11274.16653350745), np.float64(26265.401446028445), np.float64(19030.56970706312), np.float64(18084.77278435916)]"
synthetic_transient,transient_scan_4,1.6326530612244898,mics2714_no2,99.23016674036334,narcotic_voc,27.0,54.0,1013.25,2,room_1,"[np.float64(29300.133240788426), np.float64(20213.181817411663), np.float64(13737.65930217047), np.float64(7852.394622198334), np.float64(8781.170718373363), np.float64(10632.923248780877), np.float64(11274.16653350745), np.float64(26265.401446028445), np.float64(19030.56970706312), np.float64(18084.77278435916)]"
synthetic_transient,transient_scan_4,1.836734693877551,mics2714_no2,99.25686148502486,narcotic_voc,27.0,54.0,1013.25,2,room_1,"[np.float64(29300.133240788426), np.float64(20213.181817411663), np.float64(13737.65930217047), np.float64(7852.394622198334), np.float64(8781.170718373363), np.float64(10632.923248780877), np.float64(11274.16653350745), np.float64(26265.401446028445), np.float64(19030.56970706312), np.float64(18084.77278435916)]"
synthetic_transient,transient_scan_4,2.0408163265306123,mics2714_no2,101.27454527551104,narcotic_voc,27.0,54.0,1013.25,2,room_1,"[np.float64(29300.133240788426), np.float64(20213.181817411663), np.float64(13737.65930217047), np.float64(7852.394622198334), np.float64(8781.170718373363), np.float64(10632.923248780877), np.float64(11274.16653350745), np.float64(26265.401446028445), np.float64(19030.56970706312), np.float64(18084.77278435916)]"
synthetic_transient,transient_scan_4,2.2448979591836737,mics2714_no2,104.74296715392934,narcotic_voc,27.0,54.0,1013.25,2,room_1,"[np.float64(29300.133240788426), np.float64(20213.181817411663), np.float64(13737.65930217047), np.float64(7852.394622198334), np.float64(8781.170718373363), np.float64(10632.923248780877), np.float64(11274.16653350745), np.float64(26265.401446028445), np.float64(19030.56970706312), np.float64(18084.77278435916)]"
synthetic_transient,transient_scan_4,2.4489795918367347,mics2714_no2,110.14546365898863,narcotic_voc,27.0,54.0,1013.25,2,room_1,"[np.float64(29300.133240788426), np.float64(20213.181817411663), np.float64(13737.65930217047), np.float64(7852.394622198334), np.float64(8781.170718373363), np.float64(10632.923248780877), np.float64(11274.16653350745), np.float64(26265.401446028445), np.float64(19030.56970706312), np.float64(18084.77278435916)]"
synthetic_transient,transient_scan_4,2.6530612244897958,mics2714_no2,113.33873901246724,narcotic_voc,27.0,54.0,1013.25,2,room_1,"[np.float64(29300.133240788426), np.float64(20213.181817411663), np.float64(13737.65930217047), np.float64(7852.394622198334), np.float64(8781.170718373363), np.float64(10632.923248780877), np.float64(11274.16653350745), np.float64(26265.401446028445), np.float64(19030.56970706312), np.float64(18084.77278435916)]"
synthetic_transient,transient_scan_4,2.857142857142857,mics2714_no2,118.21445444390581,narcotic_voc,27.0,54.0,1013.25,2,room_1,"[np.float64(29300.133240788426), np.float64(20213.181817411663), np.float64(13737.65930217047), np.float64(7852.394622198334), np.float64(8781.170718373363), np.float64(10632.923248780877), np.float64(11274.16653350745), np.float64(26265.401446028445), np.float64(19030.56970706312), np.float64(18084.77278435916)]"
synthetic_transient,transient_scan_4,3.0612244897959187,mics2714_no2,120.71299072467829,narcotic_voc,27.0,54.0,1013.25,2,room_1,"[np.float64(29300.133240788426), np.float64(20213.181817411663), np.float64(13737.65930217047), np.float64(7852.394622198334), np.float64(8781.170718373363), np.float64(10632.923248780877), np.float64(11274.16653350745), np.float64(26265.401446028445), np.float64(19030.56970706312), np.float64(18084.77278435916)]"
synthetic_transient,transient_scan_4,3.2653061224489797,mics2714_no2,123.33138823611272,narcotic_voc,27.0,54.0,1013.25,2,room_1,"[np.float64(29300.133240788426), np.float64(20213.181817411663), np.float64(13737.65930217047), np.float64(7852.394622198334), np.float64(8781.170718373363), np.float64(10632.923248780877), np.float64(11274.16653350745), np.float64(26265.401446028445), np.float64(19030.56970706312), np.float64(18084.77278435916)]"
synthetic_transient,transient_scan_4,3.4693877551020407,mics2714_no2,126.63124699706736,narcotic_voc,27.0,54.0,1013.25,2,room_1,"[np.float64(29300.133240788426), np.float64(20213.181817411663), np.float64(13737.65930217047), np.float64(7852.394622198334), np.float64(8781.170718373363), np.float64(10632.923248780877), np.float64(11274.16653350745), np.float64(26265.401446028445), np.float64(19030.56970706312), np.float64(18084.77278435916)]"
synthetic_transient,transient_scan_4,3.673469387755102,mics2714_no2,127.81217427428437,narcotic_voc,27.0,54.0,1013.25,2,room_1,"[np.float64(29300.133240788426), np.float64(20213.181817411663), np.float64(13737.65930217047), np.float64(7852.394622198334), np.float64(8781.170718373363), np.float64(10632.923248780877), np.float64(11274.16653350745), np.float64(26265.401446028445), np.float64(19030.56970706312), np.float64(18084.77278435916)]"
synthetic_transient,transient_scan_4,3.8775510204081636,mics2714_no2,130.007972776689,narcotic_voc,27.0,54.0,1013.25,2,room_1,"[np.float64(29300.133240788426), np.float64(20213.181817411663), np.float64(13737.65930217047), np.float64(7852.394622198334), np.float64(8781.170718373363), np.float64(10632.923248780877), np.float64(11274.16653350745), np.float64(26265.401446028445), np.float64(19030.56970706312), np.float64(18084.77278435916)]"
synthetic_transient,transient_scan_4,4.081632653061225,mics2714_no2,131.71095932009015,narcotic_voc,27.0,54.0,1013.25,2,room_1,"[np.float64(29300.133240788426), np.float64(20213.181817411663), np.float64(13737.65930217047), np.float64(7852.394622198334), np.float64(8781.170718373363), np.float64(10632.923248780877), np.float64(11274.16653350745), np.float64(26265.401446028445), np.float64(19030.56970706312), np.float64(18084.77278435916)]"
synthetic_transient,transient_scan_4,4.285714285714286,mics2714_no2,133.622152520627,narcotic_voc,27.0,54.0,1013.25,2,room_1,"[np.float64(29300.133240788426), np.float64(20213.181817411663), np.float64(13737.65930217047), np.float64(7852.394622198334), np.float64(8781.170718373363), np.float64(10632.923248780877), np.float64(11274.16653350745), np.float64(26265.401446028445), np.float64(19030.56970706312), np.float64(18084.77278435916)]"
synthetic_transient,transient_scan_4,4.4897959183673475,mics2714_no2,135.6320432369233,narcotic_voc,27.0,54.0,1013.25,2,room_1,"[np.float64(29300.133240788426), np.float64(20213.181817411663), np.float64(13737.65930217047), np.float64(7852.394622198334), np.float64(8781.170718373363), np.float64(10632.923248780877), np.float64(11274.16653350745), np.float64(26265.401446028445), np.float64(19030.56970706312), np.float64(18084.77278435916)]"
synthetic_transient,transient_scan_4,4.6938775510204085,mics2714_no2,137.2452224758195,narcotic_voc,27.0,54.0,1013.25,2,room_1,"[np.float64(29300.133240788426), np.float64(20213.181817411663), np.float64(13737.65930217047), np.float64(7852.394622198334), np.float64(8781.170718373363), np.float64(10632.923248780877), np.float64(11274.16653350745), np.float64(26265.401446028445), np.float64(19030.56970706312), np.float64(18084.77278435916)]"
synthetic_transient,transient_scan_4,4.8979591836734695,mics2714_no2,138.7402224580179,narcotic_voc,27.0,54.0,1013.25,2,room_1,"[np.float64(29300.133240788426), np.float64(20213.181817411663), np.float64(13737.65930217047), np.float64(7852.394622198334), np.float64(8781.170718373363), np.float64(10632.923248780877), np.float64(11274.16653350745), np.float64(26265.401446028445), np.float64(19030.56970706312), np.float64(18084.77278435916)]"
synthetic_transient,transient_scan_4,5.1020408163265305,mics2714_no2,138.48606274035882,narcotic_voc,27.0,54.0,1013.25,2,room_1,"[np.float64(29300.133240788426), np.float64(20213.181817411663), np.float64(13737.65930217047), np.float64(7852.394622198334), np.float64(8781.170718373363), np.float64(10632.923248780877), np.float64(11274.16653350745), np.float64(26265.401446028445), np.float64(19030.56970706312), np.float64(18084.77278435916)]"
synthetic_transient,transient_scan_4,5.3061224489795915,mics2714_no2,140.3409235228331,narcotic_voc,27.0,54.0,1013.25,2,room_1,"[np.float64(29300.133240788426), np.float64(20213.181817411663), np.float64(13737.65930217047), np.float64(7852.394622198334), np.float64(8781.170718373363), np.float64(10632.923248780877), np.float64(11274.16653350745), np.float64(26265.401446028445), np.float64(19030.56970706312), np.float64(18084.77278435916)]"
synthetic_transient,transient_scan_4,5.510204081632653,mics2714_no2,140.80143775461875,narcotic_voc,27.0,54.0,1013.25,2,room_1,"[np.float64(29300.133240788426), np.float64(20213.181817411663), np.float64(13737.65930217047), np.float64(7852.394622198334), np.float64(8781.170718373363), np.float64(10632.923248780877), np.float64(11274.16653350745), np.float64(26265.401446028445), np.float64(19030.56970706312), np.float64(18084.77278435916)]"
synthetic_transient,transient_scan_4,5.714285714285714,mics2714_no2,142.0914541884574,narcotic_voc,27.0,54.0,1013.25,2,room_1,"[np.float64(29300.133240788426), np.float64(20213.181817411663), np.float64(13737.65930217047), np.float64(7852.394622198334), np.float64(8781.170718373363), np.float64(10632.923248780877), np.float64(11274.16653350745), np.float64(26265.401446028445), np.float64(19030.56970706312), np.float64(18084.77278435916)]"
synthetic_transient,transient_scan_4,5.918367346938775,mics2714_no2,144.11840907340712,narcotic_voc,27.0,54.0,1013.25,2,room_1,"[np.float64(29300.133240788426), np.float64(20213.181817411663), np.float64(13737.65930217047), np.float64(7852.394622198334), np.float64(8781.170718373363), np.float64(10632.923248780877), np.float64(11274.16653350745), np.float64(26265.401446028445), np.float64(19030.56970706312), np.float64(18084.77278435916)]"
synthetic_transient,transient_scan_4,6.122448979591837,mics2714_no2,143.7810309149544,narcotic_voc,27.0,54.0,1013.25,2,room_1,"[np.float64(29300.133240788426), np.float64(20213.181817411663), np.float64(13737.65930217047), np.float64(7852.394622198334), np.float64(8781.170718373363), np.float64(10632.923248780877), np.float64(11274.16653350745), np.float64(26265.401446028445), np.float64(19030.56970706312), np.float64(18084.77278435916)]"
synthetic_transient,transient_scan_4,6.326530612244898,mics2714_no2,144.70227431773563,narcotic_voc,27.0,54.0,1013.25,2,room_1,"[np.float64(29300.133240788426), np.float64(20213.181817411663), np.float64(13737.65930217047), np.float64(7852.394622198334), np.float64(8781.170718373363), np.float64(10632.923248780877), np.float64(11274.16653350745), np.float64(26265.401446028445), np.float64(19030.56970706312), np.float64(18084.77278435916)]"
synthetic_transient,transient_scan_4,6.530612244897959,mics2714_no2,145.79043290103778,narcotic_voc,27.0,54.0,1013.25,2,room_1,"[np.float64(29300.133240788426), np.float64(20213.181817411663), np.float64(13737.65930217047), np.float64(7852.394622198334), np.float64(8781.170718373363), np.float64(10632.923248780877), np.float64(11274.16653350745), np.float64(26265.401446028445), np.float64(19030.56970706312), np.float64(18084.77278435916)]"
synthetic_transient,transient_scan_4,6.73469387755102,mics2714_no2,145.87722583897238,narcotic_voc,27.0,54.0,1013.25,2,room_1,"[np.float64(29300.133240788426), np.float64(20213.181817411663), np.float64(13737.65930217047), np.float64(7852.394622198334), np.float64(8781.170718373363), np.float64(10632.923248780877), np.float64(11274.16653350745), np.float64(26265.401446028445), np.float64(19030.56970706312), np.float64(18084.77278435916)]"
synthetic_transient,transient_scan_4,6.938775510204081,mics2714_no2,145.5442096848453,narcotic_voc,27.0,54.0,1013.25,2,room_1,"[np.float64(29300.133240788426), np.float64(20213.181817411663), np.float64(13737.65930217047), np.float64(7852.394622198334), np.float64(8781.170718373363), np.float64(10632.923248780877), np.float64(11274.16653350745), np.float64(26265.401446028445), np.float64(19030.56970706312), np.float64(18084.77278435916)]"
synthetic_transient,transient_scan_4,7.142857142857143,mics2714_no2,145.54076960717663,narcotic_voc,27.0,54.0,1013.25,2,room_1,"[np.float64(29300.133240788426), np.float64(20213.181817411663), np.float64(13737.65930217047), np.float64(7852.394622198334), np.float64(8781.170718373363), np.float64(10632.923248780877), np.float64(11274.16653350745), np.float64(26265.401446028445), np.float64(19030.56970706312), np.float64(18084.77278435916)]"
synthetic_transient,transient_scan_4,7.346938775510204,mics2714_no2,146.5343089258538,narcotic_voc,27.0,54.0,1013.25,2,room_1,"[np.float64(29300.133240788426), np.float64(20213.181817411663), np.float64(13737.65930217047), np.float64(7852.394622198334), np.float64(8781.170718373363), np.float64(10632.923248780877), np.float64(11274.16653350745), np.float64(26265.401446028445), np.float64(19030.56970706312), np.float64(18084.77278435916)]"
synthetic_transient,transient_scan_4,7.551020408163265,mics2714_no2,146.6002634155987,narcotic_voc,27.0,54.0,1013.25,2,room_1,"[np.float64(29300.133240788426), np.float64(20213.181817411663), np.float64(13737.65930217047), np.float64(7852.394622198334), np.float64(8781.170718373363), np.float64(10632.923248780877), np.float64(11274.16653350745), np.float64(26265.401446028445), np.float64(19030.56970706312), np.float64(18084.77278435916)]"
synthetic_transient,transient_scan_4,7.755102040816327,mics2714_no2,146.4241191469726,narcotic_voc,27.0,54.0,1013.25,2,room_1,"[np.float64(29300.133240788426), np.float64(20213.181817411663), np.float64(13737.65930217047), np.float64(7852.394622198334), np.float64(8781.170718373363), np.float64(10632.923248780877), np.float64(11274.16653350745), np.float64(26265.401446028445), np.float64(19030.56970706312), np.float64(18084.77278435916)]"
synthetic_transient,transient_scan_4,7.959183673469388,mics2714_no2,147.57978400537615,narcotic_voc,27.0,54.0,1013.25,2,room_1,"[np.float64(29300.133240788426), np.float64(20213.181817411663), np.float64(13737.65930217047), np.float64(7852.394622198334), np.float64(8781.170718373363), np.float64(10632.923248780877), np.float64(11274.16653350745), np.float64(26265.401446028445), np.float64(19030.56970706312), np.float64(18084.77278435916)]"
synthetic_transient,transient_scan_4,8.16326530612245,mics2714_no2,147.8387290316222,narcotic_voc,27.0,54.0,1013.25,2,room_1,"[np.float64(29300.133240788426), np.float64(20213.181817411663), np.float64(13737.65930217047), np.float64(7852.394622198334), np.float64(8781.170718373363), np.float64(10632.923248780877), np.float64(11274.16653350745), np.float64(26265.401446028445), np.float64(19030.56970706312), np.float64(18084.77278435916)]"
synthetic_transient,transient_scan_4,8.36734693877551,mics2714_no2,148.81289976347577,narcotic_voc,27.0,54.0,1013.25,2,room_1,"[np.float64(29300.133240788426), np.float64(20213.181817411663), np.float64(13737.65930217047), np.float64(7852.394622198334), np.float64(8781.170718373363), np.float64(10632.923248780877), np.float64(11274.16653350745), np.float64(26265.401446028445), np.float64(19030.56970706312), np.float64(18084.77278435916)]"
synthetic_transient,transient_scan_4,8.571428571428571,mics2714_no2,147.94842589721975,narcotic_voc,27.0,54.0,1013.25,2,room_1,"[np.float64(29300.133240788426), np.float64(20213.181817411663), np.float64(13737.65930217047), np.float64(7852.394622198334), np.float64(8781.170718373363), np.float64(10632.923248780877), np.float64(11274.16653350745), np.float64(26265.401446028445), np.float64(19030.56970706312), np.float64(18084.77278435916)]"
synthetic_transient,transient_scan_4,8.775510204081632,mics2714_no2,148.45083897239917,narcotic_voc,27.0,54.0,1013.25,2,room_1,"[np.float64(29300.133240788426), np.float64(20213.181817411663), np.float64(13737.65930217047), np.float64(7852.394622198334), np.float64(8781.170718373363), np.float64(10632.923248780877), np.float64(11274.16653350745), np.float64(26265.401446028445), np.float64(19030.56970706312), np.float64(18084.77278435916)]"
synthetic_transient,transient_scan_4,8.979591836734695,mics2714_no2,148.14190241894383,narcotic_voc,27.0,54.0,1013.25,2,room_1,"[np.float64(29300.133240788426), np.float64(20213.181817411663), np.float64(13737.65930217047), np.float64(7852.394622198334), np.float64(8781.170718373363), np.float64(10632.923248780877), np.float64(11274.16653350745), np.float64(26265.401446028445), np.float64(19030.56970706312), np.float64(18084.77278435916)]"
synthetic_transient,transient_scan_4,9.183673469387756,mics2714_no2,149.05920040851848,narcotic_voc,27.0,54.0,1013.25,2,room_1,"[np.float64(29300.133240788426), np.float64(20213.181817411663), np.float64(13737.65930217047), np.float64(7852.394622198334), np.float64(8781.170718373363), np.float64(10632.923248780877), np.float64(11274.16653350745), np.float64(26265.401446028445), np.float64(19030.56970706312), np.float64(18084.77278435916)]"
synthetic_transient,transient_scan_4,9.387755102040817,mics2714_no2,148.69392313590956,narcotic_voc,27.0,54.0,1013.25,2,room_1,"[np.float64(29300.133240788426), np.float64(20213.181817411663), np.float64(13737.65930217047), np.float64(7852.394622198334), np.float64(8781.170718373363), np.float64(10632.923248780877), np.float64(11274.16653350745), np.float64(26265.401446028445), np.float64(19030.56970706312), np.float64(18084.77278435916)]"
synthetic_transient,transient_scan_4,9.591836734693878,mics2714_no2,148.29059080915897,narcotic_voc,27.0,54.0,1013.25,2,room_1,"[np.float64(29300.133240788426), np.float64(20213.181817411663), np.float64(13737.65930217047), np.float64(7852.394622198334), np.float64(8781.170718373363), np.float64(10632.923248780877), np.float64(11274.16653350745), np.float64(26265.401446028445), np.float64(19030.56970706312), np.float64(18084.77278435916)]"
synthetic_transient,transient_scan_4,9.795918367346939,mics2714_no2,148.9791009066205,narcotic_voc,27.0,54.0,1013.25,2,room_1,"[np.float64(29300.133240788426), np.float64(20213.181817411663), np.float64(13737.65930217047), np.float64(7852.394622198334), np.float64(8781.170718373363), np.float64(10632.923248780877), np.float64(11274.16653350745), np.float64(26265.401446028445), np.float64(19030.56970706312), np.float64(18084.77278435916)]"
synthetic_transient,transient_scan_4,10.0,mics2714_no2,149.2794795043458,narcotic_voc,27.0,54.0,1013.25,2,room_1,"[np.float64(29300.133240788426), np.float64(20213.181817411663), np.float64(13737.65930217047), np.float64(7852.394622198334), np.float64(8781.170718373363), np.float64(10632.923248780877), np.float64(11274.16653350745), np.float64(26265.401446028445), np.float64(19030.56970706312), np.float64(18084.77278435916)]"
synthetic_transient,transient_scan_4,0.0,mics2714_h2,100.12763669370678,narcotic_voc,27.0,54.0,1013.25,2,room_1,"[np.float64(29300.133240788426), np.float64(20213.181817411663), np.float64(13737.65930217047), np.float64(7852.394622198334), np.float64(8781.170718373363), np.float64(10632.923248780877), np.float64(11274.16653350745), np.float64(26265.401446028445), np.float64(19030.56970706312), np.float64(18084.77278435916)]"
synthetic_transient,transient_scan_4,0.20408163265306123,mics2714_h2,100.52294835774794,narcotic_voc,27.0,54.0,1013.25,2,room_1,"[np.float64(29300.133240788426), np.float64(20213.181817411663), np.float64(13737.65930217047), np.float64(7852.394622198334), np.float64(8781.170718373363), np.float64(10632.923248780877), np.float64(11274.16653350745), np.float64(26265.401446028445), np.float64(19030.56970706312), np.float64(18084.77278435916)]"
synthetic_transient,transient_scan_4,0.40816326530612246,mics2714_h2,99.27597181397965,narcotic_voc,27.0,54.0,1013.25,2,room_1,"[np.float64(29300.133240788426), np.float64(20213.181817411663), np.float64(13737.65930217047), np.float64(7852.394622198334), np.float64(8781.170718373363), np.float64(10632.923248780877), np.float64(11274.16653350745), np.float64(26265.401446028445), np.float64(19030.56970706312), np.float64(18084.77278435916)]"
synthetic_transient,transient_scan_4,0.6122448979591837,mics2714_h2,99.57862870499252,narcotic_voc,27.0,54.0,1013.25,2,room_1,"[np.float64(29300.133240788426), np.float64(20213.181817411663), np.float64(13737.65930217047), np.float64(7852.394622198334), np.float64(8781.170718373363), np.float64(10632.923248780877), np.float64(11274.16653350745), np.float64(26265.401446028445), np.float64(19030.56970706312), np.float64(18084.77278435916)]"
synthetic_transient,transient_scan_4,0.8163265306122449,mics2714_h2,100.31989366589777,narcotic_voc,27.0,54.0,1013.25,2,room_1,"[np.float64(29300.133240788426), np.float64(20213.181817411663), np.float64(13737.65930217047), np.float64(7852.394622198334), np.float64(8781.170718373363), np.float64(10632.923248780877), np.float64(11274.16653350745), np.float64(26265.401446028445), np.float64(19030.56970706312), np.float64(18084.77278435916)]"
synthetic_transient,transient_scan_4,1.0204081632653061,mics2714_h2,99.63736551101947,narcotic_voc,27.0,54.0,1013.25,2,room_1,"[np.float64(29300.133240788426), np.float64(20213.181817411663), np.float64(13737.65930217047), np.float64(7852.394622198334), np.float64(8781.170718373363), np.float64(10632.923248780877), np.float64(11274.16653350745), np.float64(26265.401446028445), np.float64(19030.56970706312), np.float64(18084.77278435916)]"
synthetic_transient,transient_scan_4,1.2244897959183674,mics2714_h2,100.1202356246651,narcotic_voc,27.0,54.0,1013.25,2,room_1,"[np.float64(29300.133240788426), np.float64(20213.181817411663), np.float64(13737.65930217047), np.float64(7852.394622198334), np.float64(8781.170718373363), np.float64(10632.923248780877), np.float64(11274.16653350745), np.float64(26265.401446028445), np.float64(19030.56970706312), np.float64(18084.77278435916)]"
synthetic_transient,transient_scan_4,1.4285714285714286,mics2714_h2,98.79012737629412,narcotic_voc,27.0,54.0,1013.25,2,room_1,"[np.float64(29300.133240788426), np.float64(20213.181817411663), np.float64(13737.65930217047), np.float64(7852.394622198334), np.float64(8781.170718373363), np.float64(10632.923248780877), np.float64(11274.16653350745), np.float64(26265.401446028445), np.float64(19030.56970706312), np.float64(18084.77278435916)]"
synthetic_transient,transient_scan_4,1.6326530612244898,mics2714_h2,101.35797328615644,narcotic_voc,27.0,54.0,1013.25,2,room_1,"[np.float64(29300.133240788426), np.float64(20213.181817411663), np.float64(13737.65930217047), np.float64(7852.394622198334), np.float64(8781.170718373363), np.float64(10632.923248780877), np.float64(11274.16653350745), np.float64(26265.401446028445), np.float64(19030.56970706312), np.float64(18084.77278435916)]"
synthetic_transient,transient_scan_4,1.836734693877551,mics2714_h2,99.86514073422133,narcotic_voc,27.0,54.0,1013.25,2,room_1,"[np.float64(29300.133240788426), np.float64(20213.181817411663), np.float64(13737.65930217047), np.float64(7852.394622198334), np.float64(8781.170718373363), np.float64(10632.923248780877), np.float64(11274.16653350745), np.float64(26265.401446028445), np.float64(19030.56970706312), np.float64(18084.77278435916)]"
synthetic_transient,transient_scan_4,2.0408163265306123,mics2714_h2,99.78892508414232,narcotic_voc,27.0,54.0,1013.25,2,room_1,"[np.float64(29300.133240788426), np.float64(20213.181817411663), np.float64(13737.65930217047), np.float64(7852.394622198334), np.float64(8781.170718373363), np.float64(10632.923248780877), np.float64(11274.16653350745), np.float64(26265.401446028445), np.float64(19030.56970706312), np.float64(18084.77278435916)]"
synthetic_transient,transient_scan_4,2.2448979591836737,mics2714_h2,95.2215928532626,narcotic_voc,27.0,54.0,1013.25,2,room_1,"[np.float64(29300.133240788426), np.float64(20213.181817411663), np.float64(13737.65930217047), np.float64(7852.394622198334), np.float64(8781.170718373363), np.float64(10632.923248780877), np.float64(11274.16653350745), np.float64(26265.401446028445), np.float64(19030.56970706312), np.float64(18084.77278435916)]"
synthetic_transient,transient_scan_4,2.4489795918367347,mics2714_h2,92.16429842201653,narcotic_voc,27.0,54.0,1013.25,2,room_1,"[np.float64(29300.133240788426), np.float64(20213.181817411663), np.float64(13737.65930217047), np.float64(7852.394622198334), np.float64(8781.170718373363), np.float64(10632.923248780877), np.float64(11274.16653350745), np.float64(26265.401446028445), np.float64(19030.56970706312), np.float64(18084.77278435916)]"
synthetic_transient,transient_scan_4,2.6530612244897958,mics2714_h2,89.60285143736289,narcotic_voc,27.0,54.0,1013.25,2,room_1,"[np.float64(29300.133240788426), np.float64(20213.181817411663), np.float64(13737.65930217047), np.float64(7852.394622198334), np.float64(8781.170718373363), np.float64(10632.923248780877), np.float64(11274.16653350745), np.float64(26265.401446028445), np.float64(19030.56970706312), np.float64(18084.77278435916)]"
synthetic_transient,transient_scan_4,2.857142857142857,mics2714_h2,86.64046531084642,narcotic_voc,27.0,54.0,1013.25,2,room_1,"[np.float64(29300.133240788426), np.float64(20213.181817411663), np.float64(13737.65930217047), np.float64(7852.394622198334), np.float64(8781.170718373363), np.float64(10632.923248780877), np.float64(11274.16653350745), np.float64(26265.401446028445), np.float64(19030.56970706312), np.float64(18084.77278435916)]"
synthetic_transient,transient_scan_4,3.0612244897959187,mics2714_h2,83.42756089350587,narcotic_voc,27.0,54.0,1013.25,2,room_1,"[np.float64(29300.133240788426), np.float64(20213.181817411663), np.float64(13737.65930217047), np.float64(7852.394622198334), np.float64(8781.170718373363), np.float64(10632.923248780877), np.float64(11274.16653350745), np.float64(26265.401446028445), np.float64(19030.56970706312), np.float64(18084.77278435916)]"
synthetic_transient,transient_scan_4,3.2653061224489797,mics2714_h2,81.17959984052774,narcotic_voc,27.0,54.0,1013.25,2,room_1,"[np.float64(29300.133240788426), np.float64(20213.181817411663), np.float64(13737.65930217047), np.float64(7852.394622198334), np.float64(8781.170718373363), np.float64(10632.923248780877), np.float64(11274.16653350745), np.float64(26265.401446028445), np.float64(19030.56970706312), np.float64(18084.77278435916)]"
synthetic_transient,transient_scan_4,3.4693877551020407,mics2714_h2,79.68787403329341,narcotic_voc,27.0,54.0,1013.25,2,room_1,"[np.float64(29300.133240788426), np.float64(20213.181817411663), np.float64(13737.65930217047), np.float64(7852.394622198334), np.float64(8781.170718373363), np.float64(10632.923248780877), np.float64(11274.16653350745), np.float64(26265.401446028445), np.float64(19030.56970706312), np.float64(18084.77278435916)]"
synthetic_transient,transient_scan_4,3.673469387755102,mics2714_h2,78.49152198008677,narcotic_voc,27.0,54.0,1013.25,2,room_1,"[np.float64(29300.133240788426), np.float64(20213.181817411663), np.float64(13737.65930217047), np.float64(7852.394622198334), np.float64(8781.170718373363), np.float64(10632.923248780877), np.float64(11274.16653350745), np.float64(26265.401446028445), np.float64(19030.56970706312), np.float64(18084.77278435916)]"
synthetic_transient,transient_scan_4,3.8775510204081636,mics2714_h2,75.7403992622132,narcotic_voc,27.0,54.0,1013.25,2,room_1,"[np.float64(29300.133240788426), np.float64(20213.181817411663), np.float64(13737.65930217047), np.float64(7852.394622198334), np.float64(8781.170718373363), np.float64(10632.923248780877), np.float64(11274.16653350745), np.float64(26265.401446028445), np.float64(19030.56970706312), np.float64(18084.77278435916)]"
synthetic_transient,transient_scan_4,4.081632653061225,mics2714_h2,75.10518243073663,narcotic_voc,27.0,54.0,1013.25,2,room_1,"[np.float64(29300.133240788426), np.float64(20213.181817411663), np.float64(13737.65930217047), np.float64(7852.394622198334), np.float64(8781.170718373363), np.float64(10632.923248780877), np.float64(11274.16653350745), np.float64(26265.401446028445), np.float64(19030.56970706312), np.float64(18084.77278435916)]"
synthetic_transient,transient_scan_4,4.285714285714286,mics2714_h2,72.6355550877487,narcotic_voc,27.0,54.0,1013.25,2,room_1,"[np.float64(29300.133240788426), np.float64(20213.181817411663), np.float64(13737.65930217047), np.float64(7852.394622198334), np.float64(8781.170718373363), np.float64(10632.923248780877), np.float64(11274.16653350745), np.float64(26265.401446028445), np.float64(19030.56970706312), np.float64(18084.77278435916)]"
synthetic_transient,transient_scan_4,4.4897959183673475,mics2714_h2,71.99479183596323,narcotic_voc,27.0,54.0,1013.25,2,room_1,"[np.float64(29300.133240788426), np.float64(20213.181817411663), np.float64(13737.65930217047), np.float64(7852.394622198334), np.float64(8781.170718373363), np.float64(10632.923248780877), np.float64(11274.16653350745), np.float64(26265.401446028445), np.float64(19030.56970706312), np.float64(18084.77278435916)]"
synthetic_transient,transient_scan_4,4.6938775510204085,mics2714_h2,70.95198064926552,narcotic_voc,27.0,54.0,1013.25,2,room_1,"[np.float64(29300.133240788426), np.float64(20213.181817411663), np.float64(13737.65930217047), np.float64(7852.394622198334), np.float64(8781.170718373363), np.float64(10632.923248780877), np.float64(11274.16653350745), np.float64(26265.401446028445), np.float64(19030.56970706312), np.float64(18084.77278435916)]"
synthetic_transient,transient_scan_4,4.8979591836734695,mics2714_h2,69.18741045580632,narcotic_voc,27.0,54.0,1013.25,2,room_1,"[np.float64(29300.133240788426), np.float64(20213.181817411663), np.float64(13737.65930217047), np.float64(7852.394622198334), np.float64(8781.170718373363), np.float64(10632.923248780877), np.float64(11274.16653350745), np.float64(26265.401446028445), np.float64(19030.56970706312), np.float64(18084.77278435916)]"
synthetic_transient,transient_scan_4,5.1020408163265305,mics2714_h2,68.10772114930184,narcotic_voc,27.0,54.0,1013.25,2,room_1,"[np.float64(29300.133240788426), np.float64(20213.181817411663), np.float64(13737.65930217047), np.float64(7852.394622198334), np.float64(8781.170718373363), np.float64(10632.923248780877), np.float64(11274.16653350745), np.float64(26265.401446028445), np.float64(19030.56970706312), np.float64(18084.77278435916)]"
synthetic_transient,transient_scan_4,5.3061224489795915,mics2714_h2,68.23121058142189,narcotic_voc,27.0,54.0,1013.25,2,room_1,"[np.float64(29300.133240788426), np.float64(20213.181817411663), np.float64(13737.65930217047), np.float64(7852.394622198334), np.float64(8781.170718373363), np.float64(10632.923248780877), np.float64(11274.16653350745), np.float64(26265.401446028445), np.float64(19030.56970706312), np.float64(18084.77278435916)]"
synthetic_transient,transient_scan_4,5.510204081632653,mics2714_h2,66.64980551520715,narcotic_voc,27.0,54.0,1013.25,2,room_1,"[np.float64(29300.133240788426), np.float64(20213.181817411663), np.float64(13737.65930217047), np.float64(7852.394622198334), np.float64(8781.170718373363), np.float64(10632.923248780877), np.float64(11274.16653350745), np.float64(26265.401446028445), np.float64(19030.56970706312), np.float64(18084.77278435916)]"
synthetic_transient,transient_scan_4,5.714285714285714,mics2714_h2,65.79754685630114,narcotic_voc,27.0,54.0,1013.25,2,room_1,"[np.float64(29300.133240788426), np.float64(20213.181817411663), np.float64(13737.65930217047), np.float64(7852.394622198334), np.float64(8781.170718373363), np.float64(10632.923248780877), np.float64(11274.16653350745), np.float64(26265.401446028445), np.float64(19030.56970706312), np.float64(18084.77278435916)]"
synthetic_transient,transient_scan_4,5.918367346938775,mics2714_h2,65.29695842242558,narcotic_voc,27.0,54.0,1013.25,2,room_1,"[np.float64(29300.133240788426), np.float64(20213.181817411663), np.float64(13737.65930217047), np.float64(7852.394622198334), np.float64(8781.170718373363), np.float64(10632.923248780877), np.float64(11274.16653350745), np.float64(26265.401446028445), np.float64(19030.56970706312), np.float64(18084.77278435916)]"
synthetic_transient,transient_scan_4,6.122448979591837,mics2714_h2,64.82411330362376,narcotic_voc,27.0,54.0,1013.25,2,room_1,"[np.float64(29300.133240788426), np.float64(20213.181817411663), np.float64(13737.65930217047), np.float64(7852.394622198334), np.float64(8781.170718373363), np.float64(10632.923248780877), np.float64(11274.16653350745), np.float64(26265.401446028445), np.float64(19030.56970706312), np.float64(18084.77278435916)]"
synthetic_transient,transient_scan_4,6.326530612244898,mics2714_h2,65.02627508658361,narcotic_voc,27.0,54.0,1013.25,2,room_1,"[np.float64(29300.133240788426), np.float64(20213.181817411663), np.float64(13737.65930217047), np.float64(7852.394622198334), np.float64(8781.170718373363), np.float64(10632.923248780877), np.float64(11274.16653350745), np.float64(26265.401446028445), np.float64(19030.56970706312), np.float64(18084.77278435916)]"
synthetic_transient,transient_scan_4,6.530612244897959,mics2714_h2,64.40945152467229,narcotic_voc,27.0,54.0,1013.25,2,room_1,"[np.float64(29300.133240788426), np.float64(20213.181817411663), np.float64(13737.65930217047), np.float64(7852.394622198334), np.float64(8781.170718373363), np.float64(10632.923248780877), np.float64(11274.16653350745), np.float64(26265.401446028445), np.float64(19030.56970706312), np.float64(18084.77278435916)]"
synthetic_transient,transient_scan_4,6.73469387755102,mics2714_h2,64.10699174847095,narcotic_voc,27.0,54.0,1013.25,2,room_1,"[np.float64(29300.133240788426), np.float64(20213.181817411663), np.float64(13737.65930217047), np.float64(7852.394622198334), np.float64(8781.170718373363), np.float64(10632.923248780877), np.float64(11274.16653350745), np.float64(26265.401446028445), np.float64(19030.56970706312), np.float64(18084.77278435916)]"
synthetic_transient,transient_scan_4,6.938775510204081,mics2714_h2,63.59615636579802,narcotic_voc,27.0,54.0,1013.25,2,room_1,"[np.float64(29300.133240788426), np.float64(20213.181817411663), np.float64(13737.65930217047), np.float64(7852.394622198334), np.float64(8781.170718373363), np.float64(10632.923248780877), np.float64(11274.16653350745), np.float64(26265.401446028445), np.float64(19030.56970706312), np.float64(18084.77278435916)]"
synthetic_transient,transient_scan_4,7.142857142857143,mics2714_h2,62.760131398507404,narcotic_voc,27.0,54.0,1013.25,2,room_1,"[np.float64(29300.133240788426), np.float64(20213.181817411663), np.float64(13737.65930217047), np.float64(7852.394622198334), np.float64(8781.170718373363), np.float64(10632.923248780877), np.float64(11274.16653350745), np.float64(26265.401446028445), np.float64(19030.56970706312), np.float64(18084.77278435916)]"
synthetic_transient,transient_scan_4,7.346938775510204,mics2714_h2,63.10904657946277,narcotic_voc,27.0,54.0,1013.25,2,room_1,"[np.float64(29300.133240788426), np.float64(20213.181817411663), np.float64(13737.65930217047), np.float64(7852.394622198334), np.float64(8781.170718373363), np.float64(10632.923248780877), np.float64(11274.16653350745), np.float64(26265.401446028445), np.float64(19030.56970706312), np.float64(18084.77278435916)]"
synthetic_transient,transient_scan_4,7.551020408163265,mics2714_h2,63.08393386713621,narcotic_voc,27.0,54.0,1013.25,2,room_1,"[np.float64(29300.133240788426), np.float64(20213.181817411663), np.float64(13737.65930217047), np.float64(7852.394622198334), np.float64(8781.170718373363), np.float64(10632.923248780877), np.float64(11274.16653350745), np.float64(26265.401446028445), np.float64(19030.56970706312), np.float64(18084.77278435916)]"
synthetic_transient,transient_scan_4,7.755102040816327,mics2714_h2,62.54314777583391,narcotic_voc,27.0,54.0,1013.25,2,room_1,"[np.float64(29300.133240788426), np.float64(20213.181817411663), np.float64(13737.65930217047), np.float64(7852.394622198334), np.float64(8781.170718373363), np.float64(10632.923248780877), np.float64(11274.16653350745), np.float64(26265.401446028445), np.float64(19030.56970706312), np.float64(18084.77278435916)]"
synthetic_transient,transient_scan_4,7.959183673469388,mics2714_h2,62.2573707479278,narcotic_voc,27.0,54.0,1013.25,2,room_1,"[np.float64(29300.133240788426), np.float64(20213.181817411663), np.float64(13737.65930217047), np.float64(7852.394622198334), np.float64(8781.170718373363), np.float64(10632.923248780877), np.float64(11274.16653350745), np.float64(26265.401446028445), np.float64(19030.56970706312), np.float64(18084.77278435916)]"
synthetic_transient,transient_scan_4,8.16326530612245,mics2714_h2,61.451844040640644,narcotic_voc,27.0,54.0,1013.25,2,room_1,"[np.float64(29300.133240788426), np.float64(20213.181817411663), np.float64(13737.65930217047), np.float64(7852.394622198334), np.float64(8781.170718373363), np.float64(10632.923248780877), np.float64(11274.16653350745), np.float64(26265.401446028445), np.float64(19030.56970706312), np.float64(18084.77278435916)]"
synthetic_transient,transient_scan_4,8.36734693877551,mics2714_h2,61.76323540881193,narcotic_voc,27.0,54.0,1013.25,2,room_1,"[np.float64(29300.133240788426), np.float64(20213.181817411663), np.float64(13737.65930217047), np.float64(7852.394622198334), np.float64(8781.170718373363), np.float64(10632.923248780877), np.float64(11274.16653350745), np.float64(26265.401446028445), np.float64(19030.56970706312), np.float64(18084.77278435916)]"
synthetic_transient,transient_scan_4,8.571428571428571,mics2714_h2,61.086433389965116,narcotic_voc,27.0,54.0,1013.25,2,room_1,"[np.float64(29300.133240788426), np.float64(20213.181817411663), np.float64(13737.65930217047), np.float64(7852.394622198334), np.float64(8781.170718373363), np.float64(10632.923248780877), np.float64(11274.16653350745), np.float64(26265.401446028445), np.float64(19030.56970706312), np.float64(18084.77278435916)]"
synthetic_transient,transient_scan_4,8.775510204081632,mics2714_h2,61.33936344862816,narcotic_voc,27.0,54.0,1013.25,2,room_1,"[np.float64(29300.133240788426), np.float64(20213.181817411663), np.float64(13737.65930217047), np.float64(7852.394622198334), np.float64(8781.170718373363), np.float64(10632.923248780877), np.float64(11274.16653350745), np.float64(26265.401446028445), np.float64(19030.56970706312), np.float64(18084.77278435916)]"
synthetic_transient,transient_scan_4,8.979591836734695,mics2714_h2,60.40015057935618,narcotic_voc,27.0,54.0,1013.25,2,room_1,"[np.float64(29300.133240788426), np.float64(20213.181817411663), np.float64(13737.65930217047), np.float64(7852.394622198334), np.float64(8781.170718373363), np.float64(10632.923248780877), np.float64(11274.16653350745), np.float64(26265.401446028445), np.float64(19030.56970706312), np.float64(18084.77278435916)]"
synthetic_transient,transient_scan_4,9.183673469387756,mics2714_h2,60.28562824396655,narcotic_voc,27.0,54.0,1013.25,2,room_1,"[np.float64(29300.133240788426), np.float64(20213.181817411663), np.float64(13737.65930217047), np.float64(7852.394622198334), np.float64(8781.170718373363), np.float64(10632.923248780877), np.float64(11274.16653350745), np.float64(26265.401446028445), np.float64(19030.56970706312), np.float64(18084.77278435916)]"
synthetic_transient,transient_scan_4,9.387755102040817,mics2714_h2,60.89949052782278,narcotic_voc,27.0,54.0,1013.25,2,room_1,"[np.float64(29300.133240788426), np.float64(20213.181817411663), np.float64(13737.65930217047), np.float64(7852.394622198334), np.float64(8781.170718373363), np.float64(10632.923248780877), np.float64(11274.16653350745), np.float64(26265.401446028445), np.float64(19030.56970706312), np.float64(18084.77278435916)]"
synthetic_transient,transient_scan_4,9.591836734693878,mics2714_h2,60.62427087321823,narcotic_voc,27.0,54.0,1013.25,2,room_1,"[np.float64(29300.133240788426), np.float64(20213.181817411663), np.float64(13737.65930217047), np.float64(7852.394622198334), np.float64(8781.170718373363), np.float64(10632.923248780877), np.float64(11274.16653350745), np.float64(26265.401446028445), np.float64(19030.56970706312), np.float64(18084.77278435916)]"
synthetic_transient,transient_scan_4,9.795918367346939,mics2714_h2,60.86472414277463,narcotic_voc,27.0,54.0,1013.25,2,room_1,"[np.float64(29300.133240788426), np.float64(20213.181817411663), np.float64(13737.65930217047), np.float64(7852.394622198334), np.float64(8781.170718373363), np.float64(10632.923248780877), np.float64(11274.16653350745), np.float64(26265.401446028445), np.float64(19030.56970706312), np.float64(18084.77278435916)]"
synthetic_transient,transient_scan_4,10.0,mics2714_h2,60.66524126599181,narcotic_voc,27.0,54.0,1013.25,2,room_1,"[np.float64(29300.133240788426), np.float64(20213.181817411663), np.float64(13737.65930217047), np.float64(7852.394622198334), np.float64(8781.170718373363), np.float64(10632.923248780877), np.float64(11274.16653350745), np.float64(26265.401446028445), np.float64(19030.56970706312), np.float64(18084.77278435916)]"
synthetic_transient,transient_scan_5,0.0,mq2,99.91931781349524,clean,27.5,55.0,1013.25,3,room_2,"[np.float64(28692.200649111768), np.float64(6807.9118814484655), np.float64(28877.880182292534), np.float64(18064.41498341863), np.float64(12489.141948846847), np.float64(6921.551881904088), np.float64(17515.606701760444), np.float64(24862.888612268718), np.float64(22677.161931667455), np.float64(6255.650286599344)]"
synthetic_transient,transient_scan_5,0.20408163265306123,mq2,99.64521385352339,clean,27.5,55.0,1013.25,3,room_2,"[np.float64(28692.200649111768), np.float64(6807.9118814484655), np.float64(28877.880182292534), np.float64(18064.41498341863), np.float64(12489.141948846847), np.float64(6921.551881904088), np.float64(17515.606701760444), np.float64(24862.888612268718), np.float64(22677.161931667455), np.float64(6255.650286599344)]"
synthetic_transient,transient_scan_5,0.40816326530612246,mq2,99.50098508141014,clean,27.5,55.0,1013.25,3,room_2,"[np.float64(28692.200649111768), np.float64(6807.9118814484655), np.float64(28877.880182292534), np.float64(18064.41498341863), np.float64(12489.141948846847), np.float64(6921.551881904088), np.float64(17515.606701760444), np.float64(24862.888612268718), np.float64(22677.161931667455), np.float64(6255.650286599344)]"
synthetic_transient,transient_scan_5,0.6122448979591837,mq2,99.618284329925,clean,27.5,55.0,1013.25,3,room_2,"[np.float64(28692.200649111768), np.float64(6807.9118814484655), np.float64(28877.880182292534), np.float64(18064.41498341863), np.float64(12489.141948846847), np.float64(6921.551881904088), np.float64(17515.606701760444), np.float64(24862.888612268718), np.float64(22677.161931667455), np.float64(6255.650286599344)]"
synthetic_transient,transient_scan_5,0.8163265306122449,mq2,100.4364595933854,clean,27.5,55.0,1013.25,3,room_2,"[np.float64(28692.200649111768), np.float64(6807.9118814484655), np.float64(28877.880182292534), np.float64(18064.41498341863), np.float64(12489.141948846847), np.float64(6921.551881904088), np.float64(17515.606701760444), np.float64(24862.888612268718), np.float64(22677.161931667455), np.float64(6255.650286599344)]"
synthetic_transient,transient_scan_5,1.0204081632653061,mq2,99.6850473726408,clean,27.5,55.0,1013.25,3,room_2,"[np.float64(28692.200649111768), np.float64(6807.9118814484655), np.float64(28877.880182292534), np.float64(18064.41498341863), np.float64(12489.141948846847), np.float64(6921.551881904088), np.float64(17515.606701760444), np.float64(24862.888612268718), np.float64(22677.161931667455), np.float64(6255.650286599344)]"
synthetic_transient,transient_scan_5,1.2244897959183674,mq2,99.92253769908186,clean,27.5,55.0,1013.25,3,room_2,"[np.float64(28692.200649111768), np.float64(6807.9118814484655), np.float64(28877.880182292534), np.float64(18064.41498341863), np.float64(12489.141948846847), np.float64(6921.551881904088), np.float64(17515.606701760444), np.float64(24862.888612268718), np.float64(22677.161931667455), np.float64(6255.650286599344)]"
synthetic_transient,transient_scan_5,1.4285714285714286,mq2,100.35036814256645,clean,27.5,55.0,1013.25,3,room_2,"[np.float64(28692.200649111768), np.float64(6807.9118814484655), np.float64(28877.880182292534), np.float64(18064.41498341863), np.float64(12489.141948846847), np.float64(6921.551881904088), np.float64(17515.606701760444), np.float64(24862.888612268718), np.float64(22677.161931667455), np.float64(6255.650286599344)]"
synthetic_transient,transient_scan_5,1.6326530612244898,mq2,99.86080441459451,clean,27.5,55.0,1013.25,3,room_2,"[np.float64(28692.200649111768), np.float64(6807.9118814484655), np.float64(28877.880182292534), np.float64(18064.41498341863), np.float64(12489.141948846847), np.float64(6921.551881904088), np.float64(17515.606701760444), np.float64(24862.888612268718), np.float64(22677.161931667455), np.float64(6255.650286599344)]"
synthetic_transient,transient_scan_5,1.836734693877551,mq2,100.31668065742183,clean,27.5,55.0,1013.25,3,room_2,"[np.float64(28692.200649111768), np.float64(6807.9118814484655), np.float64(28877.880182292534), np.float64(18064.41498341863), np.float64(12489.141948846847), np.float64(6921.551881904088), np.float64(17515.606701760444), np.float64(24862.888612268718), np.float64(22677.161931667455), np.float64(6255.650286599344)]"
synthetic_transient,transient_scan_5,2.0408163265306123,mq2,98.42155043293275,clean,27.5,55.0,1013.25,3,room_2,"[np.float64(28692.200649111768), np.float64(6807.9118814484655), np.float64(28877.880182292534), np.float64(18064.41498341863), np.float64(12489.141948846847), np.float64(6921.551881904088), np.float64(17515.606701760444), np.float64(24862.888612268718), np.float64(22677.161931667455), np.float64(6255.650286599344)]"
synthetic_transient,transient_scan_5,2.2448979591836737,mq2,95.3237834262834,clean,27.5,55.0,1013.25,3,room_2,"[np.float64(28692.200649111768), np.float64(6807.9118814484655), np.float64(28877.880182292534), np.float64(18064.41498341863), np.float64(12489.141948846847), np.float64(6921.551881904088), np.float64(17515.606701760444), np.float64(24862.888612268718), np.float64(22677.161931667455), np.float64(6255.650286599344)]"
synthetic_transient,transient_scan_5,2.4489795918367347,mq2,91.99639720595033,clean,27.5,55.0,1013.25,3,room_2,"[np.float64(28692.200649111768), np.float64(6807.9118814484655), np.float64(28877.880182292534), np.float64(18064.41498341863), np.float64(12489.141948846847), np.float64(6921.551881904088), np.float64(17515.606701760444), np.float64(24862.888612268718), np.float64(22677.161931667455), np.float64(6255.650286599344)]"
synthetic_transient,transient_scan_5,2.6530612244897958,mq2,88.86846097573932,clean,27.5,55.0,1013.25,3,room_2,"[np.float64(28692.200649111768), np.float64(6807.9118814484655), np.float64(28877.880182292534), np.float64(18064.41498341863), np.float64(12489.141948846847), np.float64(6921.551881904088), np.float64(17515.606701760444), np.float64(24862.888612268718), np.float64(22677.161931667455), np.float64(6255.650286599344)]"
synthetic_transient,transient_scan_5,2.857142857142857,mq2,85.23110295232279,clean,27.5,55.0,1013.25,3,room_2,"[np.float64(28692.200649111768), np.float64(6807.9118814484655), np.float64(28877.880182292534), np.float64(18064.41498341863), np.float64(12489.141948846847), np.float64(6921.551881904088), np.float64(17515.606701760444), np.float64(24862.888612268718), np.float64(22677.161931667455), np.float64(6255.650286599344)]"
synthetic_transient,transient_scan_5,3.0612244897959187,mq2,84.1313447065639,clean,27.5,55.0,1013.25,3,room_2,"[np.float64(28692.200649111768), np.float64(6807.9118814484655), np.float64(28877.880182292534), np.float64(18064.41498341863), np.float64(12489.141948846847), np.float64(6921.551881904088), np.float64(17515.606701760444), np.float64(24862.888612268718), np.float64(22677.161931667455), np.float64(6255.650286599344)]"
synthetic_transient,transient_scan_5,3.2653061224489797,mq2,80.81989053073889,clean,27.5,55.0,1013.25,3,room_2,"[np.float64(28692.200649111768), np.float64(6807.9118814484655), np.float64(28877.880182292534), np.float64(18064.41498341863), np.float64(12489.141948846847), np.float64(6921.551881904088), np.float64(17515.606701760444), np.float64(24862.888612268718), np.float64(22677.161931667455), np.float64(6255.650286599344)]"
synthetic_transient,transient_scan_5,3.4693877551020407,mq2,79.353609315833,clean,27.5,55.0,1013.25,3,room_2,"[np.float64(28692.200649111768), np.float64(6807.9118814484655), np.float64(28877.880182292534), np.float64(18064.41498341863), np.float64(12489.141948846847), np.float64(6921.551881904088), np.float64(17515.606701760444), np.float64(24862.888612268718), np.float64(22677.161931667455), np.float64(6255.650286599344)]"
synthetic_transient,transient_scan_5,3.673469387755102,mq2,77.32888191926779,clean,27.5,55.0,1013.25,3,room_2,"[np.float64(28692.200649111768), np.float64(6807.9118814484655), np.float64(28877.880182292534), np.float64(18064.41498341863), np.float64(12489.141948846847), np.float64(6921.551881904088), np.float64(17515.606701760444), np.float64(24862.888612268718), np.float64(22677.161931667455), np.float64(6255.650286599344)]"
synthetic_transient,transient_scan_5,3.8775510204081636,mq2,76.14611268691901,clean,27.5,55.0,1013.25,3,room_2,"[np.float64(28692.200649111768), np.float64(6807.9118814484655), np.float64(28877.880182292534), np.float64(18064.41498341863), np.float64(12489.141948846847), np.float64(6921.551881904088), np.float64(17515.606701760444), np.float64(24862.888612268718), np.float64(22677.161931667455), np.float64(6255.650286599344)]"
synthetic_transient,transient_scan_5,4.081632653061225,mq2,75.22039502515292,clean,27.5,55.0,1013.25,3,room_2,"[np.float64(28692.200649111768), np.float64(6807.9118814484655), np.float64(28877.880182292534), np.float64(18064.41498341863), np.float64(12489.141948846847), np.float64(6921.551881904088), np.float64(17515.606701760444), np.float64(24862.888612268718), np.float64(22677.161931667455), np.float64(6255.650286599344)]"
synthetic_transient,transient_scan_5,4.285714285714286,mq2,72.11108005068739,clean,27.5,55.0,1013.25,3,room_2,"[np.float64(28692.200649111768), np.float64(6807.9118814484655), np.float64(28877.880182292534), np.float64(18064.41498341863), np.float64(12489.141948846847), np.float64(6921.551881904088), np.float64(17515.606701760444), np.float64(24862.888612268718), np.float64(22677.161931667455), np.float64(6255.650286599344)]"
synthetic_transient,transient_scan_5,4.4897959183673475,mq2,71.19435471357207,clean,27.5,55.0,1013.25,3,room_2,"[np.float64(28692.200649111768), np.float64(6807.9118814484655), np.float64(28877.880182292534), np.float64(18064.41498341863), np.float64(12489.141948846847), np.float64(6921.551881904088), np.float64(17515.606701760444), np.float64(24862.888612268718), np.float64(22677.161931667455), np.float64(6255.650286599344)]"
synthetic_transient,transient_scan_5,4.6938775510204085,mq2,70.4959490150614,clean,27.5,55.0,1013.25,3,room_2,"[np.float64(28692.200649111768), np.float64(6807.9118814484655), np.float64(28877.880182292534), np.float64(18064.41498341863), np.float64(12489.141948846847), np.float64(6921.551881904088), np.float64(17515.606701760444), np.float64(24862.888612268718), np.float64(22677.161931667455), np.float64(6255.650286599344)]"
synthetic_transient,transient_scan_5,4.8979591836734695,mq2,68.83971404895631,clean,27.5,55.0,1013.25,3,room_2,"[np.float64(28692.200649111768), np.float64(6807.9118814484655), np.float64(28877.880182292534), np.float64(18064.41498341863), np.float64(12489.141948846847), np.float64(6921.551881904088), np.float64(17515.606701760444), np.float64(24862.888612268718), np.float64(22677.161931667455), np.float64(6255.650286599344)]"
synthetic_transient,transient_scan_5,5.1020408163265305,mq2,68.87235149293053,clean,27.5,55.0,1013.25,3,room_2,"[np.float64(28692.200649111768), np.float64(6807.9118814484655), np.float64(28877.880182292534), np.float64(18064.41498341863), np.float64(12489.141948846847), np.float64(6921.551881904088), np.float64(17515.606701760444), np.float64(24862.888612268718), np.float64(22677.161931667455), np.float64(6255.650286599344)]"
synthetic_transient,transient_scan_5,5.3061224489795915,mq2,68.08020229822675,clean,27.5,55.0,1013.25,3,room_2,"[np.float64(28692.200649111768), np.float64(6807.9118814484655), np.float64(28877.880182292534), np.float64(18064.41498341863), np.float64(12489.141948846847), np.float64(6921.551881904088), np.float64(17515.606701760444), np.float64(24862.888612268718), np.float64(22677.161931667455), np.float64(6255.650286599344)]"
synthetic_transient,transient_scan_5,5.510204081632653,mq2,67.1953085218262,clean,27.5,55.0,1013.25,3,room_2,"[np.float64(28692.200649111768), np.float64(6807.9118814484655), np.float64(28877.880182292534), np.float64(18064.41498341863), np.float64(12489.141948846847), np.float64(6921.551881904088), np.float64(17515.606701760444), np.float64(24862.888612268718), np.float64(22677.161931667455), np.float64(6255.650286599344)]"
synthetic_transient,transient_scan_5,5.714285714285714,mq2,66.36301268807694,clean,27.5,55.0,1013.25,3,room_2,"[np.float64(28692.200649111768), np.float64(6807.9118814484655), np.float64(28877.880182292534), np.float64(18064.41498341863), np.float64(12489.141948846847), np.float64(6921.551881904088), np.float64(17515.606701760444), np.float64(24862.888612268718), np.float64(22677.161931667455), np.float64(6255.650286599344)]"
synthetic_transient,transient_scan_5,5.918367346938775,mq2,66.32379256231002,clean,27.5,55.0,1013.25,3,room_2,"[np.float64(28692.200649111768), np.float64(6807.9118814484655), np.float64(28877.880182292534), np.float64(18064.41498341863), np.float64(12489.141948846847), np.float64(6921.551881904088), np.float64(17515.606701760444), np.float64(24862.888612268718), np.float64(22677.161931667455), np.float64(6255.650286599344)]"
synthetic_transient,transient_scan_5,6.122448979591837,mq2,64.51410723200203,clean,27.5,55.0,1013.25,3,room_2,"[np.float64(28692.200649111768), np.float64(6807.9118814484655), np.float64(28877.880182292534), np.float64(18064.41498341863), np.float64(12489.141948846847), np.float64(6921.551881904088), np.float64(17515.606701760444), np.float64(24862.888612268718), np.float64(22677.161931667455), np.float64(6255.650286599344)]"
synthetic_transient,transient_scan_5,6.326530612244898,mq2,64.63060063194204,clean,27.5,55.0,1013.25,3,room_2,"[np.float64(28692.200649111768), np.float64(6807.9118814484655), np.float64(28877.880182292534), np.float64(18064.41498341863), np.float64(12489.141948846847), np.float64(6921.551881904088), np.float64(17515.606701760444), np.float64(24862.888612268718), np.float64(22677.161931667455), np.float64(6255.650286599344)]"
synthetic_transient,transient_scan_5,6.530612244897959,mq2,63.78252875366909,clean,27.5,55.0,1013.25,3,room_2,"[np.float64(28692.200649111768), np.float64(6807.9118814484655), np.float64(28877.880182292534), np.float64(18064.41498341863), np.float64(12489.141948846847), np.float64(6921.551881904088), np.float64(17515.606701760444), np.float64(24862.888612268718), np.float64(22677.161931667455), np.float64(6255.650286599344)]"
synthetic_transient,transient_scan_5,6.73469387755102,mq2,64.19412079237458,clean,27.5,55.0,1013.25,3,room_2,"[np.float64(28692.200649111768), np.float64(6807.9118814484655), np.float64(28877.880182292534), np.float64(18064.41498341863), np.float64(12489.141948846847), np.float64(6921.551881904088), np.float64(17515.606701760444), np.float64(24862.888612268718), np.float64(22677.161931667455), np.float64(6255.650286599344)]"
synthetic_transient,transient_scan_5,6.938775510204081,mq2,62.46879587799576,clean,27.5,55.0,1013.25,3,room_2,"[np.float64(28692.200649111768), np.float64(6807.9118814484655), np.float64(28877.880182292534), np.float64(18064.41498341863), np.float64(12489.141948846847), np.float64(6921.551881904088), np.float64(17515.606701760444), np.float64(24862.888612268718), np.float64(22677.161931667455), np.float64(6255.650286599344)]"
synthetic_transient,transient_scan_5,7.142857142857143,mq2,63.043009546834234,clean,27.5,55.0,1013.25,3,room_2,"[np.float64(28692.200649111768), np.float64(6807.9118814484655), np.float64(28877.880182292534), np.float64(18064.41498341863), np.float64(12489.141948846847), np.float64(6921.551881904088), np.float64(17515.606701760444), np.float64(24862.888612268718), np.float64(22677.161931667455), np.float64(6255.650286599344)]"
synthetic_transient,transient_scan_5,7.346938775510204,mq2,62.92811449504361,clean,27.5,55.0,1013.25,3,room_2,"[np.float64(28692.200649111768), np.float64(6807.9118814484655), np.float64(28877.880182292534), np.float64(18064.41498341863), np.float64(12489.141948846847), np.float64(6921.551881904088), np.float64(17515.606701760444), np.float64(24862.888612268718), np.float64(22677.161931667455), np.float64(6255.650286599344)]"
synthetic_transient,transient_scan_5,7.551020408163265,mq2,62.018960886346676,clean,27.5,55.0,1013.25,3,room_2,"[np.float64(28692.200649111768), np.float64(6807.9118814484655), np.float64(28877.880182292534), np.float64(18064.41498341863), np.float64(12489.141948846847), np.float64(6921.551881904088), np.float64(17515.606701760444), np.float64(24862.888612268718), np.float64(22677.161931667455), np.float64(6255.650286599344)]"
synthetic_transient,transient_scan_5,7.755102040816327,mq2,61.937801151663464,clean,27.5,55.0,1013.25,3,room_2,"[np.float64(28692.200649111768), np.float64(6807.9118814484655), np.float64(28877.880182292534), np.float64(18064.41498341863), np.float64(12489.141948846847), np.float64(6921.551881904088), np.float64(17515.606701760444), np.float64(24862.888612268718), np.float64(22677.161931667455), np.float64(6255.650286599344)]"
synthetic_transient,transient_scan_5,7.959183673469388,mq2,62.04023228530093,clean,27.5,55.0,1013.25,3,room_2,"[np.float64(28692.200649111768), np.float64(6807.9118814484655), np.float64(28877.880182292534), np.float64(18064.41498341863), np.float64(12489.141948846847), np.float64(6921.551881904088), np.float64(17515.606701760444), np.float64(24862.888612268718), np.float64(22677.161931667455), np.float64(6255.650286599344)]"
synthetic_transient,transient_scan_5,8.16326530612245,mq2,62.312919483646716,clean,27.5,55.0,1013.25,3,room_2,"[np.float64(28692.200649111768), np.float64(6807.9118814484655), np.float64(28877.880182292534), np.float64(18064.41498341863), np.float64(12489.141948846847), np.float64(6921.551881904088), np.float64(17515.606701760444), np.float64(24862.888612268718), np.float64(22677.161931667455), np.float64(6255.650286599344)]"
synthetic_transient,transient_scan_5,8.36734693877551,mq2,61.14089225503116,clean,27.5,55.0,1013.25,3,room_2,"[np.float64(28692.200649111768), np.float64(6807.9118814484655), np.float64(28877.880182292534), np.float64(18064.41498341863), np.float64(12489.141948846847), np.float64(6921.551881904088), np.float64(17515.606701760444), np.float64(24862.888612268718), np.float64(22677.161931667455), np.float64(6255.650286599344)]"
synthetic_transient,transient_scan_5,8.571428571428571,mq2,61.06732908450213,clean,27.5,55.0,1013.25,3,room_2,"[np.float64(28692.200649111768), np.float64(6807.9118814484655), np.float64(28877.880182292534), np.float64(18064.41498341863), np.float64(12489.141948846847), np.float64(6921.551881904088), np.float64(17515.606701760444), np.float64(24862.888612268718), np.float64(22677.161931667455), np.float64(6255.650286599344)]"
synthetic_transient,transient_scan_5,8.775510204081632,mq2,61.914171263188635,clean,27.5,55.0,1013.25,3,room_2,"[np.float64(28692.200649111768), np.float64(6807.9118814484655), np.float64(28877.880182292534), np.float64(18064.41498341863), np.float64(12489.141948846847), np.float64(6921.551881904088), np.float64(17515.606701760444), np.float64(24862.888612268718), np.float64(22677.161931667455), np.float64(6255.650286599344)]"
synthetic_transient,transient_scan_5,8.979591836734695,mq2,61.08379619900892,clean,27.5,55.0,1013.25,3,room_2,"[np.float64(28692.200649111768), np.float64(6807.9118814484655), np.float64(28877.880182292534), np.float64(18064.41498341863), np.float64(12489.141948846847), np.float64(6921.551881904088), np.float64(17515.606701760444), np.float64(24862.888612268718), np.float64(22677.161931667455), np.float64(6255.650286599344)]"
synthetic_transient,transient_scan_5,9.183673469387756,mq2,60.7131379255401,clean,27.5,55.0,1013.25,3,room_2,"[np.float64(28692.200649111768), np.float64(6807.9118814484655), np.float64(28877.880182292534), np.float64(18064.41498341863), np.float64(12489.141948846847), np.float64(6921.551881904088), np.float64(17515.606701760444), np.float64(24862.888612268718), np.float64(22677.161931667455), np.float64(6255.650286599344)]"
synthetic_transient,transient_scan_5,9.387755102040817,mq2,61.35935677140475,clean,27.5,55.0,1013.25,3,room_2,"[np.float64(28692.200649111768), np.float64(6807.9118814484655), np.float64(28877.880182292534), np.float64(18064.41498341863), np.float64(12489.141948846847), np.float64(6921.551881904088), np.float64(17515.606701760444), np.float64(24862.888612268718), np.float64(22677.161931667455), np.float64(6255.650286599344)]"
synthetic_transient,transient_scan_5,9.591836734693878,mq2,60.654392210515596,clean,27.5,55.0,1013.25,3,room_2,"[np.float64(28692.200649111768), np.float64(6807.9118814484655), np.float64(28877.880182292534), np.float64(18064.41498341863), np.float64(12489.141948846847), np.float64(6921.551881904088), np.float64(17515.606701760444), np.float64(24862.888612268718), np.float64(22677.161931667455), np.float64(6255.650286599344)]"
synthetic_transient,transient_scan_5,9.795918367346939,mq2,61.325041313706926,clean,27.5,55.0,1013.25,3,room_2,"[np.float64(28692.200649111768), np.float64(6807.9118814484655), np.float64(28877.880182292534), np.float64(18064.41498341863), np.float64(12489.141948846847), np.float64(6921.551881904088), np.float64(17515.606701760444), np.float64(24862.888612268718), np.float64(22677.161931667455), np.float64(6255.650286599344)]"
synthetic_transient,transient_scan_5,10.0,mq2,60.40076536705951,clean,27.5,55.0,1013.25,3,room_2,"[np.float64(28692.200649111768), np.float64(6807.9118814484655), np.float64(28877.880182292534), np.float64(18064.41498341863), np.float64(12489.141948846847), np.float64(6921.551881904088), np.float64(17515.606701760444), np.float64(24862.888612268718), np.float64(22677.161931667455), np.float64(6255.650286599344)]"
synthetic_transient,transient_scan_5,0.0,mq3,99.9202027190875,clean,27.5,55.0,1013.25,3,room_2,"[np.float64(28692.200649111768), np.float64(6807.9118814484655), np.float64(28877.880182292534), np.float64(18064.41498341863), np.float64(12489.141948846847), np.float64(6921.551881904088), np.float64(17515.606701760444), np.float64(24862.888612268718), np.float64(22677.161931667455), np.float64(6255.650286599344)]"
synthetic_transient,transient_scan_5,0.20408163265306123,mq3,100.47248583269436,clean,27.5,55.0,1013.25,3,room_2,"[np.float64(28692.200649111768), np.float64(6807.9118814484655), np.float64(28877.880182292534), np.float64(18064.41498341863), np.float64(12489.141948846847), np.float64(6921.551881904088), np.float64(17515.606701760444), np.float64(24862.888612268718), np.float64(22677.161931667455), np.float64(6255.650286599344)]"
synthetic_transient,transient_scan_5,0.40816326530612246,mq3,99.88686956441312,clean,27.5,55.0,1013.25,3,room_2,"[np.float64(28692.200649111768), np.float64(6807.9118814484655), np.float64(28877.880182292534), np.float64(18064.41498341863), np.float64(12489.141948846847), np.float64(6921.551881904088), np.float64(17515.606701760444), np.float64(24862.888612268718), np.float64(22677.161931667455), np.float64(6255.650286599344)]"
synthetic_transient,transient_scan_5,0.6122448979591837,mq3,100.37802666103933,clean,27.5,55.0,1013.25,3,room_2,"[np.float64(28692.200649111768), np.float64(6807.9118814484655), np.float64(28877.880182292534), np.float64(18064.41498341863), np.float64(12489.141948846847), np.float64(6921.551881904088), np.float64(17515.606701760444), np.float64(24862.888612268718), np.float64(22677.161931667455), np.float64(6255.650286599344)]"
synthetic_transient,transient_scan_5,0.8163265306122449,mq3,99.9672261966095,clean,27.5,55.0,1013.25,3,room_2,"[np.float64(28692.200649111768), np.float64(6807.9118814484655), np.float64(28877.880182292534), np.float64(18064.41498341863), np.float64(12489.141948846847), np.float64(6921.551881904088), np.float64(17515.606701760444), np.float64(24862.888612268718), np.float64(22677.161931667455), np.float64(6255.650286599344)]"
synthetic_transient,transient_scan_5,1.0204081632653061,mq3,100.99084590320001,clean,27.5,55.0,1013.25,3,room_2,"[np.float64(28692.200649111768), np.float64(6807.9118814484655), np.float64(28877.880182292534), np.float64(18064.41498341863), np.float64(12489.141948846847), np.float64(6921.551881904088), np.float64(17515.606701760444), np.float64(24862.888612268718), np.float64(22677.161931667455), np.float64(6255.650286599344)]"
synthetic_transient,transient_scan_5,1.2244897959183674,mq3,100.78438930205142,clean,27.5,55.0,1013.25,3,room_2,"[np.float64(28692.200649111768), np.float64(6807.9118814484655), np.float64(28877.880182292534), np.float64(18064.41498341863), np.float64(12489.141948846847), np.float64(6921.551881904088), np.float64(17515.606701760444), np.float64(24862.888612268718), np.float64(22677.161931667455), np.float64(6255.650286599344)]"
synthetic_transient,transient_scan_5,1.4285714285714286,mq3,99.33595186878313,clean,27.5,55.0,1013.25,3,room_2,"[np.float64(28692.200649111768), np.float64(6807.9118814484655), np.float64(28877.880182292534), np.float64(18064.41498341863), np.float64(12489.141948846847), np.float64(6921.551881904088), np.float64(17515.606701760444), np.float64(24862.888612268718), np.float64(22677.161931667455), np.float64(6255.650286599344)]"
synthetic_transient,transient_scan_5,1.6326530612244898,mq3,100.261121840624,clean,27.5,55.0,1013.25,3,room_2,"[np.float64(28692.200649111768), np.float64(6807.9118814484655), np.float64(28877.880182292534), np.float64(18064.41498341863), np.float64(12489.141948846847), np.float64(6921.551881904088), np.float64(17515.606701760444), np.float64(24862.888612268718), np.float64(22677.161931667455), np.float64(6255.650286599344)]"
synthetic_transient,transient_scan_5,1.836734693877551,mq3,99.59179800694947,clean,27.5,55.0,1013.25,3,room_2,"[np.float64(28692.200649111768), np.float64(6807.9118814484655), np.float64(28877.880182292534), np.float64(18064.41498341863), np.float64(12489.141948846847), np.float64(6921.551881904088), np.float64(17515.606701760444), np.float64(24862.888612268718), np.float64(22677.161931667455), np.float64(6255.650286599344)]"
synthetic_transient,transient_scan_5,2.0408163265306123,mq3,99.28770042354455,clean,27.5,55.0,1013.25,3,room_2,"[np.float64(28692.200649111768), np.float64(6807.9118814484655), np.float64(28877.880182292534), np.float64(18064.41498341863), np.float64(12489.141948846847), np.float64(6921.551881904088), np.float64(17515.606701760444), np.float64(24862.888612268718), np.float64(22677.161931667455), np.float64(6255.650286599344)]"
synthetic_transient,transient_scan_5,2.2448979591836737,mq3,95.42422708070949,clean,27.5,55.0,1013.25,3,room_2,"[np.float64(28692.200649111768), np.float64(6807.9118814484655), np.float64(28877.880182292534), np.float64(18064.41498341863), np.float64(12489.141948846847), np.float64(6921.551881904088), np.float64(17515.606701760444), np.float64(24862.888612268718), np.float64(22677.161931667455), np.float64(6255.650286599344)]"
synthetic_transient,transient_scan_5,2.4489795918367347,mq3,91.42925564910483,clean,27.5,55.0,1013.25,3,room_2,"[np.float64(28692.200649111768), np.float64(6807.9118814484655), np.float64(28877.880182292534), np.float64(18064.41498341863), np.float64(12489.141948846847), np.float64(6921.551881904088), np.float64(17515.606701760444), np.float64(24862.888612268718), np.float64(22677.161931667455), np.float64(6255.650286599344)]"
synthetic_transient,transient_scan_5,2.6530612244897958,mq3,89.3861338859554,clean,27.5,55.0,1013.25,3,room_2,"[np.float64(28692.200649111768), np.float64(6807.9118814484655), np.float64(28877.880182292534), np.float64(18064.41498341863), np.float64(12489.141948846847), np.float64(6921.551881904088), np.float64(17515.606701760444), np.float64(24862.888612268718), np.float64(22677.161931667455), np.float64(6255.650286599344)]"
synthetic_transient,transient_scan_5,2.857142857142857,mq3,86.15921377302676,clean,27.5,55.0,1013.25,3,room_2,"[np.float64(28692.200649111768), np.float64(6807.9118814484655), np.float64(28877.880182292534), np.float64(18064.41498341863), np.float64(12489.141948846847), np.float64(6921.551881904088), np.float64(17515.606701760444), np.float64(24862.888612268718), np.float64(22677.161931667455), np.float64(6255.650286599344)]"
synthetic_transient,transient_scan_5,3.0612244897959187,mq3,83.3874468655122,clean,27.5,55.0,1013.25,3,room_2,"[np.float64(28692.200649111768), np.float64(6807.9118814484655), np.float64(28877.880182292534), np.float64(18064.41498341863), np.float64(12489.141948846847), np.float64(6921.551881904088), np.float64(17515.606701760444), np.float64(24862.888612268718), np.float64(22677.161931667455), np.float64(6255.650286599344)]"
synthetic_transient,transient_scan_5,3.2653061224489797,mq3,81.0281720911028,clean,27.5,55.0,1013.25,3,room_2,"[np.float64(28692.200649111768), np.float64(6807.9118814484655), np.float64(28877.880182292534), np.float64(18064.41498341863), np.float64(12489.141948846847), np.float64(6921.551881904088), np.float64(17515.606701760444), np.float64(24862.888612268718), np.float64(22677.161931667455), np.float64(6255.650286599344)]"
synthetic_transient,transient_scan_5,3.4693877551020407,mq3,79.25597923808489,clean,27.5,55.0,1013.25,3,room_2,"[np.float64(28692.200649111768), np.float64(6807.9118814484655), np.float64(28877.880182292534), np.float64(18064.41498341863), np.float64(12489.141948846847), np.float64(6921.551881904088), np.float64(17515.606701760444), np.float64(24862.888612268718), np.float64(22677.161931667455), np.float64(6255.650286599344)]"
synthetic_transient,transient_scan_5,3.673469387755102,mq3,77.52886228670127,clean,27.5,55.0,1013.25,3,room_2,"[np.float64(28692.200649111768), np.float64(6807.9118814484655), np.float64(28877.880182292534), np.float64(18064.41498341863), np.float64(12489.141948846847), np.float64(6921.551881904088), np.float64(17515.606701760444), np.float64(24862.888612268718), np.float64(22677.161931667455), np.float64(6255.650286599344)]"
synthetic_transient,transient_scan_5,3.8775510204081636,mq3,75.58177003183454,clean,27.5,55.0,1013.25,3,room_2,"[np.float64(28692.200649111768), np.float64(6807.9118814484655), np.float64(28877.880182292534), np.float64(18064.41498341863), np.float64(12489.141948846847), np.float64(6921.551881904088), np.float64(17515.606701760444), np.float64(24862.888612268718), np.float64(22677.161931667455), np.float64(6255.650286599344)]"
synthetic_transient,transient_scan_5,4.081632653061225,mq3,72.71039082507771,clean,27.5,55.0,1013.25,3,room_2,"[np.float64(28692.200649111768), np.float64(6807.9118814484655), np.float64(28877.880182292534), np.float64(18064.41498341863), np.float64(12489.141948846847), np.float64(6921.551881904088), np.float64(17515.606701760444), np.float64(24862.888612268718), np.float64(22677.161931667455), np.float64(6255.650286599344)]"
synthetic_transient,transient_scan_5,4.285714285714286,mq3,72.76470765108004,clean,27.5,55.0,1013.25,3,room_2,"[np.float64(28692.200649111768), np.float64(6807.9118814484655), np.float64(28877.880182292534), np.float64(18064.41498341863), np.float64(12489.141948846847), np.float64(6921.551881904088), np.float64(17515.606701760444), np.float64(24862.888612268718), np.float64(22677.161931667455), np.float64(6255.650286599344)]"
synthetic_transient,transient_scan_5,4.4897959183673475,mq3,70.79807062340343,clean,27.5,55.0,1013.25,3,room_2,"[np.float64(28692.200649111768), np.float64(6807.9118814484655), np.float64(28877.880182292534), np.float64(18064.41498341863), np.float64(12489.141948846847), np.float64(6921.551881904088), np.float64(17515.606701760444), np.float64(24862.888612268718), np.float64(22677.161931667455), np.float64(6255.650286599344)]"
synthetic_transient,transient_scan_5,4.6938775510204085,mq3,70.29667648531733,clean,27.5,55.0,1013.25,3,room_2,"[np.float64(28692.200649111768), np.float64(6807.9118814484655), np.float64(28877.880182292534), np.float64(18064.41498341863), np.float64(12489.141948846847), np.float64(6921.551881904088), np.float64(17515.606701760444), np.float64(24862.888612268718), np.float64(22677.161931667455), np.float64(6255.650286599344)]"
synthetic_transient,transient_scan_5,4.8979591836734695,mq3,68.69010857919788,clean,27.5,55.0,1013.25,3,room_2,"[np.float64(28692.200649111768), np.float64(6807.9118814484655), np.float64(28877.880182292534), np.float64(18064.41498341863), np.float64(12489.141948846847), np.float64(6921.551881904088), np.float64(17515.606701760444), np.float64(24862.888612268718), np.float64(22677.161931667455), np.float64(6255.650286599344)]"
synthetic_transient,transient_scan_5,5.1020408163265305,mq3,67.77301137141292,clean,27.5,55.0,1013.25,3,room_2,"[np.float64(28692.200649111768), np.float64(6807.9118814484655), np.float64(28877.880182292534), np.float64(18064.41498341863), np.float64(12489.141948846847), np.float64(6921.551881904088), np.float64(17515.606701760444), np.float64(24862.888612268718), np.float64(22677.161931667455), np.float64(6255.650286599344)]"
synthetic_transient,transient_scan_5,5.3061224489795915,mq3,68.27607689812248,clean,27.5,55.0,1013.25,3,room_2,"[np.float64(28692.200649111768), np.float64(6807.9118814484655), np.float64(28877.880182292534), np.float64(18064.41498341863), np.float64(12489.141948846847), np.float64(6921.551881904088), np.float64(17515.606701760444), np.float64(24862.888612268718), np.float64(22677.161931667455), np.float64(6255.650286599344)]"
synthetic_transient,transient_scan_5,5.510204081632653,mq3,66.75553799335648,clean,27.5,55.0,1013.25,3,room_2,"[np.float64(28692.200649111768), np.float64(6807.9118814484655), np.float64(28877.880182292534), np.float64(18064.41498341863), np.float64(12489.141948846847), np.float64(6921.551881904088), np.float64(17515.606701760444), np.float64(24862.888612268718), np.float64(22677.161931667455), np.float64(6255.650286599344)]"
synthetic_transient,transient_scan_5,5.714285714285714,mq3,66.04639073272789,clean,27.5,55.0,1013.25,3,room_2,"[np.float64(28692.200649111768), np.float64(6807.9118814484655), np.float64(28877.880182292534), np.float64(18064.41498341863), np.float64(12489.141948846847), np.float64(6921.551881904088), np.float64(17515.606701760444), np.float64(24862.888612268718), np.float64(22677.161931667455), np.float64(6255.650286599344)]"
synthetic_transient,transient_scan_5,5.918367346938775,mq3,65.88020019773943,clean,27.5,55.0,1013.25,3,room_2,"[np.float64(28692.200649111768), np.float64(6807.9118814484655), np.float64(28877.880182292534), np.float64(18064.41498341863), np.float64(12489.141948846847), np.float64(6921.551881904088), np.float64(17515.606701760444), np.float64(24862.888612268718), np.float64(22677.161931667455), np.float64(6255.650286599344)]"
synthetic_transient,transient_scan_5,6.122448979591837,mq3,64.90662471130024,clean,27.5,55.0,1013.25,3,room_2,"[np.float64(28692.200649111768), np.float64(6807.9118814484655), np.float64(28877.880182292534), np.float64(18064.41498341863), np.float64(12489.141948846847), np.float64(6921.551881904088), np.float64(17515.606701760444), np.float64(24862.888612268718), np.float64(22677.161931667455), np.float64(6255.650286599344)]"
synthetic_transient,transient_scan_5,6.326530612244898,mq3,65.64986958033447,clean,27.5,55.0,1013.25,3,room_2,"[np.float64(28692.200649111768), np.float64(6807.9118814484655), np.float64(28877.880182292534), np.float64(18064.41498341863), np.float64(12489.141948846847), np.float64(6921.551881904088), np.float64(17515.606701760444), np.float64(24862.888612268718), np.float64(22677.161931667455), np.float64(6255.650286599344)]"
synthetic_transient,transient_scan_5,6.530612244897959,mq3,64.01542030767119,clean,27.5,55.0,1013.25,3,room_2,"[np.float64(28692.200649111768), np.float64(6807.9118814484655), np.float64(28877.880182292534), np.float64(18064.41498341863), np.float64(12489.141948846847), np.float64(6921.551881904088), np.float64(17515.606701760444), np.float64(24862.888612268718), np.float64(22677.161931667455), np.float64(6255.650286599344)]"
synthetic_transient,transient_scan_5,6.73469387755102,mq3,63.9317253320835,clean,27.5,55.0,1013.25,3,room_2,"[np.float64(28692.200649111768), np.float64(6807.9118814484655), np.float64(28877.880182292534), np.float64(18064.41498341863), np.float64(12489.141948846847), np.float64(6921.551881904088), np.float64(17515.606701760444), np.float64(24862.888612268718), np.float64(22677.161931667455), np.float64(6255.650286599344)]"
synthetic_transient,transient_scan_5,6.938775510204081,mq3,63.87093712593741,clean,27.5,55.0,1013.25,3,room_2,"[np.float64(28692.200649111768), np.float64(6807.9118814484655), np.float64(28877.880182292534), np.float64(18064.41498341863), np.float64(12489.141948846847), np.float64(6921.551881904088), np.float64(17515.606701760444), np.float64(24862.888612268718), np.float64(22677.161931667455), np.float64(6255.650286599344)]"
synthetic_transient,transient_scan_5,7.142857142857143,mq3,63.85817809243418,clean,27.5,55.0,1013.25,3,room_2,"[np.float64(28692.200649111768), np.float64(6807.9118814484655), np.float64(28877.880182292534), np.float64(18064.41498341863), np.float64(12489.141948846847), np.float64(6921.551881904088), np.float64(17515.606701760444), np.float64(24862.888612268718), np.float64(22677.161931667455), np.float64(6255.650286599344)]"
synthetic_transient,transient_scan_5,7.346938775510204,mq3,62.38949208367981,clean,27.5,55.0,1013.25,3,room_2,"[np.float64(28692.200649111768), np.float64(6807.9118814484655), np.float64(28877.880182292534), np.float64(18064.41498341863), np.float64(12489.141948846847), np.float64(6921.551881904088), np.float64(17515.606701760444), np.float64(24862.888612268718), np.float64(22677.161931667455), np.float64(6255.650286599344)]"
synthetic_transient,transient_scan_5,7.551020408163265,mq3,62.28372520191424,clean,27.5,55.0,1013.25,3,room_2,"[np.float64(28692.200649111768), np.float64(6807.9118814484655), np.float64(28877.880182292534), np.float64(18064.41498341863), np.float64(12489.141948846847), np.float64(6921.551881904088), np.float64(17515.606701760444), np.float64(24862.888612268718), np.float64(22677.161931667455), np.float64(6255.650286599344)]"
synthetic_transient,transient_scan_5,7.755102040816327,mq3,62.888192105421005,clean,27.5,55.0,1013.25,3,room_2,"[np.float64(28692.200649111768), np.float64(6807.9118814484655), np.float64(28877.880182292534), np.float64(18064.41498341863), np.float64(12489.141948846847), np.float64(6921.551881904088), np.float64(17515.606701760444), np.float64(24862.888612268718), np.float64(22677.161931667455), np.float64(6255.650286599344)]"
synthetic_transient,transient_scan_5,7.959183673469388,mq3,62.43757394664122,clean,27.5,55.0,1013.25,3,room_2,"[np.float64(28692.200649111768), np.float64(6807.9118814484655), np.float64(28877.880182292534), np.float64(18064.41498341863), np.float64(12489.141948846847), np.float64(6921.551881904088), np.float64(17515.606701760444), np.float64(24862.888612268718), np.float64(22677.161931667455), np.float64(6255.650286599344)]"
synthetic_transient,transient_scan_5,8.16326530612245,mq3,62.37295926176021,clean,27.5,55.0,1013.25,3,room_2,"[np.float64(28692.200649111768), np.float64(6807.9118814484655), np.float64(28877.880182292534), np.float64(18064.41498341863), np.float64(12489.141948846847), np.float64(6921.551881904088), np.float64(17515.606701760444), np.float64(24862.888612268718), np.float64(22677.161931667455), np.float64(6255.650286599344)]"
synthetic_transient,transient_scan_5,8.36734693877551,mq3,60.972974597544855,clean,27.5,55.0,1013.25,3,room_2,"[np.float64(28692.200649111768), np.float64(6807.9118814484655), np.float64(28877.880182292534), np.float64(18064.41498341863), np.float64(12489.141948846847), np.float64(6921.551881904088), np.float64(17515.606701760444), np.float64(24862.888612268718), np.float64(22677.161931667455), np.float64(6255.650286599344)]"
synthetic_transient,transient_scan_5,8.571428571428571,mq3,62.27055393165148,clean,27.5,55.0,1013.25,3,room_2,"[np.float64(28692.200649111768), np.float64(6807.9118814484655), np.float64(28877.880182292534), np.float64(18064.41498341863), np.float64(12489.141948846847), np.float64(6921.551881904088), np.float64(17515.606701760444), np.float64(24862.888612268718), np.float64(22677.161931667455), np.float64(6255.650286599344)]"
synthetic_transient,transient_scan_5,8.775510204081632,mq3,60.97067360602606,clean,27.5,55.0,1013.25,3,room_2,"[np.float64(28692.200649111768), np.float64(6807.9118814484655), np.float64(28877.880182292534), np.float64(18064.41498341863), np.float64(12489.141948846847), np.float64(6921.551881904088), np.float64(17515.606701760444), np.float64(24862.888612268718), np.float64(22677.161931667455), np.float64(6255.650286599344)]"
synthetic_transient,transient_scan_5,8.979591836734695,mq3,61.316430388039784,clean,27.5,55.0,1013.25,3,room_2,"[np.float64(28692.200649111768), np.float64(6807.9118814484655), np.float64(28877.880182292534), np.float64(18064.41498341863), np.float64(12489.141948846847), np.float64(6921.551881904088), np.float64(17515.606701760444), np.float64(24862.888612268718), np.float64(22677.161931667455), np.float64(6255.650286599344)]"
synthetic_transient,transient_scan_5,9.183673469387756,mq3,61.02779600666671,clean,27.5,55.0,1013.25,3,room_2,"[np.float64(28692.200649111768), np.float64(6807.9118814484655), np.float64(28877.880182292534), np.float64(18064.41498341863), np.float64(12489.141948846847), np.float64(6921.551881904088), np.float64(17515.606701760444), np.float64(24862.888612268718), np.float64(22677.161931667455), np.float64(6255.650286599344)]"
synthetic_transient,transient_scan_5,9.387755102040817,mq3,60.555772954522254,clean,27.5,55.0,1013.25,3,room_2,"[np.float64(28692.200649111768), np.float64(6807.9118814484655), np.float64(28877.880182292534), np.float64(18064.41498341863), np.float64(12489.141948846847), np.float64(6921.551881904088), np.float64(17515.606701760444), np.float64(24862.888612268718), np.float64(22677.161931667455), np.float64(6255.650286599344)]"
synthetic_transient,transient_scan_5,9.591836734693878,mq3,60.19222282742122,clean,27.5,55.0,1013.25,3,room_2,"[np.float64(28692.200649111768), np.float64(6807.9118814484655), np.float64(28877.880182292534), np.float64(18064.41498341863), np.float64(12489.141948846847), np.float64(6921.551881904088), np.float64(17515.606701760444), np.float64(24862.888612268718), np.float64(22677.161931667455), np.float64(6255.650286599344)]"
synthetic_transient,transient_scan_5,9.795918367346939,mq3,59.93940648772109,clean,27.5,55.0,1013.25,3,room_2,"[np.float64(28692.200649111768), np.float64(6807.9118814484655), np.float64(28877.880182292534), np.float64(18064.41498341863), np.float64(12489.141948846847), np.float64(6921.551881904088), np.float64(17515.606701760444), np.float64(24862.888612268718), np.float64(22677.161931667455), np.float64(6255.650286599344)]"
synthetic_transient,transient_scan_5,10.0,mq3,60.79213475857635,clean,27.5,55.0,1013.25,3,room_2,"[np.float64(28692.200649111768), np.float64(6807.9118814484655), np.float64(28877.880182292534), np.float64(18064.41498341863), np.float64(12489.141948846847), np.float64(6921.551881904088), np.float64(17515.606701760444), np.float64(24862.888612268718), np.float64(22677.161931667455), np.float64(6255.650286599344)]"
synthetic_transient,transient_scan_5,0.0,mq135,99.23734045488327,clean,27.5,55.0,1013.25,3,room_2,"[np.float64(28692.200649111768), np.float64(6807.9118814484655), np.float64(28877.880182292534), np.float64(18064.41498341863), np.float64(12489.141948846847), np.float64(6921.551881904088), np.float64(17515.606701760444), np.float64(24862.888612268718), np.float64(22677.161931667455), np.float64(6255.650286599344)]"
synthetic_transient,transient_scan_5,0.20408163265306123,mq135,99.43309220245656,clean,27.5,55.0,1013.25,3,room_2,"[np.float64(28692.200649111768), np.float64(6807.9118814484655), np.float64(28877.880182292534), np.float64(18064.41498341863), np.float64(12489.141948846847), np.float64(6921.551881904088), np.float64(17515.606701760444), np.float64(24862.888612268718), np.float64(22677.161931667455), np.float64(6255.650286599344)]"
synthetic_transient,transient_scan_5,0.40816326530612246,mq135,99.8909820609009,clean,27.5,55.0,1013.25,3,room_2,"[np.float64(28692.200649111768), np.float64(6807.9118814484655), np.float64(28877.880182292534), np.float64(18064.41498341863), np.float64(12489.141948846847), np.float64(6921.551881904088), np.float64(17515.606701760444), np.float64(24862.888612268718), np.float64(22677.161931667455), np.float64(6255.650286599344)]"
synthetic_transient,transient_scan_5,0.6122448979591837,mq135,98.68059574987005,clean,27.5,55.0,1013.25,3,room_2,"[np.float64(28692.200649111768), np.float64(6807.9118814484655), np.float64(28877.880182292534), np.float64(18064.41498341863), np.float64(12489.141948846847), np.float64(6921.551881904088), np.float64(17515.606701760444), np.float64(24862.888612268718), np.float64(22677.161931667455), np.float64(6255.650286599344)]"
synthetic_transient,transient_scan_5,0.8163265306122449,mq135,100.389489856022,clean,27.5,55.0,1013.25,3,room_2,"[np.float64(28692.200649111768), np.float64(6807.9118814484655), np.float64(28877.880182292534), np.float64(18064.41498341863), np.float64(12489.141948846847), np.float64(6921.551881904088), np.float64(17515.606701760444), np.float64(24862.888612268718), np.float64(22677.161931667455), np.float64(6255.650286599344)]"
synthetic_transient,transient_scan_5,1.0204081632653061,mq135,98.7950559164466,clean,27.5,55.0,1013.25,3,room_2,"[np.float64(28692.200649111768), np.float64(6807.9118814484655), np.float64(28877.880182292534), np.float64(18064.41498341863), np.float64(12489.141948846847), np.float64(6921.551881904088), np.float64(17515.606701760444), np.float64(24862.888612268718), np.float64(22677.161931667455), np.float64(6255.650286599344)]"
synthetic_transient,transient_scan_5,1.2244897959183674,mq135,99.96131380433361,clean,27.5,55.0,1013.25,3,room_2,"[np.float64(28692.200649111768), np.float64(6807.9118814484655), np.float64(28877.880182292534), np.float64(18064.41498341863), np.float64(12489.141948846847), np.float64(6921.551881904088), np.float64(17515.606701760444), np.float64(24862.888612268718), np.float64(22677.161931667455), np.float64(6255.650286599344)]"
synthetic_transient,transient_scan_5,1.4285714285714286,mq135,100.00750961329715,clean,27.5,55.0,1013.25,3,room_2,"[np.float64(28692.200649111768), np.float64(6807.9118814484655), np.float64(28877.880182292534), np.float64(18064.41498341863), np.float64(12489.141948846847), np.float64(6921.551881904088), np.float64(17515.606701760444), np.float64(24862.888612268718), np.float64(22677.161931667455), np.float64(6255.650286599344)]"
synthetic_transient,transient_scan_5,1.6326530612244898,mq135,100.26903086009091,clean,27.5,55.0,1013.25,3,room_2,"[np.float64(28692.200649111768), np.float64(6807.9118814484655), np.float64(28877.880182292534), np.float64(18064.41498341863), np.float64(12489.141948846847), np.float64(6921.551881904088), np.float64(17515.606701760444), np.float64(24862.888612268718), np.float64(22677.161931667455), np.float64(6255.650286599344)]"
synthetic_transient,transient_scan_5,1.836734693877551,mq135,99.97915959880505,clean,27.5,55.0,1013.25,3,room_2,"[np.float64(28692.200649111768), np.float64(6807.9118814484655), np.float64(28877.880182292534), np.float64(18064.41498341863), np.float64(12489.141948846847), np.float64(6921.551881904088), np.float64(17515.606701760444), np.float64(24862.888612268718), np.float64(22677.161931667455), np.float64(6255.650286599344)]"
synthetic_transient,transient_scan_5,2.0408163265306123,mq135,100.2009009360648,clean,27.5,55.0,1013.25,3,room_2,"[np.float64(28692.200649111768), np.float64(6807.9118814484655), np.float64(28877.880182292534), np.float64(18064.41498341863), np.float64(12489.141948846847), np.float64(6921.551881904088), np.float64(17515.606701760444), np.float64(24862.888612268718), np.float64(22677.161931667455), np.float64(6255.650286599344)]"
synthetic_transient,transient_scan_5,2.2448979591836737,mq135,95.4982002068386,clean,27.5,55.0,1013.25,3,room_2,"[np.float64(28692.200649111768), np.float64(6807.9118814484655), np.float64(28877.880182292534), np.float64(18064.41498341863), np.float64(12489.141948846847), np.float64(6921.551881904088), np.float64(17515.606701760444), np.float64(24862.888612268718), np.float64(22677.161931667455), np.float64(6255.650286599344)]"
synthetic_transient,transient_scan_5,2.4489795918367347,mq135,92.48375535727291,clean,27.5,55.0,1013.25,3,room_2,"[np.float64(28692.200649111768), np.float64(6807.9118814484655), np.float64(28877.880182292534), np.float64(18064.41498341863), np.float64(12489.141948846847), np.float64(6921.551881904088), np.float64(17515.606701760444), np.float64(24862.888612268718), np.float64(22677.161931667455), np.float64(6255.650286599344)]"
synthetic_transient,transient_scan_5,2.6530612244897958,mq135,88.4951602097551,clean,27.5,55.0,1013.25,3,room_2,"[np.float64(28692.200649111768), np.float64(6807.9118814484655), np.float64(28877.880182292534), np.float64(18064.41498341863), np.float64(12489.141948846847), np.float64(6921.551881904088), np.float64(17515.606701760444), np.float64(24862.888612268718), np.float64(22677.161931667455), np.float64(6255.650286599344)]"
synthetic_transient,transient_scan_5,2.857142857142857,mq135,86.11794070433696,clean,27.5,55.0,1013.25,3,room_2,"[np.float64(28692.200649111768), np.float64(6807.9118814484655), np.float64(28877.880182292534), np.float64(18064.41498341863), np.float64(12489.141948846847), np.float64(6921.551881904088), np.float64(17515.606701760444), np.float64(24862.888612268718), np.float64(22677.161931667455), np.float64(6255.650286599344)]"
synthetic_transient,transient_scan_5,3.0612244897959187,mq135,84.30357343086295,clean,27.5,55.0,1013.25,3,room_2,"[np.float64(28692.200649111768), np.float64(6807.9118814484655), np.float64(28877.880182292534), np.float64(18064.41498341863), np.float64(12489.141948846847), np.float64(6921.551881904088), np.float64(17515.606701760444), np.float64(24862.888612268718), np.float64(22677.161931667455), np.float64(6255.650286599344)]"
synthetic_transient,transient_scan_5,3.2653061224489797,mq135,81.12837944087977,clean,27.5,55.0,1013.25,3,room_2,"[np.float64(28692.200649111768), np.float64(6807.9118814484655), np.float64(28877.880182292534), np.float64(18064.41498341863), np.float64(12489.141948846847), np.float64(6921.551881904088), np.float64(17515.606701760444), np.float64(24862.888612268718), np.float64(22677.161931667455), np.float64(6255.650286599344)]"
synthetic_transient,transient_scan_5,3.4693877551020407,mq135,79.28220813529938,clean,27.5,55.0,1013.25,3,room_2,"[np.float64(28692.200649111768), np.float64(6807.9118814484655), np.float64(28877.880182292534), np.float64(18064.41498341863), np.float64(12489.141948846847), np.float64(6921.551881904088), np.float64(17515.606701760444), np.float64(24862.888612268718), np.float64(22677.161931667455), np.float64(6255.650286599344)]"
synthetic_transient,transient_scan_5,3.673469387755102,mq135,77.81532650251286,clean,27.5,55.0,1013.25,3,room_2,"[np.float64(28692.200649111768), np.float64(6807.9118814484655), np.float64(28877.880182292534), np.float64(18064.41498341863), np.float64(12489.141948846847), np.float64(6921.551881904088), np.float64(17515.606701760444), np.float64(24862.888612268718), np.float64(22677.161931667455), np.float64(6255.650286599344)]"
synthetic_transient,transient_scan_5,3.8775510204081636,mq135,75.27314316491785,clean,27.5,55.0,1013.25,3,room_2,"[np.float64(28692.200649111768), np.float64(6807.9118814484655), np.float64(28877.880182292534), np.float64(18064.41498341863), np.float64(12489.141948846847), np.float64(6921.551881904088), np.float64(17515.606701760444), np.float64(24862.888612268718), np.float64(22677.161931667455), np.float64(6255.650286599344)]"
synthetic_transient,transient_scan_5,4.081632653061225,mq135,73.04587044380622,clean,27.5,55.0,1013.25,3,room_2,"[np.float64(28692.200649111768), np.float64(6807.9118814484655), np.float64(28877.880182292534), np.float64(18064.41498341863), np.float64(12489.141948846847), np.float64(6921.551881904088), np.float64(17515.606701760444), np.float64(24862.888612268718), np.float64(22677.161931667455), np.float64(6255.650286599344)]"
synthetic_transient,transient_scan_5,4.285714285714286,mq135,72.88404911981499,clean,27.5,55.0,1013.25,3,room_2,"[np.float64(28692.200649111768), np.float64(6807.9118814484655), np.float64(28877.880182292534), np.float64(18064.41498341863), np.float64(12489.141948846847), np.float64(6921.551881904088), np.float64(17515.606701760444), np.float64(24862.888612268718), np.float64(22677.161931667455), np.float64(6255.650286599344)]"
synthetic_transient,transient_scan_5,4.4897959183673475,mq135,72.01314623888732,clean,27.5,55.0,1013.25,3,room_2,"[np.float64(28692.200649111768), np.float64(6807.9118814484655), np.float64(28877.880182292534), np.float64(18064.41498341863), np.float64(12489.141948846847), np.float64(6921.551881904088), np.float64(17515.606701760444), np.float64(24862.888612268718), np.float64(22677.161931667455), np.float64(6255.650286599344)]"
synthetic_transient,transient_scan_5,4.6938775510204085,mq135,69.7256798856959,clean,27.5,55.0,1013.25,3,room_2,"[np.float64(28692.200649111768), np.float64(6807.9118814484655), np.float64(28877.880182292534), np.float64(18064.41498341863), np.float64(12489.141948846847), np.float64(6921.551881904088), np.float64(17515.606701760444), np.float64(24862.888612268718), np.float64(22677.161931667455), np.float64(6255.650286599344)]"
synthetic_transient,transient_scan_5,4.8979591836734695,mq135,69.72750065637138,clean,27.5,55.0,1013.25,3,room_2,"[np.float64(28692.200649111768), np.float64(6807.9118814484655), np.float64(28877.880182292534), np.float64(18064.41498341863), np.float64(12489.141948846847), np.float64(6921.551881904088), np.float64(17515.606701760444), np.float64(24862.888612268718), np.float64(22677.161931667455), np.float64(6255.650286599344)]"
synthetic_transient,transient_scan_5,5.1020408163265305,mq135,68.81974338262243,clean,27.5,55.0,1013.25,3,room_2,"[np.float64(28692.200649111768), np.float64(6807.9118814484655), np.float64(28877.880182292534), np.float64(18064.41498341863), np.float64(12489.141948846847), np.float64(6921.551881904088), np.float64(17515.606701760444), np.float64(24862.888612268718), np.float64(22677.161931667455), np.float64(6255.650286599344)]"
synthetic_transient,transient_scan_5,5.3061224489795915,mq135,66.52176785759058,clean,27.5,55.0,1013.25,3,room_2,"[np.float64(28692.200649111768), np.float64(6807.9118814484655), np.float64(28877.880182292534), np.float64(18064.41498341863), np.float64(12489.141948846847), np.float64(6921.551881904088), np.float64(17515.606701760444), np.float64(24862.888612268718), np.float64(22677.161931667455), np.float64(6255.650286599344)]"
synthetic_transient,transient_scan_5,5.510204081632653,mq135,66.44743966762529,clean,27.5,55.0,1013.25,3,room_2,"[np.float64(28692.200649111768), np.float64(6807.9118814484655), np.float64(28877.880182292534), np.float64(18064.41498341863), np.float64(12489.141948846847), np.float64(6921.551881904088), np.float64(17515.606701760444), np.float64(24862.888612268718), np.float64(22677.161931667455), np.float64(6255.650286599344)]"
synthetic_transient,transient_scan_5,5.714285714285714,mq135,66.04680742227302,clean,27.5,55.0,1013.25,3,room_2,"[np.float64(28692.200649111768), np.float64(6807.9118814484655), np.float64(28877.880182292534), np.float64(18064.41498341863), np.float64(12489.141948846847), np.float64(6921.551881904088), np.float64(17515.606701760444), np.float64(24862.888612268718), np.float64(22677.161931667455), np.float64(6255.650286599344)]"
synthetic_transient,transient_scan_5,5.918367346938775,mq135,65.54912617320751,clean,27.5,55.0,1013.25,3,room_2,"[np.float64(28692.200649111768), np.float64(6807.9118814484655), np.float64(28877.880182292534), np.float64(18064.41498341863), np.float64(12489.141948846847), np.float64(6921.551881904088), np.float64(17515.606701760444), np.float64(24862.888612268718), np.float64(22677.161931667455), np.float64(6255.650286599344)]"
synthetic_transient,transient_scan_5,6.122448979591837,mq135,64.72035284045248,clean,27.5,55.0,1013.25,3,room_2,"[np.float64(28692.200649111768), np.float64(6807.9118814484655), np.float64(28877.880182292534), np.float64(18064.41498341863), np.float64(12489.141948846847), np.float64(6921.551881904088), np.float64(17515.606701760444), np.float64(24862.888612268718), np.float64(22677.161931667455), np.float64(6255.650286599344)]"
synthetic_transient,transient_scan_5,6.326530612244898,mq135,64.19946513247967,clean,27.5,55.0,1013.25,3,room_2,"[np.float64(28692.200649111768), np.float64(6807.9118814484655), np.float64(28877.880182292534), np.float64(18064.41498341863), np.float64(12489.141948846847), np.float64(6921.551881904088), np.float64(17515.606701760444), np.float64(24862.888612268718), np.float64(22677.161931667455), np.float64(6255.650286599344)]"
synthetic_transient,transient_scan_5,6.530612244897959,mq135,64.98767163362524,clean,27.5,55.0,1013.25,3,room_2,"[np.float64(28692.200649111768), np.float64(6807.9118814484655), np.float64(28877.880182292534), np.float64(18064.41498341863), np.float64(12489.141948846847), np.float64(6921.551881904088), np.float64(17515.606701760444), np.float64(24862.888612268718), np.float64(22677.161931667455), np.float64(6255.650286599344)]"
synthetic_transient,transient_scan_5,6.73469387755102,mq135,63.69538306016254,clean,27.5,55.0,1013.25,3,room_2,"[np.float64(28692.200649111768), np.float64(6807.9118814484655), np.float64(28877.880182292534), np.float64(18064.41498341863), np.float64(12489.141948846847), np.float64(6921.551881904088), np.float64(17515.606701760444), np.float64(24862.888612268718), np.float64(22677.161931667455), np.float64(6255.650286599344)]"
synthetic_transient,transient_scan_5,6.938775510204081,mq135,63.03794463017411,clean,27.5,55.0,1013.25,3,room_2,"[np.float64(28692.200649111768), np.float64(6807.9118814484655), np.float64(28877.880182292534), np.float64(18064.41498341863), np.float64(12489.141948846847), np.float64(6921.551881904088), np.float64(17515.606701760444), np.float64(24862.888612268718), np.float64(22677.161931667455), np.float64(6255.650286599344)]"
synthetic_transient,transient_scan_5,7.142857142857143,mq135,63.03646674117445,clean,27.5,55.0,1013.25,3,room_2,"[np.float64(28692.200649111768), np.float64(6807.9118814484655), np.float64(28877.880182292534), np.float64(18064.41498341863), np.float64(12489.141948846847), np.float64(6921.551881904088), np.float64(17515.606701760444), np.float64(24862.888612268718), np.float64(22677.161931667455), np.float64(6255.650286599344)]"
synthetic_transient,transient_scan_5,7.346938775510204,mq135,63.02904056803921,clean,27.5,55.0,1013.25,3,room_2,"[np.float64(28692.200649111768), np.float64(6807.9118814484655), np.float64(28877.880182292534), np.float64(18064.41498341863), np.float64(12489.141948846847), np.float64(6921.551881904088), np.float64(17515.606701760444), np.float64(24862.888612268718), np.float64(22677.161931667455), np.float64(6255.650286599344)]"
synthetic_transient,transient_scan_5,7.551020408163265,mq135,62.51852014218917,clean,27.5,55.0,1013.25,3,room_2,"[np.float64(28692.200649111768), np.float64(6807.9118814484655), np.float64(28877.880182292534), np.float64(18064.41498341863), np.float64(12489.141948846847), np.float64(6921.551881904088), np.float64(17515.606701760444), np.float64(24862.888612268718), np.float64(22677.161931667455), np.float64(6255.650286599344)]"
synthetic_transient,transient_scan_5,7.755102040816327,mq135,62.14803237236026,clean,27.5,55.0,1013.25,3,room_2,"[np.float64(28692.200649111768), np.float64(6807.9118814484655), np.float64(28877.880182292534), np.float64(18064.41498341863), np.float64(12489.141948846847), np.float64(6921.551881904088), np.float64(17515.606701760444), np.float64(24862.888612268718), np.float64(22677.161931667455), np.float64(6255.650286599344)]"
synthetic_transient,transient_scan_5,7.959183673469388,mq135,61.707534460279646,clean,27.5,55.0,1013.25,3,room_2,"[np.float64(28692.200649111768), np.float64(6807.9118814484655), np.float64(28877.880182292534), np.float64(18064.41498341863), np.float64(12489.141948846847), np.float64(6921.551881904088), np.float64(17515.606701760444), np.float64(24862.888612268718), np.float64(22677.161931667455), np.float64(6255.650286599344)]"
synthetic_transient,transient_scan_5,8.16326530612245,mq135,61.50430587119218,clean,27.5,55.0,1013.25,3,room_2,"[np.float64(28692.200649111768), np.float64(6807.9118814484655), np.float64(28877.880182292534), np.float64(18064.41498341863), np.float64(12489.141948846847), np.float64(6921.551881904088), np.float64(17515.606701760444), np.float64(24862.888612268718), np.float64(22677.161931667455), np.float64(6255.650286599344)]"
synthetic_transient,transient_scan_5,8.36734693877551,mq135,61.358422676082014,clean,27.5,55.0,1013.25,3,room_2,"[np.float64(28692.200649111768), np.float64(6807.9118814484655), np.float64(28877.880182292534), np.float64(18064.41498341863), np.float64(12489.141948846847), np.float64(6921.551881904088), np.float64(17515.606701760444), np.float64(24862.888612268718), np.float64(22677.161931667455), np.float64(6255.650286599344)]"
synthetic_transient,transient_scan_5,8.571428571428571,mq135,61.66596135509484,clean,27.5,55.0,1013.25,3,room_2,"[np.float64(28692.200649111768), np.float64(6807.9118814484655), np.float64(28877.880182292534), np.float64(18064.41498341863), np.float64(12489.141948846847), np.float64(6921.551881904088), np.float64(17515.606701760444), np.float64(24862.888612268718), np.float64(22677.161931667455), np.float64(6255.650286599344)]"
synthetic_transient,transient_scan_5,8.775510204081632,mq135,60.85428733146757,clean,27.5,55.0,1013.25,3,room_2,"[np.float64(28692.200649111768), np.float64(6807.9118814484655), np.float64(28877.880182292534), np.float64(18064.41498341863), np.float64(12489.141948846847), np.float64(6921.551881904088), np.float64(17515.606701760444), np.float64(24862.888612268718), np.float64(22677.161931667455), np.float64(6255.650286599344)]"
synthetic_transient,transient_scan_5,8.979591836734695,mq135,61.41691851070395,clean,27.5,55.0,1013.25,3,room_2,"[np.float64(28692.200649111768), np.float64(6807.9118814484655), np.float64(28877.880182292534), np.float64(18064.41498341863), np.float64(12489.141948846847), np.float64(6921.551881904088), np.float64(17515.606701760444), np.float64(24862.888612268718), np.float64(22677.161931667455), np.float64(6255.650286599344)]"
synthetic_transient,transient_scan_5,9.183673469387756,mq135,61.80840482327601,clean,27.5,55.0,1013.25,3,room_2,"[np.float64(28692.200649111768), np.float64(6807.9118814484655), np.float64(28877.880182292534), np.float64(18064.41498341863), np.float64(12489.141948846847), np.float64(6921.551881904088), np.float64(17515.606701760444), np.float64(24862.888612268718), np.float64(22677.161931667455), np.float64(6255.650286599344)]"
synthetic_transient,transient_scan_5,9.387755102040817,mq135,61.15786805170289,clean,27.5,55.0,1013.25,3,room_2,"[np.float64(28692.200649111768), np.float64(6807.9118814484655), np.float64(28877.880182292534), np.float64(18064.41498341863), np.float64(12489.141948846847), np.float64(6921.551881904088), np.float64(17515.606701760444), np.float64(24862.888612268718), np.float64(22677.161931667455), np.float64(6255.650286599344)]"
synthetic_transient,transient_scan_5,9.591836734693878,mq135,60.71369794467315,clean,27.5,55.0,1013.25,3,room_2,"[np.float64(28692.200649111768), np.float64(6807.9118814484655), np.float64(28877.880182292534), np.float64(18064.41498341863), np.float64(12489.141948846847), np.float64(6921.551881904088), np.float64(17515.606701760444), np.float64(24862.888612268718), np.float64(22677.161931667455), np.float64(6255.650286599344)]"
synthetic_transient,transient_scan_5,9.795918367346939,mq135,60.162267103510224,clean,27.5,55.0,1013.25,3,room_2,"[np.float64(28692.200649111768), np.float64(6807.9118814484655), np.float64(28877.880182292534), np.float64(18064.41498341863), np.float64(12489.141948846847), np.float64(6921.551881904088), np.float64(17515.606701760444), np.float64(24862.888612268718), np.float64(22677.161931667455), np.float64(6255.650286599344)]"
synthetic_transient,transient_scan_5,10.0,mq135,61.521678959505124,clean,27.5,55.0,1013.25,3,room_2,"[np.float64(28692.200649111768), np.float64(6807.9118814484655), np.float64(28877.880182292534), np.float64(18064.41498341863), np.float64(12489.141948846847), np.float64(6921.551881904088), np.float64(17515.606701760444), np.float64(24862.888612268718), np.float64(22677.161931667455), np.float64(6255.650286599344)]"
synthetic_transient,transient_scan_5,0.0,mq137,99.41499117470055,clean,27.5,55.0,1013.25,3,room_2,"[np.float64(28692.200649111768), np.float64(6807.9118814484655), np.float64(28877.880182292534), np.float64(18064.41498341863), np.float64(12489.141948846847), np.float64(6921.551881904088), np.float64(17515.606701760444), np.float64(24862.888612268718), np.float64(22677.161931667455), np.float64(6255.650286599344)]"
synthetic_transient,transient_scan_5,0.20408163265306123,mq137,100.42428101723787,clean,27.5,55.0,1013.25,3,room_2,"[np.float64(28692.200649111768), np.float64(6807.9118814484655), np.float64(28877.880182292534), np.float64(18064.41498341863), np.float64(12489.141948846847), np.float64(6921.551881904088), np.float64(17515.606701760444), np.float64(24862.888612268718), np.float64(22677.161931667455), np.float64(6255.650286599344)]"
synthetic_transient,transient_scan_5,0.40816326530612246,mq137,100.31925893029724,clean,27.5,55.0,1013.25,3,room_2,"[np.float64(28692.200649111768), np.float64(6807.9118814484655), np.float64(28877.880182292534), np.float64(18064.41498341863), np.float64(12489.141948846847), np.float64(6921.551881904088), np.float64(17515.606701760444), np.float64(24862.888612268718), np.float64(22677.161931667455), np.float64(6255.650286599344)]"
synthetic_transient,transient_scan_5,0.6122448979591837,mq137,99.88161569851798,clean,27.5,55.0,1013.25,3,room_2,"[np.float64(28692.200649111768), np.float64(6807.9118814484655), np.float64(28877.880182292534), np.float64(18064.41498341863), np.float64(12489.141948846847), np.float64(6921.551881904088), np.float64(17515.606701760444), np.float64(24862.888612268718), np.float64(22677.161931667455), np.float64(6255.650286599344)]"
synthetic_transient,transient_scan_5,0.8163265306122449,mq137,99.86851059810967,clean,27.5,55.0,1013.25,3,room_2,"[np.float64(28692.200649111768), np.float64(6807.9118814484655), np.float64(28877.880182292534), np.float64(18064.41498341863), np.float64(12489.141948846847), np.float64(6921.551881904088), np.float64(17515.606701760444), np.float64(24862.888612268718), np.float64(22677.161931667455), np.float64(6255.650286599344)]"
synthetic_transient,transient_scan_5,1.0204081632653061,mq137,99.08214436297949,clean,27.5,55.0,1013.25,3,room_2,"[np.float64(28692.200649111768), np.float64(6807.9118814484655), np.float64(28877.880182292534), np.float64(18064.41498341863), np.float64(12489.141948846847), np.float64(6921.551881904088), np.float64(17515.606701760444), np.float64(24862.888612268718), np.float64(22677.161931667455), np.float64(6255.650286599344)]"
synthetic_transient,transient_scan_5,1.2244897959183674,mq137,100.16503250040631,clean,27.5,55.0,1013.25,3,room_2,"[np.float64(28692.200649111768), np.float64(6807.9118814484655), np.float64(28877.880182292534), np.float64(18064.41498341863), np.float64(12489.141948846847), np.float64(6921.551881904088), np.float64(17515.606701760444), np.float64(24862.888612268718), np.float64(22677.161931667455), np.float64(6255.650286599344)]"
synthetic_transient,transient_scan_5,1.4285714285714286,mq137,100.3099631661979,clean,27.5,55.0,1013.25,3,room_2,"[np.float64(28692.200649111768), np.float64(6807.9118814484655), np.float64(28877.880182292534), np.float64(18064.41498341863), np.float64(12489.141948846847), np.float64(6921.551881904088), np.float64(17515.606701760444), np.float64(24862.888612268718), np.float64(22677.161931667455), np.float64(6255.650286599344)]"
synthetic_transient,transient_scan_5,1.6326530612244898,mq137,99.4554599419261,clean,27.5,55.0,1013.25,3,room_2,"[np.float64(28692.200649111768), np.float64(6807.9118814484655), np.float64(28877.880182292534), np.float64(18064.41498341863), np.float64(12489.141948846847), np.float64(6921.551881904088), np.float64(17515.606701760444), np.float64(24862.888612268718), np.float64(22677.161931667455), np.float64(6255.650286599344)]"
synthetic_transient,transient_scan_5,1.836734693877551,mq137,99.92208926283544,clean,27.5,55.0,1013.25,3,room_2,"[np.float64(28692.200649111768), np.float64(6807.9118814484655), np.float64(28877.880182292534), np.float64(18064.41498341863), np.float64(12489.141948846847), np.float64(6921.551881904088), np.float64(17515.606701760444), np.float64(24862.888612268718), np.float64(22677.161931667455), np.float64(6255.650286599344)]"
synthetic_transient,transient_scan_5,2.0408163265306123,mq137,99.21087791165266,clean,27.5,55.0,1013.25,3,room_2,"[np.float64(28692.200649111768), np.float64(6807.9118814484655), np.float64(28877.880182292534), np.float64(18064.41498341863), np.float64(12489.141948846847), np.float64(6921.551881904088), np.float64(17515.606701760444), np.float64(24862.888612268718), np.float64(22677.161931667455), np.float64(6255.650286599344)]"
synthetic_transient,transient_scan_5,2.2448979591836737,mq137,95.68232808002914,clean,27.5,55.0,1013.25,3,room_2,"[np.float64(28692.200649111768), np.float64(6807.9118814484655), np.float64(28877.880182292534), np.float64(18064.41498341863), np.float64(12489.141948846847), np.float64(6921.551881904088), np.float64(17515.606701760444), np.float64(24862.888612268718), np.float64(22677.161931667455), np.float64(6255.650286599344)]"
synthetic_transient,transient_scan_5,2.4489795918367347,mq137,91.95885069571267,clean,27.5,55.0,1013.25,3,room_2,"[np.float64(28692.200649111768), np.float64(6807.9118814484655), np.float64(28877.880182292534), np.float64(18064.41498341863), np.float64(12489.141948846847), np.float64(6921.551881904088), np.float64(17515.606701760444), np.float64(24862.888612268718), np.float64(22677.161931667455), np.float64(6255.650286599344)]"
synthetic_transient,transient_scan_5,2.6530612244897958,mq137,88.04373193720946,clean,27.5,55.0,1013.25,3,room_2,"[np.float64(28692.200649111768), np.float64(6807.9118814484655), np.float64(28877.880182292534), np.float64(18064.41498341863), np.float64(12489.141948846847), np.float64(6921.551881904088), np.float64(17515.606701760444), np.float64(24862.888612268718), np.float64(22677.161931667455), np.float64(6255.650286599344)]"
synthetic_transient,transient_scan_5,2.857142857142857,mq137,85.79259341651098,clean,27.5,55.0,1013.25,3,room_2,"[np.float64(28692.200649111768), np.float64(6807.9118814484655), np.float64(28877.880182292534), np.float64(18064.41498341863), np.float64(12489.141948846847), np.float64(6921.551881904088), np.float64(17515.606701760444), np.float64(24862.888612268718), np.float64(22677.161931667455), np.float64(6255.650286599344)]"
synthetic_transient,transient_scan_5,3.0612244897959187,mq137,83.642101276043,clean,27.5,55.0,1013.25,3,room_2,"[np.float64(28692.200649111768), np.float64(6807.9118814484655), np.float64(28877.880182292534), np.float64(18064.41498341863), np.float64(12489.141948846847), np.float64(6921.551881904088), np.float64(17515.606701760444), np.float64(24862.888612268718), np.float64(22677.161931667455), np.float64(6255.650286599344)]"
synthetic_transient,transient_scan_5,3.2653061224489797,mq137,81.66799117424448,clean,27.5,55.0,1013.25,3,room_2,"[np.float64(28692.200649111768), np.float64(6807.9118814484655), np.float64(28877.880182292534), np.float64(18064.41498341863), np.float64(12489.141948846847), np.float64(6921.551881904088), np.float64(17515.606701760444), np.float64(24862.888612268718), np.float64(22677.161931667455), np.float64(6255.650286599344)]"
synthetic_transient,transient_scan_5,3.4693877551020407,mq137,78.87727244850464,clean,27.5,55.0,1013.25,3,room_2,"[np.float64(28692.200649111768), np.float64(6807.9118814484655), np.float64(28877.880182292534), np.float64(18064.41498341863), np.float64(12489.141948846847), np.float64(6921.551881904088), np.float64(17515.606701760444), np.float64(24862.888612268718), np.float64(22677.161931667455), np.float64(6255.650286599344)]"
synthetic_transient,transient_scan_5,3.673469387755102,mq137,78.41872471521914,clean,27.5,55.0,1013.25,3,room_2,"[np.float64(28692.200649111768), np.float64(6807.9118814484655), np.float64(28877.880182292534), np.float64(18064.41498341863), np.float64(12489.141948846847), np.float64(6921.551881904088), np.float64(17515.606701760444), np.float64(24862.888612268718), np.float64(22677.161931667455), np.float64(6255.650286599344)]"
synthetic_transient,transient_scan_5,3.8775510204081636,mq137,74.6970213905952,clean,27.5,55.0,1013.25,3,room_2,"[np.float64(28692.200649111768), np.float64(6807.9118814484655), np.float64(28877.880182292534), np.float64(18064.41498341863), np.float64(12489.141948846847), np.float64(6921.551881904088), np.float64(17515.606701760444), np.float64(24862.888612268718), np.float64(22677.161931667455), np.float64(6255.650286599344)]"
synthetic_transient,transient_scan_5,4.081632653061225,mq137,73.84480052293686,clean,27.5,55.0,1013.25,3,room_2,"[np.float64(28692.200649111768), np.float64(6807.9118814484655), np.float64(28877.880182292534), np.float64(18064.41498341863), np.float64(12489.141948846847), np.float64(6921.551881904088), np.float64(17515.606701760444), np.float64(24862.888612268718), np.float64(22677.161931667455), np.float64(6255.650286599344)]"
synthetic_transient,transient_scan_5,4.285714285714286,mq137,72.71474549121243,clean,27.5,55.0,1013.25,3,room_2,"[np.float64(28692.200649111768), np.float64(6807.9118814484655), np.float64(28877.880182292534), np.float64(18064.41498341863), np.float64(12489.141948846847), np.float64(6921.551881904088), np.float64(17515.606701760444), np.float64(24862.888612268718), np.float64(22677.161931667455), np.float64(6255.650286599344)]"
synthetic_transient,transient_scan_5,4.4897959183673475,mq137,71.41843707243189,clean,27.5,55.0,1013.25,3,room_2,"[np.float64(28692.200649111768), np.float64(6807.9118814484655), np.float64(28877.880182292534), np.float64(18064.41498341863), np.float64(12489.141948846847), np.float64(6921.551881904088), np.float64(17515.606701760444), np.float64(24862.888612268718), np.float64(22677.161931667455), np.float64(6255.650286599344)]"
synthetic_transient,transient_scan_5,4.6938775510204085,mq137,69.78533160323447,clean,27.5,55.0,1013.25,3,room_2,"[np.float64(28692.200649111768), np.float64(6807.9118814484655), np.float64(28877.880182292534), np.float64(18064.41498341863), np.float64(12489.141948846847), np.float64(6921.551881904088), np.float64(17515.606701760444), np.float64(24862.888612268718), np.float64(22677.161931667455), np.float64(6255.650286599344)]"
synthetic_transient,transient_scan_5,4.8979591836734695,mq137,69.6163215816086,clean,27.5,55.0,1013.25,3,room_2,"[np.float64(28692.200649111768), np.float64(6807.9118814484655), np.float64(28877.880182292534), np.float64(18064.41498341863), np.float64(12489.141948846847), np.float64(6921.551881904088), np.float64(17515.606701760444), np.float64(24862.888612268718), np.float64(22677.161931667455), np.float64(6255.650286599344)]"
synthetic_transient,transient_scan_5,5.1020408163265305,mq137,68.66680721460962,clean,27.5,55.0,1013.25,3,room_2,"[np.float64(28692.200649111768), np.float64(6807.9118814484655), np.float64(28877.880182292534), np.float64(18064.41498341863), np.float64(12489.141948846847), np.float64(6921.551881904088), np.float64(17515.606701760444), np.float64(24862.888612268718), np.float64(22677.161931667455), np.float64(6255.650286599344)]"
synthetic_transient,transient_scan_5,5.3061224489795915,mq137,67.68249671013899,clean,27.5,55.0,1013.25,3,room_2,"[np.float64(28692.200649111768), np.float64(6807.9118814484655), np.float64(28877.880182292534), np.float64(18064.41498341863), np.float64(12489.141948846847), np.float64(6921.551881904088), np.float64(17515.606701760444), np.float64(24862.888612268718), np.float64(22677.161931667455), np.float64(6255.650286599344)]"
synthetic_transient,transient_scan_5,5.510204081632653,mq137,67.08150591545794,clean,27.5,55.0,1013.25,3,room_2,"[np.float64(28692.200649111768), np.float64(6807.9118814484655), np.float64(28877.880182292534), np.float64(18064.41498341863), np.float64(12489.141948846847), np.float64(6921.551881904088), np.float64(17515.606701760444), np.float64(24862.888612268718), np.float64(22677.161931667455), np.float64(6255.650286599344)]"
synthetic_transient,transient_scan_5,5.714285714285714,mq137,66.03283360691483,clean,27.5,55.0,1013.25,3,room_2,"[np.float64(28692.200649111768), np.float64(6807.9118814484655), np.float64(28877.880182292534), np.float64(18064.41498341863), np.float64(12489.141948846847), np.float64(6921.551881904088), np.float64(17515.606701760444), np.float64(24862.888612268718), np.float64(22677.161931667455), np.float64(6255.650286599344)]"
synthetic_transient,transient_scan_5,5.918367346938775,mq137,64.83025669827084,clean,27.5,55.0,1013.25,3,room_2,"[np.float64(28692.200649111768), np.float64(6807.9118814484655), np.float64(28877.880182292534), np.float64(18064.41498341863), np.float64(12489.141948846847), np.float64(6921.551881904088), np.float64(17515.606701760444), np.float64(24862.888612268718), np.float64(22677.161931667455), np.float64(6255.650286599344)]"
synthetic_transient,transient_scan_5,6.122448979591837,mq137,64.73360003781035,clean,27.5,55.0,1013.25,3,room_2,"[np.float64(28692.200649111768), np.float64(6807.9118814484655), np.float64(28877.880182292534), np.float64(18064.41498341863), np.float64(12489.141948846847), np.float64(6921.551881904088), np.float64(17515.606701760444), np.float64(24862.888612268718), np.float64(22677.161931667455), np.float64(6255.650286599344)]"
synthetic_transient,transient_scan_5,6.326530612244898,mq137,64.6764938249755,clean,27.5,55.0,1013.25,3,room_2,"[np.float64(28692.200649111768), np.float64(6807.9118814484655), np.float64(28877.880182292534), np.float64(18064.41498341863), np.float64(12489.141948846847), np.float64(6921.551881904088), np.float64(17515.606701760444), np.float64(24862.888612268718), np.float64(22677.161931667455), np.float64(6255.650286599344)]"
synthetic_transient,transient_scan_5,6.530612244897959,mq137,64.2333023954574,clean,27.5,55.0,1013.25,3,room_2,"[np.float64(28692.200649111768), np.float64(6807.9118814484655), np.float64(28877.880182292534), np.float64(18064.41498341863), np.float64(12489.141948846847), np.float64(6921.551881904088), np.float64(17515.606701760444), np.float64(24862.888612268718), np.float64(22677.161931667455), np.float64(6255.650286599344)]"
synthetic_transient,transient_scan_5,6.73469387755102,mq137,63.76985215238492,clean,27.5,55.0,1013.25,3,room_2,"[np.float64(28692.200649111768), np.float64(6807.9118814484655), np.float64(28877.880182292534), np.float64(18064.41498341863), np.float64(12489.141948846847), np.float64(6921.551881904088), np.float64(17515.606701760444), np.float64(24862.888612268718), np.float64(22677.161931667455), np.float64(6255.650286599344)]"
synthetic_transient,transient_scan_5,6.938775510204081,mq137,63.659820594241495,clean,27.5,55.0,1013.25,3,room_2,"[np.float64(28692.200649111768), np.float64(6807.9118814484655), np.float64(28877.880182292534), np.float64(18064.41498341863), np.float64(12489.141948846847), np.float64(6921.551881904088), np.float64(17515.606701760444), np.float64(24862.888612268718), np.float64(22677.161931667455), np.float64(6255.650286599344)]"
synthetic_transient,transient_scan_5,7.142857142857143,mq137,62.766478456905716,clean,27.5,55.0,1013.25,3,room_2,"[np.float64(28692.200649111768), np.float64(6807.9118814484655), np.float64(28877.880182292534), np.float64(18064.41498341863), np.float64(12489.141948846847), np.float64(6921.551881904088), np.float64(17515.606701760444), np.float64(24862.888612268718), np.float64(22677.161931667455), np.float64(6255.650286599344)]"
synthetic_transient,transient_scan_5,7.346938775510204,mq137,62.773835680063904,clean,27.5,55.0,1013.25,3,room_2,"[np.float64(28692.200649111768), np.float64(6807.9118814484655), np.float64(28877.880182292534), np.float64(18064.41498341863), np.float64(12489.141948846847), np.float64(6921.551881904088), np.float64(17515.606701760444), np.float64(24862.888612268718), np.float64(22677.161931667455), np.float64(6255.650286599344)]"
synthetic_transient,transient_scan_5,7.551020408163265,mq137,62.77875334303602,clean,27.5,55.0,1013.25,3,room_2,"[np.float64(28692.200649111768), np.float64(6807.9118814484655), np.float64(28877.880182292534), np.float64(18064.41498341863), np.float64(12489.141948846847), np.float64(6921.551881904088), np.float64(17515.606701760444), np.float64(24862.888612268718), np.float64(22677.161931667455), np.float64(6255.650286599344)]"
synthetic_transient,transient_scan_5,7.755102040816327,mq137,62.20845125852308,clean,27.5,55.0,1013.25,3,room_2,"[np.float64(28692.200649111768), np.float64(6807.9118814484655), np.float64(28877.880182292534), np.float64(18064.41498341863), np.float64(12489.141948846847), np.float64(6921.551881904088), np.float64(17515.606701760444), np.float64(24862.888612268718), np.float64(22677.161931667455), np.float64(6255.650286599344)]"
synthetic_transient,transient_scan_5,7.959183673469388,mq137,61.41088083041183,clean,27.5,55.0,1013.25,3,room_2,"[np.float64(28692.200649111768), np.float64(6807.9118814484655), np.float64(28877.880182292534), np.float64(18064.41498341863), np.float64(12489.141948846847), np.float64(6921.551881904088), np.float64(17515.606701760444), np.float64(24862.888612268718), np.float64(22677.161931667455), np.float64(6255.650286599344)]"
synthetic_transient,transient_scan_5,8.16326530612245,mq137,61.35462710909821,clean,27.5,55.0,1013.25,3,room_2,"[np.float64(28692.200649111768), np.float64(6807.9118814484655), np.float64(28877.880182292534), np.float64(18064.41498341863), np.float64(12489.141948846847), np.float64(6921.551881904088), np.float64(17515.606701760444), np.float64(24862.888612268718), np.float64(22677.161931667455), np.float64(6255.650286599344)]"
synthetic_transient,transient_scan_5,8.36734693877551,mq137,62.07275303146437,clean,27.5,55.0,1013.25,3,room_2,"[np.float64(28692.200649111768), np.float64(6807.9118814484655), np.float64(28877.880182292534), np.float64(18064.41498341863), np.float64(12489.141948846847), np.float64(6921.551881904088), np.float64(17515.606701760444), np.float64(24862.888612268718), np.float64(22677.161931667455), np.float64(6255.650286599344)]"
synthetic_transient,transient_scan_5,8.571428571428571,mq137,62.19279013616075,clean,27.5,55.0,1013.25,3,room_2,"[np.float64(28692.200649111768), np.float64(6807.9118814484655), np.float64(28877.880182292534), np.float64(18064.41498341863), np.float64(12489.141948846847), np.float64(6921.551881904088), np.float64(17515.606701760444), np.float64(24862.888612268718), np.float64(22677.161931667455), np.float64(6255.650286599344)]"
synthetic_transient,transient_scan_5,8.775510204081632,mq137,61.939018931580485,clean,27.5,55.0,1013.25,3,room_2,"[np.float64(28692.200649111768), np.float64(6807.9118814484655), np.float64(28877.880182292534), np.float64(18064.41498341863), np.float64(12489.141948846847), np.float64(6921.551881904088), np.float64(17515.606701760444), np.float64(24862.888612268718), np.float64(22677.161931667455), np.float64(6255.650286599344)]"
synthetic_transient,transient_scan_5,8.979591836734695,mq137,61.336361873839856,clean,27.5,55.0,1013.25,3,room_2,"[np.float64(28692.200649111768), np.float64(6807.9118814484655), np.float64(28877.880182292534), np.float64(18064.41498341863), np.float64(12489.141948846847), np.float64(6921.551881904088), np.float64(17515.606701760444), np.float64(24862.888612268718), np.float64(22677.161931667455), np.float64(6255.650286599344)]"
synthetic_transient,transient_scan_5,9.183673469387756,mq137,60.50034114445425,clean,27.5,55.0,1013.25,3,room_2,"[np.float64(28692.200649111768), np.float64(6807.9118814484655), np.float64(28877.880182292534), np.float64(18064.41498341863), np.float64(12489.141948846847), np.float64(6921.551881904088), np.float64(17515.606701760444), np.float64(24862.888612268718), np.float64(22677.161931667455), np.float64(6255.650286599344)]"
synthetic_transient,transient_scan_5,9.387755102040817,mq137,60.991838594409856,clean,27.5,55.0,1013.25,3,room_2,"[np.float64(28692.200649111768), np.float64(6807.9118814484655), np.float64(28877.880182292534), np.float64(18064.41498341863), np.float64(12489.141948846847), np.float64(6921.551881904088), np.float64(17515.606701760444), np.float64(24862.888612268718), np.float64(22677.161931667455), np.float64(6255.650286599344)]"
synthetic_transient,transient_scan_5,9.591836734693878,mq137,61.67961827510693,clean,27.5,55.0,1013.25,3,room_2,"[np.float64(28692.200649111768), np.float64(6807.9118814484655), np.float64(28877.880182292534), np.float64(18064.41498341863), np.float64(12489.141948846847), np.float64(6921.551881904088), np.float64(17515.606701760444), np.float64(24862.888612268718), np.float64(22677.161931667455), np.float64(6255.650286599344)]"
synthetic_transient,transient_scan_5,9.795918367346939,mq137,61.12057473626577,clean,27.5,55.0,1013.25,3,room_2,"[np.float64(28692.200649111768), np.float64(6807.9118814484655), np.float64(28877.880182292534), np.float64(18064.41498341863), np.float64(12489.141948846847), np.float64(6921.551881904088), np.float64(17515.606701760444), np.float64(24862.888612268718), np.float64(22677.161931667455), np.float64(6255.650286599344)]"
synthetic_transient,transient_scan_5,10.0,mq137,60.62888679420743,clean,27.5,55.0,1013.25,3,room_2,"[np.float64(28692.200649111768), np.float64(6807.9118814484655), np.float64(28877.880182292534), np.float64(18064.41498341863), np.float64(12489.141948846847), np.float64(6921.551881904088), np.float64(17515.606701760444), np.float64(24862.888612268718), np.float64(22677.161931667455), np.float64(6255.650286599344)]"
synthetic_transient,transient_scan_5,0.0,mq138,100.31431261642061,clean,27.5,55.0,1013.25,3,room_2,"[np.float64(28692.200649111768), np.float64(6807.9118814484655), np.float64(28877.880182292534), np.float64(18064.41498341863), np.float64(12489.141948846847), np.float64(6921.551881904088), np.float64(17515.606701760444), np.float64(24862.888612268718), np.float64(22677.161931667455), np.float64(6255.650286599344)]"
synthetic_transient,transient_scan_5,0.20408163265306123,mq138,99.3653023966922,clean,27.5,55.0,1013.25,3,room_2,"[np.float64(28692.200649111768), np.float64(6807.9118814484655), np.float64(28877.880182292534), np.float64(18064.41498341863), np.float64(12489.141948846847), np.float64(6921.551881904088), np.float64(17515.606701760444), np.float64(24862.888612268718), np.float64(22677.161931667455), np.float64(6255.650286599344)]"
synthetic_transient,transient_scan_5,0.40816326530612246,mq138,99.6521643110759,clean,27.5,55.0,1013.25,3,room_2,"[np.float64(28692.200649111768), np.float64(6807.9118814484655), np.float64(28877.880182292534), np.float64(18064.41498341863), np.float64(12489.141948846847), np.float64(6921.551881904088), np.float64(17515.606701760444), np.float64(24862.888612268718), np.float64(22677.161931667455), np.float64(6255.650286599344)]"
synthetic_transient,transient_scan_5,0.6122448979591837,mq138,99.45790430448884,clean,27.5,55.0,1013.25,3,room_2,"[np.float64(28692.200649111768), np.float64(6807.9118814484655), np.float64(28877.880182292534), np.float64(18064.41498341863), np.float64(12489.141948846847), np.float64(6921.551881904088), np.float64(17515.606701760444), np.float64(24862.888612268718), np.float64(22677.161931667455), np.float64(6255.650286599344)]"
synthetic_transient,transient_scan_5,0.8163265306122449,mq138,100.23478590917422,clean,27.5,55.0,1013.25,3,room_2,"[np.float64(28692.200649111768), np.float64(6807.9118814484655), np.float64(28877.880182292534), np.float64(18064.41498341863), np.float64(12489.141948846847), np.float64(6921.551881904088), np.float64(17515.606701760444), np.float64(24862.888612268718), np.float64(22677.161931667455), np.float64(6255.650286599344)]"
synthetic_transient,transient_scan_5,1.0204081632653061,mq138,100.35705174986005,clean,27.5,55.0,1013.25,3,room_2,"[np.float64(28692.200649111768), np.float64(6807.9118814484655), np.float64(28877.880182292534), np.float64(18064.41498341863), np.float64(12489.141948846847), np.float64(6921.551881904088), np.float64(17515.606701760444), np.float64(24862.888612268718), np.float64(22677.161931667455), np.float64(6255.650286599344)]"
synthetic_transient,transient_scan_5,1.2244897959183674,mq138,99.92308698640082,clean,27.5,55.0,1013.25,3,room_2,"[np.float64(28692.200649111768), np.float64(6807.9118814484655), np.float64(28877.880182292534), np.float64(18064.41498341863), np.float64(12489.141948846847), np.float64(6921.551881904088), np.float64(17515.606701760444), np.float64(24862.888612268718), np.float64(22677.161931667455), np.float64(6255.650286599344)]"
synthetic_transient,transient_scan_5,1.4285714285714286,mq138,99.56353516163021,clean,27.5,55.0,1013.25,3,room_2,"[np.float64(28692.200649111768), np.float64(6807.9118814484655), np.float64(28877.880182292534), np.float64(18064.41498341863), np.float64(12489.141948846847), np.float64(6921.551881904088), np.float64(17515.606701760444), np.float64(24862.888612268718), np.float64(22677.161931667455), np.float64(6255.650286599344)]"
synthetic_transient,transient_scan_5,1.6326530612244898,mq138,99.9901254532327,clean,27.5,55.0,1013.25,3,room_2,"[np.float64(28692.200649111768), np.float64(6807.9118814484655), np.float64(28877.880182292534), np.float64(18064.41498341863), np.float64(12489.141948846847), np.float64(6921.551881904088), np.float64(17515.606701760444), np.float64(24862.888612268718), np.float64(22677.161931667455), np.float64(6255.650286599344)]"
synthetic_transient,transient_scan_5,1.836734693877551,mq138,99.7567100546631,clean,27.5,55.0,1013.25,3,room_2,"[np.float64(28692.200649111768), np.float64(6807.9118814484655), np.float64(28877.880182292534), np.float64(18064.41498341863), np.float64(12489.141948846847), np.float64(6921.551881904088), np.float64(17515.606701760444), np.float64(24862.888612268718), np.float64(22677.161931667455), np.float64(6255.650286599344)]"
synthetic_transient,transient_scan_5,2.0408163265306123,mq138,98.79386160180131,clean,27.5,55.0,1013.25,3,room_2,"[np.float64(28692.200649111768), np.float64(6807.9118814484655), np.float64(28877.880182292534), np.float64(18064.41498341863), np.float64(12489.141948846847), np.float64(6921.551881904088), np.float64(17515.606701760444), np.float64(24862.888612268718), np.float64(22677.161931667455), np.float64(6255.650286599344)]"
synthetic_transient,transient_scan_5,2.2448979591836737,mq138,95.55953860870898,clean,27.5,55.0,1013.25,3,room_2,"[np.float64(28692.200649111768), np.float64(6807.9118814484655), np.float64(28877.880182292534), np.float64(18064.41498341863), np.float64(12489.141948846847), np.float64(6921.551881904088), np.float64(17515.606701760444), np.float64(24862.888612268718), np.float64(22677.161931667455), np.float64(6255.650286599344)]"
synthetic_transient,transient_scan_5,2.4489795918367347,mq138,91.57795304639174,clean,27.5,55.0,1013.25,3,room_2,"[np.float64(28692.200649111768), np.float64(6807.9118814484655), np.float64(28877.880182292534), np.float64(18064.41498341863), np.float64(12489.141948846847), np.float64(6921.551881904088), np.float64(17515.606701760444), np.float64(24862.888612268718), np.float64(22677.161931667455), np.float64(6255.650286599344)]"
synthetic_transient,transient_scan_5,2.6530612244897958,mq138,88.0737167477082,clean,27.5,55.0,1013.25,3,room_2,"[np.float64(28692.200649111768), np.float64(6807.9118814484655), np.float64(28877.880182292534), np.float64(18064.41498341863), np.float64(12489.141948846847), np.float64(6921.551881904088), np.float64(17515.606701760444), np.float64(24862.888612268718), np.float64(22677.161931667455), np.float64(6255.650286599344)]"
synthetic_transient,transient_scan_5,2.857142857142857,mq138,85.38550506606063,clean,27.5,55.0,1013.25,3,room_2,"[np.float64(28692.200649111768), np.float64(6807.9118814484655), np.float64(28877.880182292534), np.float64(18064.41498341863), np.float64(12489.141948846847), np.float64(6921.551881904088), np.float64(17515.606701760444), np.float64(24862.888612268718), np.float64(22677.161931667455), np.float64(6255.650286599344)]"
synthetic_transient,transient_scan_5,3.0612244897959187,mq138,82.72815814994051,clean,27.5,55.0,1013.25,3,room_2,"[np.float64(28692.200649111768), np.float64(6807.9118814484655), np.float64(28877.880182292534), np.float64(18064.41498341863), np.float64(12489.141948846847), np.float64(6921.551881904088), np.float64(17515.606701760444), np.float64(24862.888612268718), np.float64(22677.161931667455), np.float64(6255.650286599344)]"
synthetic_transient,transient_scan_5,3.2653061224489797,mq138,81.3709829615127,clean,27.5,55.0,1013.25,3,room_2,"[np.float64(28692.200649111768), np.float64(6807.9118814484655), np.float64(28877.880182292534), np.float64(18064.41498341863), np.float64(12489.141948846847), np.float64(6921.551881904088), np.float64(17515.606701760444), np.float64(24862.888612268718), np.float64(22677.161931667455), np.float64(6255.650286599344)]"
synthetic_transient,transient_scan_5,3.4693877551020407,mq138,79.26129347228985,clean,27.5,55.0,1013.25,3,room_2,"[np.float64(28692.200649111768), np.float64(6807.9118814484655), np.float64(28877.880182292534), np.float64(18064.41498341863), np.float64(12489.141948846847), np.float64(6921.551881904088), np.float64(17515.606701760444), np.float64(24862.888612268718), np.float64(22677.161931667455), np.float64(6255.650286599344)]"
synthetic_transient,transient_scan_5,3.673469387755102,mq138,77.37515982519821,clean,27.5,55.0,1013.25,3,room_2,"[np.float64(28692.200649111768), np.float64(6807.9118814484655), np.float64(28877.880182292534), np.float64(18064.41498341863), np.float64(12489.141948846847), np.float64(6921.551881904088), np.float64(17515.606701760444), np.float64(24862.888612268718), np.float64(22677.161931667455), np.float64(6255.650286599344)]"
synthetic_transient,transient_scan_5,3.8775510204081636,mq138,75.93812375125364,clean,27.5,55.0,1013.25,3,room_2,"[np.float64(28692.200649111768), np.float64(6807.9118814484655), np.float64(28877.880182292534), np.float64(18064.41498341863), np.float64(12489.141948846847), np.float64(6921.551881904088), np.float64(17515.606701760444), np.float64(24862.888612268718), np.float64(22677.161931667455), np.float64(6255.650286599344)]"
synthetic_transient,transient_scan_5,4.081632653061225,mq138,74.72263003852437,clean,27.5,55.0,1013.25,3,room_2,"[np.float64(28692.200649111768), np.float64(6807.9118814484655), np.float64(28877.880182292534), np.float64(18064.41498341863), np.float64(12489.141948846847), np.float64(6921.551881904088), np.float64(17515.606701760444), np.float64(24862.888612268718), np.float64(22677.161931667455), np.float64(6255.650286599344)]"
synthetic_transient,transient_scan_5,4.285714285714286,mq138,72.46012902754624,clean,27.5,55.0,1013.25,3,room_2,"[np.float64(28692.200649111768), np.float64(6807.9118814484655), np.float64(28877.880182292534), np.float64(18064.41498341863), np.float64(12489.141948846847), np.float64(6921.551881904088), np.float64(17515.606701760444), np.float64(24862.888612268718), np.float64(22677.161931667455), np.float64(6255.650286599344)]"
synthetic_transient,transient_scan_5,4.4897959183673475,mq138,71.72205039282753,clean,27.5,55.0,1013.25,3,room_2,"[np.float64(28692.200649111768), np.float64(6807.9118814484655), np.float64(28877.880182292534), np.float64(18064.41498341863), np.float64(12489.141948846847), np.float64(6921.551881904088), np.float64(17515.606701760444), np.float64(24862.888612268718), np.float64(22677.161931667455), np.float64(6255.650286599344)]"
synthetic_transient,transient_scan_5,4.6938775510204085,mq138,69.61159501443893,clean,27.5,55.0,1013.25,3,room_2,"[np.float64(28692.200649111768), np.float64(6807.9118814484655), np.float64(28877.880182292534), np.float64(18064.41498341863), np.float64(12489.141948846847), np.float64(6921.551881904088), np.float64(17515.606701760444), np.float64(24862.888612268718), np.float64(22677.161931667455), np.float64(6255.650286599344)]"
synthetic_transient,transient_scan_5,4.8979591836734695,mq138,70.08174558086438,clean,27.5,55.0,1013.25,3,room_2,"[np.float64(28692.200649111768), np.float64(6807.9118814484655), np.float64(28877.880182292534), np.float64(18064.41498341863), np.float64(12489.141948846847), np.float64(6921.551881904088), np.float64(17515.606701760444), np.float64(24862.888612268718), np.float64(22677.161931667455), np.float64(6255.650286599344)]"
synthetic_transient,transient_scan_5,5.1020408163265305,mq138,67.85884456984358,clean,27.5,55.0,1013.25,3,room_2,"[np.float64(28692.200649111768), np.float64(6807.9118814484655), np.float64(28877.880182292534), np.float64(18064.41498341863), np.float64(12489.141948846847), np.float64(6921.551881904088), np.float64(17515.606701760444), np.float64(24862.888612268718), np.float64(22677.161931667455), np.float64(6255.650286599344)]"
synthetic_transient,transient_scan_5,5.3061224489795915,mq138,67.303475427628,clean,27.5,55.0,1013.25,3,room_2,"[np.float64(28692.200649111768), np.float64(6807.9118814484655), np.float64(28877.880182292534), np.float64(18064.41498341863), np.float64(12489.141948846847), np.float64(6921.551881904088), np.float64(17515.606701760444), np.float64(24862.888612268718), np.float64(22677.161931667455), np.float64(6255.650286599344)]"
synthetic_transient,transient_scan_5,5.510204081632653,mq138,66.61672922696214,clean,27.5,55.0,1013.25,3,room_2,"[np.float64(28692.200649111768), np.float64(6807.9118814484655), np.float64(28877.880182292534), np.float64(18064.41498341863), np.float64(12489.141948846847), np.float64(6921.551881904088), np.float64(17515.606701760444), np.float64(24862.888612268718), np.float64(22677.161931667455), np.float64(6255.650286599344)]"
synthetic_transient,transient_scan_5,5.714285714285714,mq138,65.48158631427773,clean,27.5,55.0,1013.25,3,room_2,"[np.float64(28692.200649111768), np.float64(6807.9118814484655), np.float64(28877.880182292534), np.float64(18064.41498341863), np.float64(12489.141948846847), np.float64(6921.551881904088), np.float64(17515.606701760444), np.float64(24862.888612268718), np.float64(22677.161931667455), np.float64(6255.650286599344)]"
synthetic_transient,transient_scan_5,5.918367346938775,mq138,65.6552259620294,clean,27.5,55.0,1013.25,3,room_2,"[np.float64(28692.200649111768), np.float64(6807.9118814484655), np.float64(28877.880182292534), np.float64(18064.41498341863), np.float64(12489.141948846847), np.float64(6921.551881904088), np.float64(17515.606701760444), np.float64(24862.888612268718), np.float64(22677.161931667455), np.float64(6255.650286599344)]"
synthetic_transient,transient_scan_5,6.122448979591837,mq138,65.1988719069372,clean,27.5,55.0,1013.25,3,room_2,"[np.float64(28692.200649111768), np.float64(6807.9118814484655), np.float64(28877.880182292534), np.float64(18064.41498341863), np.float64(12489.141948846847), np.float64(6921.551881904088), np.float64(17515.606701760444), np.float64(24862.888612268718), np.float64(22677.161931667455), np.float64(6255.650286599344)]"
synthetic_transient,transient_scan_5,6.326530612244898,mq138,64.50325969878,clean,27.5,55.0,1013.25,3,room_2,"[np.float64(28692.200649111768), np.float64(6807.9118814484655), np.float64(28877.880182292534), np.float64(18064.41498341863), np.float64(12489.141948846847), np.float64(6921.551881904088), np.float64(17515.606701760444), np.float64(24862.888612268718), np.float64(22677.161931667455), np.float64(6255.650286599344)]"
synthetic_transient,transient_scan_5,6.530612244897959,mq138,63.38180637201866,clean,27.5,55.0,1013.25,3,room_2,"[np.float64(28692.200649111768), np.float64(6807.9118814484655), np.float64(28877.880182292534), np.float64(18064.41498341863), np.float64(12489.141948846847), np.float64(6921.551881904088), np.float64(17515.606701760444), np.float64(24862.888612268718), np.float64(22677.161931667455), np.float64(6255.650286599344)]"
synthetic_transient,transient_scan_5,6.73469387755102,mq138,64.74085574351786,clean,27.5,55.0,1013.25,3,room_2,"[np.float64(28692.200649111768), np.float64(6807.9118814484655), np.float64(28877.880182292534), np.float64(18064.41498341863), np.float64(12489.141948846847), np.float64(6921.551881904088), np.float64(17515.606701760444), np.float64(24862.888612268718), np.float64(22677.161931667455), np.float64(6255.650286599344)]"
synthetic_transient,transient_scan_5,6.938775510204081,mq138,63.6600818584998,clean,27.5,55.0,1013.25,3,room_2,"[np.float64(28692.200649111768), np.float64(6807.9118814484655), np.float64(28877.880182292534), np.float64(18064.41498341863), np.float64(12489.141948846847), np.float64(6921.551881904088), np.float64(17515.606701760444), np.float64(24862.888612268718), np.float64(22677.161931667455), np.float64(6255.650286599344)]"
synthetic_transient,transient_scan_5,7.142857142857143,mq138,64.3741625014557,clean,27.5,55.0,1013.25,3,room_2,"[np.float64(28692.200649111768), np.float64(6807.9118814484655), np.float64(28877.880182292534), np.float64(18064.41498341863), np.float64(12489.141948846847), np.float64(6921.551881904088), np.float64(17515.606701760444), np.float64(24862.888612268718), np.float64(22677.161931667455), np.float64(6255.650286599344)]"
synthetic_transient,transient_scan_5,7.346938775510204,mq138,62.35794053156549,clean,27.5,55.0,1013.25,3,room_2,"[np.float64(28692.200649111768), np.float64(6807.9118814484655), np.float64(28877.880182292534), np.float64(18064.41498341863), np.float64(12489.141948846847), np.float64(6921.551881904088), np.float64(17515.606701760444), np.float64(24862.888612268718), np.float64(22677.161931667455), np.float64(6255.650286599344)]"
synthetic_transient,transient_scan_5,7.551020408163265,mq138,62.97164806792205,clean,27.5,55.0,1013.25,3,room_2,"[np.float64(28692.200649111768), np.float64(6807.9118814484655), np.float64(28877.880182292534), np.float64(18064.41498341863), np.float64(12489.141948846847), np.float64(6921.551881904088), np.float64(17515.606701760444), np.float64(24862.888612268718), np.float64(22677.161931667455), np.float64(6255.650286599344)]"
synthetic_transient,transient_scan_5,7.755102040816327,mq138,62.640533111471335,clean,27.5,55.0,1013.25,3,room_2,"[np.float64(28692.200649111768), np.float64(6807.9118814484655), np.float64(28877.880182292534), np.float64(18064.41498341863), np.float64(12489.141948846847), np.float64(6921.551881904088), np.float64(17515.606701760444), np.float64(24862.888612268718), np.float64(22677.161931667455), np.float64(6255.650286599344)]"
synthetic_transient,transient_scan_5,7.959183673469388,mq138,61.88725524306619,clean,27.5,55.0,1013.25,3,room_2,"[np.float64(28692.200649111768), np.float64(6807.9118814484655), np.float64(28877.880182292534), np.float64(18064.41498341863), np.float64(12489.141948846847), np.float64(6921.551881904088), np.float64(17515.606701760444), np.float64(24862.888612268718), np.float64(22677.161931667455), np.float64(6255.650286599344)]"
synthetic_transient,transient_scan_5,8.16326530612245,mq138,62.540896744455594,clean,27.5,55.0,1013.25,3,room_2,"[np.float64(28692.200649111768), np.float64(6807.9118814484655), np.float64(28877.880182292534), np.float64(18064.41498341863), np.float64(12489.141948846847), np.float64(6921.551881904088), np.float64(17515.606701760444), np.float64(24862.888612268718), np.float64(22677.161931667455), np.float64(6255.650286599344)]"
synthetic_transient,transient_scan_5,8.36734693877551,mq138,61.4546218655178,clean,27.5,55.0,1013.25,3,room_2,"[np.float64(28692.200649111768), np.float64(6807.9118814484655), np.float64(28877.880182292534), np.float64(18064.41498341863), np.float64(12489.141948846847), np.float64(6921.551881904088), np.float64(17515.606701760444), np.float64(24862.888612268718), np.float64(22677.161931667455), np.float64(6255.650286599344)]"
synthetic_transient,transient_scan_5,8.571428571428571,mq138,61.31610834497717,clean,27.5,55.0,1013.25,3,room_2,"[np.float64(28692.200649111768), np.float64(6807.9118814484655), np.float64(28877.880182292534), np.float64(18064.41498341863), np.float64(12489.141948846847), np.float64(6921.551881904088), np.float64(17515.606701760444), np.float64(24862.888612268718), np.float64(22677.161931667455), np.float64(6255.650286599344)]"
synthetic_transient,transient_scan_5,8.775510204081632,mq138,59.61566243169927,clean,27.5,55.0,1013.25,3,room_2,"[np.float64(28692.200649111768), np.float64(6807.9118814484655), np.float64(28877.880182292534), np.float64(18064.41498341863), np.float64(12489.141948846847), np.float64(6921.551881904088), np.float64(17515.606701760444), np.float64(24862.888612268718), np.float64(22677.161931667455), np.float64(6255.650286599344)]"
synthetic_transient,transient_scan_5,8.979591836734695,mq138,61.42479792584015,clean,27.5,55.0,1013.25,3,room_2,"[np.float64(28692.200649111768), np.float64(6807.9118814484655), np.float64(28877.880182292534), np.float64(18064.41498341863), np.float64(12489.141948846847), np.float64(6921.551881904088), np.float64(17515.606701760444), np.float64(24862.888612268718), np.float64(22677.161931667455), np.float64(6255.650286599344)]"
synthetic_transient,transient_scan_5,9.183673469387756,mq138,60.43915248962139,clean,27.5,55.0,1013.25,3,room_2,"[np.float64(28692.200649111768), np.float64(6807.9118814484655), np.float64(28877.880182292534), np.float64(18064.41498341863), np.float64(12489.141948846847), np.float64(6921.551881904088), np.float64(17515.606701760444), np.float64(24862.888612268718), np.float64(22677.161931667455), np.float64(6255.650286599344)]"
synthetic_transient,transient_scan_5,9.387755102040817,mq138,60.71965377494853,clean,27.5,55.0,1013.25,3,room_2,"[np.float64(28692.200649111768), np.float64(6807.9118814484655), np.float64(28877.880182292534), np.float64(18064.41498341863), np.float64(12489.141948846847), np.float64(6921.551881904088), np.float64(17515.606701760444), np.float64(24862.888612268718), np.float64(22677.161931667455), np.float64(6255.650286599344)]"
synthetic_transient,transient_scan_5,9.591836734693878,mq138,60.385380889759205,clean,27.5,55.0,1013.25,3,room_2,"[np.float64(28692.200649111768), np.float64(6807.9118814484655), np.float64(28877.880182292534), np.float64(18064.41498341863), np.float64(12489.141948846847), np.float64(6921.551881904088), np.float64(17515.606701760444), np.float64(24862.888612268718), np.float64(22677.161931667455), np.float64(6255.650286599344)]"
synthetic_transient,transient_scan_5,9.795918367346939,mq138,60.62821477637841,clean,27.5,55.0,1013.25,3,room_2,"[np.float64(28692.200649111768), np.float64(6807.9118814484655), np.float64(28877.880182292534), np.float64(18064.41498341863), np.float64(12489.141948846847), np.float64(6921.551881904088), np.float64(17515.606701760444), np.float64(24862.888612268718), np.float64(22677.161931667455), np.float64(6255.650286599344)]"
synthetic_transient,transient_scan_5,10.0,mq138,60.954565670658084,clean,27.5,55.0,1013.25,3,room_2,"[np.float64(28692.200649111768), np.float64(6807.9118814484655), np.float64(28877.880182292534), np.float64(18064.41498341863), np.float64(12489.141948846847), np.float64(6921.551881904088), np.float64(17515.606701760444), np.float64(24862.888612268718), np.float64(22677.161931667455), np.float64(6255.650286599344)]"
synthetic_transient,transient_scan_5,0.0,tgs2620,100.00557078152438,clean,27.5,55.0,1013.25,3,room_2,"[np.float64(28692.200649111768), np.float64(6807.9118814484655), np.float64(28877.880182292534), np.float64(18064.41498341863), np.float64(12489.141948846847), np.float64(6921.551881904088), np.float64(17515.606701760444), np.float64(24862.888612268718), np.float64(22677.161931667455), np.float64(6255.650286599344)]"
synthetic_transient,transient_scan_5,0.20408163265306123,tgs2620,100.3548206452529,clean,27.5,55.0,1013.25,3,room_2,"[np.float64(28692.200649111768), np.float64(6807.9118814484655), np.float64(28877.880182292534), np.float64(18064.41498341863), np.float64(12489.141948846847), np.float64(6921.551881904088), np.float64(17515.606701760444), np.float64(24862.888612268718), np.float64(22677.161931667455), np.float64(6255.650286599344)]"
synthetic_transient,transient_scan_5,0.40816326530612246,tgs2620,100.63281476779281,clean,27.5,55.0,1013.25,3,room_2,"[np.float64(28692.200649111768), np.float64(6807.9118814484655), np.float64(28877.880182292534), np.float64(18064.41498341863), np.float64(12489.141948846847), np.float64(6921.551881904088), np.float64(17515.606701760444), np.float64(24862.888612268718), np.float64(22677.161931667455), np.float64(6255.650286599344)]"
synthetic_transient,transient_scan_5,0.6122448979591837,tgs2620,99.81560203166109,clean,27.5,55.0,1013.25,3,room_2,"[np.float64(28692.200649111768), np.float64(6807.9118814484655), np.float64(28877.880182292534), np.float64(18064.41498341863), np.float64(12489.141948846847), np.float64(6921.551881904088), np.float64(17515.606701760444), np.float64(24862.888612268718), np.float64(22677.161931667455), np.float64(6255.650286599344)]"
synthetic_transient,transient_scan_5,0.8163265306122449,tgs2620,99.76071637899194,clean,27.5,55.0,1013.25,3,room_2,"[np.float64(28692.200649111768), np.float64(6807.9118814484655), np.float64(28877.880182292534), np.float64(18064.41498341863), np.float64(12489.141948846847), np.float64(6921.551881904088), np.float64(17515.606701760444), np.float64(24862.888612268718), np.float64(22677.161931667455), np.float64(6255.650286599344)]"
synthetic_transient,transient_scan_5,1.0204081632653061,tgs2620,100.478863826831,clean,27.5,55.0,1013.25,3,room_2,"[np.float64(28692.200649111768), np.float64(6807.9118814484655), np.float64(28877.880182292534), np.float64(18064.41498341863), np.float64(12489.141948846847), np.float64(6921.551881904088), np.float64(17515.606701760444), np.float64(24862.888612268718), np.float64(22677.161931667455), np.float64(6255.650286599344)]"
synthetic_transient,transient_scan_5,1.2244897959183674,tgs2620,100.51852364436996,clean,27.5,55.0,1013.25,3,room_2,"[np.float64(28692.200649111768), np.float64(6807.9118814484655), np.float64(28877.880182292534), np.float64(18064.41498341863), np.float64(12489.141948846847), np.float64(6921.551881904088), np.float64(17515.606701760444), np.float64(24862.888612268718), np.float64(22677.161931667455), np.float64(6255.650286599344)]"
synthetic_transient,transient_scan_5,1.4285714285714286,tgs2620,100.37029543405153,clean,27.5,55.0,1013.25,3,room_2,"[np.float64(28692.200649111768), np.float64(6807.9118814484655), np.float64(28877.880182292534), np.float64(18064.41498341863), np.float64(12489.141948846847), np.float64(6921.551881904088), np.float64(17515.606701760444), np.float64(24862.888612268718), np.float64(22677.161931667455), np.float64(6255.650286599344)]"
synthetic_transient,transient_scan_5,1.6326530612244898,tgs2620,99.52391059663033,clean,27.5,55.0,1013.25,3,room_2,"[np.float64(28692.200649111768), np.float64(6807.9118814484655), np.float64(28877.880182292534), np.float64(18064.41498341863), np.float64(12489.141948846847), np.float64(6921.551881904088), np.float64(17515.606701760444), np.float64(24862.888612268718), np.float64(22677.161931667455), np.float64(6255.650286599344)]"
synthetic_transient,transient_scan_5,1.836734693877551,tgs2620,100.2113275327508,clean,27.5,55.0,1013.25,3,room_2,"[np.float64(28692.200649111768), np.float64(6807.9118814484655), np.float64(28877.880182292534), np.float64(18064.41498341863), np.float64(12489.141948846847), np.float64(6921.551881904088), np.float64(17515.606701760444), np.float64(24862.888612268718), np.float64(22677.161931667455), np.float64(6255.650286599344)]"
synthetic_transient,transient_scan_5,2.0408163265306123,tgs2620,99.24668225617182,clean,27.5,55.0,1013.25,3,room_2,"[np.float64(28692.200649111768), np.float64(6807.9118814484655), np.float64(28877.880182292534), np.float64(18064.41498341863), np.float64(12489.141948846847), np.float64(6921.551881904088), np.float64(17515.606701760444), np.float64(24862.888612268718), np.float64(22677.161931667455), np.float64(6255.650286599344)]"
synthetic_transient,transient_scan_5,2.2448979591836737,tgs2620,95.91630623672918,clean,27.5,55.0,1013.25,3,room_2,"[np.float64(28692.200649111768), np.float64(6807.9118814484655), np.float64(28877.880182292534), np.float64(18064.41498341863), np.float64(12489.141948846847), np.float64(6921.551881904088), np.float64(17515.606701760444), np.float64(24862.888612268718), np.float64(22677.161931667455), np.float64(6255.650286599344)]"
synthetic_transient,transient_scan_5,2.4489795918367347,tgs2620,91.6705131128822,clean,27.5,55.0,1013.25,3,room_2,"[np.float64(28692.200649111768), np.float64(6807.9118814484655), np.float64(28877.880182292534), np.float64(18064.41498341863), np.float64(12489.141948846847), np.float64(6921.551881904088), np.float64(17515.606701760444), np.float64(24862.888612268718), np.float64(22677.161931667455), np.float64(6255.650286599344)]"
synthetic_transient,transient_scan_5,2.6530612244897958,tgs2620,88.02358646861529,clean,27.5,55.0,1013.25,3,room_2,"[np.float64(28692.200649111768), np.float64(6807.9118814484655), np.float64(28877.880182292534), np.float64(18064.41498341863), np.float64(12489.141948846847), np.float64(6921.551881904088), np.float64(17515.606701760444), np.float64(24862.888612268718), np.float64(22677.161931667455), np.float64(6255.650286599344)]"
synthetic_transient,transient_scan_5,2.857142857142857,tgs2620,86.40268070143236,clean,27.5,55.0,1013.25,3,room_2,"[np.float64(28692.200649111768), np.float64(6807.9118814484655), np.float64(28877.880182292534), np.float64(18064.41498341863), np.float64(12489.141948846847), np.float64(6921.551881904088), np.float64(17515.606701760444), np.float64(24862.888612268718), np.float64(22677.161931667455), np.float64(6255.650286599344)]"
synthetic_transient,transient_scan_5,3.0612244897959187,tgs2620,82.25060419171994,clean,27.5,55.0,1013.25,3,room_2,"[np.float64(28692.200649111768), np.float64(6807.9118814484655), np.float64(28877.880182292534), np.float64(18064.41498341863), np.float64(12489.141948846847), np.float64(6921.551881904088), np.float64(17515.606701760444), np.float64(24862.888612268718), np.float64(22677.161931667455), np.float64(6255.650286599344)]"
synthetic_transient,transient_scan_5,3.2653061224489797,tgs2620,80.88147030127642,clean,27.5,55.0,1013.25,3,room_2,"[np.float64(28692.200649111768), np.float64(6807.9118814484655), np.float64(28877.880182292534), np.float64(18064.41498341863), np.float64(12489.141948846847), np.float64(6921.551881904088), np.float64(17515.606701760444), np.float64(24862.888612268718), np.float64(22677.161931667455), np.float64(6255.650286599344)]"
synthetic_transient,transient_scan_5,3.4693877551020407,tgs2620,78.67449299754261,clean,27.5,55.0,1013.25,3,room_2,"[np.float64(28692.200649111768), np.float64(6807.9118814484655), np.float64(28877.880182292534), np.float64(18064.41498341863), np.float64(12489.141948846847), np.float64(6921.551881904088), np.float64(17515.606701760444), np.float64(24862.888612268718), np.float64(22677.161931667455), np.float64(6255.650286599344)]"
synthetic_transient,transient_scan_5,3.673469387755102,tgs2620,76.80993244249125,clean,27.5,55.0,1013.25,3,room_2,"[np.float64(28692.200649111768), np.float64(6807.9118814484655), np.float64(28877.880182292534), np.float64(18064.41498341863), np.float64(12489.141948846847), np.float64(6921.551881904088), np.float64(17515.606701760444), np.float64(24862.888612268718), np.float64(22677.161931667455), np.float64(6255.650286599344)]"
synthetic_transient,transient_scan_5,3.8775510204081636,tgs2620,75.26974218953613,clean,27.5,55.0,1013.25,3,room_2,"[np.float64(28692.200649111768), np.float64(6807.9118814484655), np.float64(28877.880182292534), np.float64(18064.41498341863), np.float64(12489.141948846847), np.float64(6921.551881904088), np.float64(17515.606701760444), np.float64(24862.888612268718), np.float64(22677.161931667455), np.float64(6255.650286599344)]"
synthetic_transient,transient_scan_5,4.081632653061225,tgs2620,74.73533739534163,clean,27.5,55.0,1013.25,3,room_2,"[np.float64(28692.200649111768), np.float64(6807.9118814484655), np.float64(28877.880182292534), np.float64(18064.41498341863), np.float64(12489.141948846847), np.float64(6921.551881904088), np.float64(17515.606701760444), np.float64(24862.888612268718), np.float64(22677.161931667455), np.float64(6255.650286599344)]"
synthetic_transient,transient_scan_5,4.285714285714286,tgs2620,73.166540002462,clean,27.5,55.0,1013.25,3,room_2,"[np.float64(28692.200649111768), np.float64(6807.9118814484655), np.float64(28877.880182292534), np.float64(18064.41498341863), np.float64(12489.141948846847), np.float64(6921.551881904088), np.float64(17515.606701760444), np.float64(24862.888612268718), np.float64(22677.161931667455), np.float64(6255.650286599344)]"
synthetic_transient,transient_scan_5,4.4897959183673475,tgs2620,71.39294631321206,clean,27.5,55.0,1013.25,3,room_2,"[np.float64(28692.200649111768), np.float64(6807.9118814484655), np.float64(28877.880182292534), np.float64(18064.41498341863), np.float64(12489.141948846847), np.float64(6921.551881904088), np.float64(17515.606701760444), np.float64(24862.888612268718), np.float64(22677.161931667455), np.float64(6255.650286599344)]"
synthetic_transient,transient_scan_5,4.6938775510204085,tgs2620,70.9682145040714,clean,27.5,55.0,1013.25,3,room_2,"[np.float64(28692.200649111768), np.float64(6807.9118814484655), np.float64(28877.880182292534), np.float64(18064.41498341863), np.float64(12489.141948846847), np.float64(6921.551881904088), np.float64(17515.606701760444), np.float64(24862.888612268718), np.float64(22677.161931667455), np.float64(6255.650286599344)]"
synthetic_transient,transient_scan_5,4.8979591836734695,tgs2620,68.86124213014952,clean,27.5,55.0,1013.25,3,room_2,"[np.float64(28692.200649111768), np.float64(6807.9118814484655), np.float64(28877.880182292534), np.float64(18064.41498341863), np.float64(12489.141948846847), np.float64(6921.551881904088), np.float64(17515.606701760444), np.float64(24862.888612268718), np.float64(22677.161931667455), np.float64(6255.650286599344)]"
synthetic_transient,transient_scan_5,5.1020408163265305,tgs2620,67.88211849607909,clean,27.5,55.0,1013.25,3,room_2,"[np.float64(28692.200649111768), np.float64(6807.9118814484655), np.float64(28877.880182292534), np.float64(18064.41498341863), np.float64(12489.141948846847), np.float64(6921.551881904088), np.float64(17515.606701760444), np.float64(24862.888612268718), np.float64(22677.161931667455), np.float64(6255.650286599344)]"
synthetic_transient,transient_scan_5,5.3061224489795915,tgs2620,68.09031431677151,clean,27.5,55.0,1013.25,3,room_2,"[np.float64(28692.200649111768), np.float64(6807.9118814484655), np.float64(28877.880182292534), np.float64(18064.41498341863), np.float64(12489.141948846847), np.float64(6921.551881904088), np.float64(17515.606701760444), np.float64(24862.888612268718), np.float64(22677.161931667455), np.float64(6255.650286599344)]"
synthetic_transient,transient_scan_5,5.510204081632653,tgs2620,67.20540559849,clean,27.5,55.0,1013.25,3,room_2,"[np.float64(28692.200649111768), np.float64(6807.9118814484655), np.float64(28877.880182292534), np.float64(18064.41498341863), np.float64(12489.141948846847), np.float64(6921.551881904088), np.float64(17515.606701760444), np.float64(24862.888612268718), np.float64(22677.161931667455), np.float64(6255.650286599344)]"
synthetic_transient,transient_scan_5,5.714285714285714,tgs2620,66.01459011184718,clean,27.5,55.0,1013.25,3,room_2,"[np.float64(28692.200649111768), np.float64(6807.9118814484655), np.float64(28877.880182292534), np.float64(18064.41498341863), np.float64(12489.141948846847), np.float64(6921.551881904088), np.float64(17515.606701760444), np.float64(24862.888612268718), np.float64(22677.161931667455), np.float64(6255.650286599344)]"
synthetic_transient,transient_scan_5,5.918367346938775,tgs2620,65.07120772647606,clean,27.5,55.0,1013.25,3,room_2,"[np.float64(28692.200649111768), np.float64(6807.9118814484655), np.float64(28877.880182292534), np.float64(18064.41498341863), np.float64(12489.141948846847), np.float64(6921.551881904088), np.float64(17515.606701760444), np.float64(24862.888612268718), np.float64(22677.161931667455), np.float64(6255.650286599344)]"
synthetic_transient,transient_scan_5,6.122448979591837,tgs2620,65.82178591035543,clean,27.5,55.0,1013.25,3,room_2,"[np.float64(28692.200649111768), np.float64(6807.9118814484655), np.float64(28877.880182292534), np.float64(18064.41498341863), np.float64(12489.141948846847), np.float64(6921.551881904088), np.float64(17515.606701760444), np.float64(24862.888612268718), np.float64(22677.161931667455), np.float64(6255.650286599344)]"
synthetic_transient,transient_scan_5,6.326530612244898,tgs2620,63.73791525879686,clean,27.5,55.0,1013.25,3,room_2,"[np.float64(28692.200649111768), np.float64(6807.9118814484655), np.float64(28877.880182292534), np.float64(18064.41498341863), np.float64(12489.141948846847), np.float64(6921.551881904088), np.float64(17515.606701760444), np.float64(24862.888612268718), np.float64(22677.161931667455), np.float64(6255.650286599344)]"
synthetic_transient,transient_scan_5,6.530612244897959,tgs2620,63.85271722036242,clean,27.5,55.0,1013.25,3,room_2,"[np.float64(28692.200649111768), np.float64(6807.9118814484655), np.float64(28877.880182292534), np.float64(18064.41498341863), np.float64(12489.141948846847), np.float64(6921.551881904088), np.float64(17515.606701760444), np.float64(24862.888612268718), np.float64(22677.161931667455), np.float64(6255.650286599344)]"
synthetic_transient,transient_scan_5,6.73469387755102,tgs2620,63.863450889850945,clean,27.5,55.0,1013.25,3,room_2,"[np.float64(28692.200649111768), np.float64(6807.9118814484655), np.float64(28877.880182292534), np.float64(18064.41498341863), np.float64(12489.141948846847), np.float64(6921.551881904088), np.float64(17515.606701760444), np.float64(24862.888612268718), np.float64(22677.161931667455), np.float64(6255.650286599344)]"
synthetic_transient,transient_scan_5,6.938775510204081,tgs2620,64.2865488644647,clean,27.5,55.0,1013.25,3,room_2,"[np.float64(28692.200649111768), np.float64(6807.9118814484655), np.float64(28877.880182292534), np.float64(18064.41498341863), np.float64(12489.141948846847), np.float64(6921.551881904088), np.float64(17515.606701760444), np.float64(24862.888612268718), np.float64(22677.161931667455), np.float64(6255.650286599344)]"
synthetic_transient,transient_scan_5,7.142857142857143,tgs2620,63.24860158566733,clean,27.5,55.0,1013.25,3,room_2,"[np.float64(28692.200649111768), np.float64(6807.9118814484655), np.float64(28877.880182292534), np.float64(18064.41498341863), np.float64(12489.141948846847), np.float64(6921.551881904088), np.float64(17515.606701760444), np.float64(24862.888612268718), np.float64(22677.161931667455), np.float64(6255.650286599344)]"
synthetic_transient,transient_scan_5,7.346938775510204,tgs2620,63.00064747801528,clean,27.5,55.0,1013.25,3,room_2,"[np.float64(28692.200649111768), np.float64(6807.9118814484655), np.float64(28877.880182292534), np.float64(18064.41498341863), np.float64(12489.141948846847), np.float64(6921.551881904088), np.float64(17515.606701760444), np.float64(24862.888612268718), np.float64(22677.161931667455), np.float64(6255.650286599344)]"
synthetic_transient,transient_scan_5,7.551020408163265,tgs2620,62.2080151037595,clean,27.5,55.0,1013.25,3,room_2,"[np.float64(28692.200649111768), np.float64(6807.9118814484655), np.float64(28877.880182292534), np.float64(18064.41498341863), np.float64(12489.141948846847), np.float64(6921.551881904088), np.float64(17515.606701760444), np.float64(24862.888612268718), np.float64(22677.161931667455), np.float64(6255.650286599344)]"
synthetic_transient,transient_scan_5,7.755102040816327,tgs2620,62.53513628041155,clean,27.5,55.0,1013.25,3,room_2,"[np.float64(28692.200649111768), np.float64(6807.9118814484655), np.float64(28877.880182292534), np.float64(18064.41498341863), np.float64(12489.141948846847), np.float64(6921.551881904088), np.float64(17515.606701760444), np.float64(24862.888612268718), np.float64(22677.161931667455), np.float64(6255.650286599344)]"
synthetic_transient,transient_scan_5,7.959183673469388,tgs2620,62.08519745505442,clean,27.5,55.0,1013.25,3,room_2,"[np.float64(28692.200649111768), np.float64(6807.9118814484655), np.float64(28877.880182292534), np.float64(18064.41498341863), np.float64(12489.141948846847), np.float64(6921.551881904088), np.float64(17515.606701760444), np.float64(24862.888612268718), np.float64(22677.161931667455), np.float64(6255.650286599344)]"
synthetic_transient,transient_scan_5,8.16326530612245,tgs2620,61.0411390237172,clean,27.5,55.0,1013.25,3,room_2,"[np.float64(28692.200649111768), np.float64(6807.9118814484655), np.float64(28877.880182292534), np.float64(18064.41498341863), np.float64(12489.141948846847), np.float64(6921.551881904088), np.float64(17515.606701760444), np.float64(24862.888612268718), np.float64(22677.161931667455), np.float64(6255.650286599344)]"
synthetic_transient,transient_scan_5,8.36734693877551,tgs2620,62.053794296071246,clean,27.5,55.0,1013.25,3,room_2,"[np.float64(28692.200649111768), np.float64(6807.9118814484655), np.float64(28877.880182292534), np.float64(18064.41498341863), np.float64(12489.141948846847), np.float64(6921.551881904088), np.float64(17515.606701760444), np.float64(24862.888612268718), np.float64(22677.161931667455), np.float64(6255.650286599344)]"
synthetic_transient,transient_scan_5,8.571428571428571,tgs2620,61.98175074961289,clean,27.5,55.0,1013.25,3,room_2,"[np.float64(28692.200649111768), np.float64(6807.9118814484655), np.float64(28877.880182292534), np.float64(18064.41498341863), np.float64(12489.141948846847), np.float64(6921.551881904088), np.float64(17515.606701760444), np.float64(24862.888612268718), np.float64(22677.161931667455), np.float64(6255.650286599344)]"
synthetic_transient,transient_scan_5,8.775510204081632,tgs2620,61.753059902079045,clean,27.5,55.0,1013.25,3,room_2,"[np.float64(28692.200649111768), np.float64(6807.9118814484655), np.float64(28877.880182292534), np.float64(18064.41498341863), np.float64(12489.141948846847), np.float64(6921.551881904088), np.float64(17515.606701760444), np.float64(24862.888612268718), np.float64(22677.161931667455), np.float64(6255.650286599344)]"
synthetic_transient,transient_scan_5,8.979591836734695,tgs2620,61.23694786180174,clean,27.5,55.0,1013.25,3,room_2,"[np.float64(28692.200649111768), np.float64(6807.9118814484655), np.float64(28877.880182292534), np.float64(18064.41498341863), np.float64(12489.141948846847), np.float64(6921.551881904088), np.float64(17515.606701760444), np.float64(24862.888612268718), np.float64(22677.161931667455), np.float64(6255.650286599344)]"
synthetic_transient,transient_scan_5,9.183673469387756,tgs2620,60.62381900388777,clean,27.5,55.0,1013.25,3,room_2,"[np.float64(28692.200649111768), np.float64(6807.9118814484655), np.float64(28877.880182292534), np.float64(18064.41498341863), np.float64(12489.141948846847), np.float64(6921.551881904088), np.float64(17515.606701760444), np.float64(24862.888612268718), np.float64(22677.161931667455), np.float64(6255.650286599344)]"
synthetic_transient,transient_scan_5,9.387755102040817,tgs2620,59.84042250715386,clean,27.5,55.0,1013.25,3,room_2,"[np.float64(28692.200649111768), np.float64(6807.9118814484655), np.float64(28877.880182292534), np.float64(18064.41498341863), np.float64(12489.141948846847), np.float64(6921.551881904088), np.float64(17515.606701760444), np.float64(24862.888612268718), np.float64(22677.161931667455), np.float64(6255.650286599344)]"
synthetic_transient,transient_scan_5,9.591836734693878,tgs2620,60.97701751183244,clean,27.5,55.0,1013.25,3,room_2,"[np.float64(28692.200649111768), np.float64(6807.9118814484655), np.float64(28877.880182292534), np.float64(18064.41498341863), np.float64(12489.141948846847), np.float64(6921.551881904088), np.float64(17515.606701760444), np.float64(24862.888612268718), np.float64(22677.161931667455), np.float64(6255.650286599344)]"
synthetic_transient,transient_scan_5,9.795918367346939,tgs2620,61.352301575907966,clean,27.5,55.0,1013.25,3,room_2,"[np.float64(28692.200649111768), np.float64(6807.9118814484655), np.float64(28877.880182292534), np.float64(18064.41498341863), np.float64(12489.141948846847), np.float64(6921.551881904088), np.float64(17515.606701760444), np.float64(24862.888612268718), np.float64(22677.161931667455), np.float64(6255.650286599344)]"
synthetic_transient,transient_scan_5,10.0,tgs2620,61.23039179009091,clean,27.5,55.0,1013.25,3,room_2,"[np.float64(28692.200649111768), np.float64(6807.9118814484655), np.float64(28877.880182292534), np.float64(18064.41498341863), np.float64(12489.141948846847), np.float64(6921.551881904088), np.float64(17515.606701760444), np.float64(24862.888612268718), np.float64(22677.161931667455), np.float64(6255.650286599344)]"
synthetic_transient,transient_scan_5,0.0,mics2714_no2,100.40803642169692,clean,27.5,55.0,1013.25,3,room_2,"[np.float64(28692.200649111768), np.float64(6807.9118814484655), np.float64(28877.880182292534), np.float64(18064.41498341863), np.float64(12489.141948846847), np.float64(6921.551881904088), np.float64(17515.606701760444), np.float64(24862.888612268718), np.float64(22677.161931667455), np.float64(6255.650286599344)]"
synthetic_transient,transient_scan_5,0.20408163265306123,mics2714_no2,99.9628945107253,clean,27.5,55.0,1013.25,3,room_2,"[np.float64(28692.200649111768), np.float64(6807.9118814484655), np.float64(28877.880182292534), np.float64(18064.41498341863), np.float64(12489.141948846847), np.float64(6921.551881904088), np.float64(17515.606701760444), np.float64(24862.888612268718), np.float64(22677.161931667455), np.float64(6255.650286599344)]"
synthetic_transient,transient_scan_5,0.40816326530612246,mics2714_no2,100.54373208701575,clean,27.5,55.0,1013.25,3,room_2,"[np.float64(28692.200649111768), np.float64(6807.9118814484655), np.float64(28877.880182292534), np.float64(18064.41498341863), np.float64(12489.141948846847), np.float64(6921.551881904088), np.float64(17515.606701760444), np.float64(24862.888612268718), np.float64(22677.161931667455), np.float64(6255.650286599344)]"
synthetic_transient,transient_scan_5,0.6122448979591837,mics2714_no2,100.46208091192796,clean,27.5,55.0,1013.25,3,room_2,"[np.float64(28692.200649111768), np.float64(6807.9118814484655), np.float64(28877.880182292534), np.float64(18064.41498341863), np.float64(12489.141948846847), np.float64(6921.551881904088), np.float64(17515.606701760444), np.float64(24862.888612268718), np.float64(22677.161931667455), np.float64(6255.650286599344)]"
synthetic_transient,transient_scan_5,0.8163265306122449,mics2714_no2,99.78868321963922,clean,27.5,55.0,1013.25,3,room_2,"[np.float64(28692.200649111768), np.float64(6807.9118814484655), np.float64(28877.880182292534), np.float64(18064.41498341863), np.float64(12489.141948846847), np.float64(6921.551881904088), np.float64(17515.606701760444), np.float64(24862.888612268718), np.float64(22677.161931667455), np.float64(6255.650286599344)]"
synthetic_transient,transient_scan_5,1.0204081632653061,mics2714_no2,100.33829900830793,clean,27.5,55.0,1013.25,3,room_2,"[np.float64(28692.200649111768), np.float64(6807.9118814484655), np.float64(28877.880182292534), np.float64(18064.41498341863), np.float64(12489.141948846847), np.float64(6921.551881904088), np.float64(17515.606701760444), np.float64(24862.888612268718), np.float64(22677.161931667455), np.float64(6255.650286599344)]"
synthetic_transient,transient_scan_5,1.2244897959183674,mics2714_no2,99.73202042729535,clean,27.5,55.0,1013.25,3,room_2,"[np.float64(28692.200649111768), np.float64(6807.9118814484655), np.float64(28877.880182292534), np.float64(18064.41498341863), np.float64(12489.141948846847), np.float64(6921.551881904088), np.float64(17515.606701760444), np.float64(24862.888612268718), np.float64(22677.161931667455), np.float64(6255.650286599344)]"
synthetic_transient,transient_scan_5,1.4285714285714286,mics2714_no2,100.27001211580846,clean,27.5,55.0,1013.25,3,room_2,"[np.float64(28692.200649111768), np.float64(6807.9118814484655), np.float64(28877.880182292534), np.float64(18064.41498341863), np.float64(12489.141948846847), np.float64(6921.551881904088), np.float64(17515.606701760444), np.float64(24862.888612268718), np.float64(22677.161931667455), np.float64(6255.650286599344)]"
synthetic_transient,transient_scan_5,1.6326530612244898,mics2714_no2,99.35044167784946,clean,27.5,55.0,1013.25,3,room_2,"[np.float64(28692.200649111768), np.float64(6807.9118814484655), np.float64(28877.880182292534), np.float64(18064.41498341863), np.float64(12489.141948846847), np.float64(6921.551881904088), np.float64(17515.606701760444), np.float64(24862.888612268718), np.float64(22677.161931667455), np.float64(6255.650286599344)]"
synthetic_transient,transient_scan_5,1.836734693877551,mics2714_no2,99.38889409566355,clean,27.5,55.0,1013.25,3,room_2,"[np.float64(28692.200649111768), np.float64(6807.9118814484655), np.float64(28877.880182292534), np.float64(18064.41498341863), np.float64(12489.141948846847), np.float64(6921.551881904088), np.float64(17515.606701760444), np.float64(24862.888612268718), np.float64(22677.161931667455), np.float64(6255.650286599344)]"
synthetic_transient,transient_scan_5,2.0408163265306123,mics2714_no2,101.53916983078675,clean,27.5,55.0,1013.25,3,room_2,"[np.float64(28692.200649111768), np.float64(6807.9118814484655), np.float64(28877.880182292534), np.float64(18064.41498341863), np.float64(12489.141948846847), np.float64(6921.551881904088), np.float64(17515.606701760444), np.float64(24862.888612268718), np.float64(22677.161931667455), np.float64(6255.650286599344)]"
synthetic_transient,transient_scan_5,2.2448979591836737,mics2714_no2,106.23122785353443,clean,27.5,55.0,1013.25,3,room_2,"[np.float64(28692.200649111768), np.float64(6807.9118814484655), np.float64(28877.880182292534), np.float64(18064.41498341863), np.float64(12489.141948846847), np.float64(6921.551881904088), np.float64(17515.606701760444), np.float64(24862.888612268718), np.float64(22677.161931667455), np.float64(6255.650286599344)]"
synthetic_transient,transient_scan_5,2.4489795918367347,mics2714_no2,110.37061932322405,clean,27.5,55.0,1013.25,3,room_2,"[np.float64(28692.200649111768), np.float64(6807.9118814484655), np.float64(28877.880182292534), np.float64(18064.41498341863), np.float64(12489.141948846847), np.float64(6921.551881904088), np.float64(17515.606701760444), np.float64(24862.888612268718), np.float64(22677.161931667455), np.float64(6255.650286599344)]"
synthetic_transient,transient_scan_5,2.6530612244897958,mics2714_no2,113.97286989278861,clean,27.5,55.0,1013.25,3,room_2,"[np.float64(28692.200649111768), np.float64(6807.9118814484655), np.float64(28877.880182292534), np.float64(18064.41498341863), np.float64(12489.141948846847), np.float64(6921.551881904088), np.float64(17515.606701760444), np.float64(24862.888612268718), np.float64(22677.161931667455), np.float64(6255.650286599344)]"
synthetic_transient,transient_scan_5,2.857142857142857,mics2714_no2,116.23240990793514,clean,27.5,55.0,1013.25,3,room_2,"[np.float64(28692.200649111768), np.float64(6807.9118814484655), np.float64(28877.880182292534), np.float64(18064.41498341863), np.float64(12489.141948846847), np.float64(6921.551881904088), np.float64(17515.606701760444), np.float64(24862.888612268718), np.float64(22677.161931667455), np.float64(6255.650286599344)]"
synthetic_transient,transient_scan_5,3.0612244897959187,mics2714_no2,120.55032655171115,clean,27.5,55.0,1013.25,3,room_2,"[np.float64(28692.200649111768), np.float64(6807.9118814484655), np.float64(28877.880182292534), np.float64(18064.41498341863), np.float64(12489.141948846847), np.float64(6921.551881904088), np.float64(17515.606701760444), np.float64(24862.888612268718), np.float64(22677.161931667455), np.float64(6255.650286599344)]"
synthetic_transient,transient_scan_5,3.2653061224489797,mics2714_no2,123.66805782956416,clean,27.5,55.0,1013.25,3,room_2,"[np.float64(28692.200649111768), np.float64(6807.9118814484655), np.float64(28877.880182292534), np.float64(18064.41498341863), np.float64(12489.141948846847), np.float64(6921.551881904088), np.float64(17515.606701760444), np.float64(24862.888612268718), np.float64(22677.161931667455), np.float64(6255.650286599344)]"
synthetic_transient,transient_scan_5,3.4693877551020407,mics2714_no2,125.75001993471798,clean,27.5,55.0,1013.25,3,room_2,"[np.float64(28692.200649111768), np.float64(6807.9118814484655), np.float64(28877.880182292534), np.float64(18064.41498341863), np.float64(12489.141948846847), np.float64(6921.551881904088), np.float64(17515.606701760444), np.float64(24862.888612268718), np.float64(22677.161931667455), np.float64(6255.650286599344)]"
synthetic_transient,transient_scan_5,3.673469387755102,mics2714_no2,127.98762818116573,clean,27.5,55.0,1013.25,3,room_2,"[np.float64(28692.200649111768), np.float64(6807.9118814484655), np.float64(28877.880182292534), np.float64(18064.41498341863), np.float64(12489.141948846847), np.float64(6921.551881904088), np.float64(17515.606701760444), np.float64(24862.888612268718), np.float64(22677.161931667455), np.float64(6255.650286599344)]"
synthetic_transient,transient_scan_5,3.8775510204081636,mics2714_no2,131.16688778780974,clean,27.5,55.0,1013.25,3,room_2,"[np.float64(28692.200649111768), np.float64(6807.9118814484655), np.float64(28877.880182292534), np.float64(18064.41498341863), np.float64(12489.141948846847), np.float64(6921.551881904088), np.float64(17515.606701760444), np.float64(24862.888612268718), np.float64(22677.161931667455), np.float64(6255.650286599344)]"
synthetic_transient,transient_scan_5,4.081632653061225,mics2714_no2,132.31154224122193,clean,27.5,55.0,1013.25,3,room_2,"[np.float64(28692.200649111768), np.float64(6807.9118814484655), np.float64(28877.880182292534), np.float64(18064.41498341863), np.float64(12489.141948846847), np.float64(6921.551881904088), np.float64(17515.606701760444), np.float64(24862.888612268718), np.float64(22677.161931667455), np.float64(6255.650286599344)]"
synthetic_transient,transient_scan_5,4.285714285714286,mics2714_no2,134.28206971862267,clean,27.5,55.0,1013.25,3,room_2,"[np.float64(28692.200649111768), np.float64(6807.9118814484655), np.float64(28877.880182292534), np.float64(18064.41498341863), np.float64(12489.141948846847), np.float64(6921.551881904088), np.float64(17515.606701760444), np.float64(24862.888612268718), np.float64(22677.161931667455), np.float64(6255.650286599344)]"
synthetic_transient,transient_scan_5,4.4897959183673475,mics2714_no2,135.9885511630493,clean,27.5,55.0,1013.25,3,room_2,"[np.float64(28692.200649111768), np.float64(6807.9118814484655), np.float64(28877.880182292534), np.float64(18064.41498341863), np.float64(12489.141948846847), np.float64(6921.551881904088), np.float64(17515.606701760444), np.float64(24862.888612268718), np.float64(22677.161931667455), np.float64(6255.650286599344)]"
synthetic_transient,transient_scan_5,4.6938775510204085,mics2714_no2,136.49752800157012,clean,27.5,55.0,1013.25,3,room_2,"[np.float64(28692.200649111768), np.float64(6807.9118814484655), np.float64(28877.880182292534), np.float64(18064.41498341863), np.float64(12489.141948846847), np.float64(6921.551881904088), np.float64(17515.606701760444), np.float64(24862.888612268718), np.float64(22677.161931667455), np.float64(6255.650286599344)]"
synthetic_transient,transient_scan_5,4.8979591836734695,mics2714_no2,138.35611532669122,clean,27.5,55.0,1013.25,3,room_2,"[np.float64(28692.200649111768), np.float64(6807.9118814484655), np.float64(28877.880182292534), np.float64(18064.41498341863), np.float64(12489.141948846847), np.float64(6921.551881904088), np.float64(17515.606701760444), np.float64(24862.888612268718), np.float64(22677.161931667455), np.float64(6255.650286599344)]"
synthetic_transient,transient_scan_5,5.1020408163265305,mics2714_no2,140.05824701104783,clean,27.5,55.0,1013.25,3,room_2,"[np.float64(28692.200649111768), np.float64(6807.9118814484655), np.float64(28877.880182292534), np.float64(18064.41498341863), np.float64(12489.141948846847), np.float64(6921.551881904088), np.float64(17515.606701760444), np.float64(24862.888612268718), np.float64(22677.161931667455), np.float64(6255.650286599344)]"
synthetic_transient,transient_scan_5,5.3061224489795915,mics2714_no2,141.33646660771458,clean,27.5,55.0,1013.25,3,room_2,"[np.float64(28692.200649111768), np.float64(6807.9118814484655), np.float64(28877.880182292534), np.float64(18064.41498341863), np.float64(12489.141948846847), np.float64(6921.551881904088), np.float64(17515.606701760444), np.float64(24862.888612268718), np.float64(22677.161931667455), np.float64(6255.650286599344)]"
synthetic_transient,transient_scan_5,5.510204081632653,mics2714_no2,141.37548821882152,clean,27.5,55.0,1013.25,3,room_2,"[np.float64(28692.200649111768), np.float64(6807.9118814484655), np.float64(28877.880182292534), np.float64(18064.41498341863), np.float64(12489.141948846847), np.float64(6921.551881904088), np.float64(17515.606701760444), np.float64(24862.888612268718), np.float64(22677.161931667455), np.float64(6255.650286599344)]"
synthetic_transient,transient_scan_5,5.714285714285714,mics2714_no2,142.0751259605279,clean,27.5,55.0,1013.25,3,room_2,"[np.float64(28692.200649111768), np.float64(6807.9118814484655), np.float64(28877.880182292534), np.float64(18064.41498341863), np.float64(12489.141948846847), np.float64(6921.551881904088), np.float64(17515.606701760444), np.float64(24862.888612268718), np.float64(22677.161931667455), np.float64(6255.650286599344)]"
synthetic_transient,transient_scan_5,5.918367346938775,mics2714_no2,143.08583931741236,clean,27.5,55.0,1013.25,3,room_2,"[np.float64(28692.200649111768), np.float64(6807.9118814484655), np.float64(28877.880182292534), np.float64(18064.41498341863), np.float64(12489.141948846847), np.float64(6921.551881904088), np.float64(17515.606701760444), np.float64(24862.888612268718), np.float64(22677.161931667455), np.float64(6255.650286599344)]"
synthetic_transient,transient_scan_5,6.122448979591837,mics2714_no2,143.75691855746817,clean,27.5,55.0,1013.25,3,room_2,"[np.float64(28692.200649111768), np.float64(6807.9118814484655), np.float64(28877.880182292534), np.float64(18064.41498341863), np.float64(12489.141948846847), np.float64(6921.551881904088), np.float64(17515.606701760444), np.float64(24862.888612268718), np.float64(22677.161931667455), np.float64(6255.650286599344)]"
synthetic_transient,transient_scan_5,6.326530612244898,mics2714_no2,144.9459208652271,clean,27.5,55.0,1013.25,3,room_2,"[np.float64(28692.200649111768), np.float64(6807.9118814484655), np.float64(28877.880182292534), np.float64(18064.41498341863), np.float64(12489.141948846847), np.float64(6921.551881904088), np.float64(17515.606701760444), np.float64(24862.888612268718), np.float64(22677.161931667455), np.float64(6255.650286599344)]"
synthetic_transient,transient_scan_5,6.530612244897959,mics2714_no2,144.3118914203737,clean,27.5,55.0,1013.25,3,room_2,"[np.float64(28692.200649111768), np.float64(6807.9118814484655), np.float64(28877.880182292534), np.float64(18064.41498341863), np.float64(12489.141948846847), np.float64(6921.551881904088), np.float64(17515.606701760444), np.float64(24862.888612268718), np.float64(22677.161931667455), np.float64(6255.650286599344)]"
synthetic_transient,transient_scan_5,6.73469387755102,mics2714_no2,145.17361017430198,clean,27.5,55.0,1013.25,3,room_2,"[np.float64(28692.200649111768), np.float64(6807.9118814484655), np.float64(28877.880182292534), np.float64(18064.41498341863), np.float64(12489.141948846847), np.float64(6921.551881904088), np.float64(17515.606701760444), np.float64(24862.888612268718), np.float64(22677.161931667455), np.float64(6255.650286599344)]"
synthetic_transient,transient_scan_5,6.938775510204081,mics2714_no2,145.20959626125054,clean,27.5,55.0,1013.25,3,room_2,"[np.float64(28692.200649111768), np.float64(6807.9118814484655), np.float64(28877.880182292534), np.float64(18064.41498341863), np.float64(12489.141948846847), np.float64(6921.551881904088), np.float64(17515.606701760444), np.float64(24862.888612268718), np.float64(22677.161931667455), np.float64(6255.650286599344)]"
synthetic_transient,transient_scan_5,7.142857142857143,mics2714_no2,145.6726382075628,clean,27.5,55.0,1013.25,3,room_2,"[np.float64(28692.200649111768), np.float64(6807.9118814484655), np.float64(28877.880182292534), np.float64(18064.41498341863), np.float64(12489.141948846847), np.float64(6921.551881904088), np.float64(17515.606701760444), np.float64(24862.888612268718), np.float64(22677.161931667455), np.float64(6255.650286599344)]"
synthetic_transient,transient_scan_5,7.346938775510204,mics2714_no2,146.73766806818378,clean,27.5,55.0,1013.25,3,room_2,"[np.float64(28692.200649111768), np.float64(6807.9118814484655), np.float64(28877.880182292534), np.float64(18064.41498341863), np.float64(12489.141948846847), np.float64(6921.551881904088), np.float64(17515.606701760444), np.float64(24862.888612268718), np.float64(22677.161931667455), np.float64(6255.650286599344)]"
synthetic_transient,transient_scan_5,7.551020408163265,mics2714_no2,147.28904522852656,clean,27.5,55.0,1013.25,3,room_2,"[np.float64(28692.200649111768), np.float64(6807.9118814484655), np.float64(28877.880182292534), np.float64(18064.41498341863), np.float64(12489.141948846847), np.float64(6921.551881904088), np.float64(17515.606701760444), np.float64(24862.888612268718), np.float64(22677.161931667455), np.float64(6255.650286599344)]"
synthetic_transient,transient_scan_5,7.755102040816327,mics2714_no2,146.86168394341033,clean,27.5,55.0,1013.25,3,room_2,"[np.float64(28692.200649111768), np.float64(6807.9118814484655), np.float64(28877.880182292534), np.float64(18064.41498341863), np.float64(12489.141948846847), np.float64(6921.551881904088), np.float64(17515.606701760444), np.float64(24862.888612268718), np.float64(22677.161931667455), np.float64(6255.650286599344)]"
synthetic_transient,transient_scan_5,7.959183673469388,mics2714_no2,147.84536890121905,clean,27.5,55.0,1013.25,3,room_2,"[np.float64(28692.200649111768), np.float64(6807.9118814484655), np.float64(28877.880182292534), np.float64(18064.41498341863), np.float64(12489.141948846847), np.float64(6921.551881904088), np.float64(17515.606701760444), np.float64(24862.888612268718), np.float64(22677.161931667455), np.float64(6255.650286599344)]"
synthetic_transient,transient_scan_5,8.16326530612245,mics2714_no2,148.26157521115852,clean,27.5,55.0,1013.25,3,room_2,"[np.float64(28692.200649111768), np.float64(6807.9118814484655), np.float64(28877.880182292534), np.float64(18064.41498341863), np.float64(12489.141948846847), np.float64(6921.551881904088), np.float64(17515.606701760444), np.float64(24862.888612268718), np.float64(22677.161931667455), np.float64(6255.650286599344)]"
synthetic_transient,transient_scan_5,8.36734693877551,mics2714_no2,148.89569441256083,clean,27.5,55.0,1013.25,3,room_2,"[np.float64(28692.200649111768), np.float64(6807.9118814484655), np.float64(28877.880182292534), np.float64(18064.41498341863), np.float64(12489.141948846847), np.float64(6921.551881904088), np.float64(17515.606701760444), np.float64(24862.888612268718), np.float64(22677.161931667455), np.float64(6255.650286599344)]"
synthetic_transient,transient_scan_5,8.571428571428571,mics2714_no2,148.16418085605866,clean,27.5,55.0,1013.25,3,room_2,"[np.float64(28692.200649111768), np.float64(6807.9118814484655), np.float64(28877.880182292534), np.float64(18064.41498341863), np.float64(12489.141948846847), np.float64(6921.551881904088), np.float64(17515.606701760444), np.float64(24862.888612268718), np.float64(22677.161931667455), np.float64(6255.650286599344)]"
synthetic_transient,transient_scan_5,8.775510204081632,mics2714_no2,147.99089601419237,clean,27.5,55.0,1013.25,3,room_2,"[np.float64(28692.200649111768), np.float64(6807.9118814484655), np.float64(28877.880182292534), np.float64(18064.41498341863), np.float64(12489.141948846847), np.float64(6921.551881904088), np.float64(17515.606701760444), np.float64(24862.888612268718), np.float64(22677.161931667455), np.float64(6255.650286599344)]"
synthetic_transient,transient_scan_5,8.979591836734695,mics2714_no2,147.973409160486,clean,27.5,55.0,1013.25,3,room_2,"[np.float64(28692.200649111768), np.float64(6807.9118814484655), np.float64(28877.880182292534), np.float64(18064.41498341863), np.float64(12489.141948846847), np.float64(6921.551881904088), np.float64(17515.606701760444), np.float64(24862.888612268718), np.float64(22677.161931667455), np.float64(6255.650286599344)]"
synthetic_transient,transient_scan_5,9.183673469387756,mics2714_no2,148.0717190942118,clean,27.5,55.0,1013.25,3,room_2,"[np.float64(28692.200649111768), np.float64(6807.9118814484655), np.float64(28877.880182292534), np.float64(18064.41498341863), np.float64(12489.141948846847), np.float64(6921.551881904088), np.float64(17515.606701760444), np.float64(24862.888612268718), np.float64(22677.161931667455), np.float64(6255.650286599344)]"
synthetic_transient,transient_scan_5,9.387755102040817,mics2714_no2,149.38112238470643,clean,27.5,55.0,1013.25,3,room_2,"[np.float64(28692.200649111768), np.float64(6807.9118814484655), np.float64(28877.880182292534), np.float64(18064.41498341863), np.float64(12489.141948846847), np.float64(6921.551881904088), np.float64(17515.606701760444), np.float64(24862.888612268718), np.float64(22677.161931667455), np.float64(6255.650286599344)]"
synthetic_transient,transient_scan_5,9.591836734693878,mics2714_no2,148.11933894210753,clean,27.5,55.0,1013.25,3,room_2,"[np.float64(28692.200649111768), np.float64(6807.9118814484655), np.float64(28877.880182292534), np.float64(18064.41498341863), np.float64(12489.141948846847), np.float64(6921.551881904088), np.float64(17515.606701760444), np.float64(24862.888612268718), np.float64(22677.161931667455), np.float64(6255.650286599344)]"
synthetic_transient,transient_scan_5,9.795918367346939,mics2714_no2,149.59471106027868,clean,27.5,55.0,1013.25,3,room_2,"[np.float64(28692.200649111768), np.float64(6807.9118814484655), np.float64(28877.880182292534), np.float64(18064.41498341863), np.float64(12489.141948846847), np.float64(6921.551881904088), np.float64(17515.606701760444), np.float64(24862.888612268718), np.float64(22677.161931667455), np.float64(6255.650286599344)]"
synthetic_transient,transient_scan_5,10.0,mics2714_no2,148.64999754093722,clean,27.5,55.0,1013.25,3,room_2,"[np.float64(28692.200649111768), np.float64(6807.9118814484655), np.float64(28877.880182292534), np.float64(18064.41498341863), np.float64(12489.141948846847), np.float64(6921.551881904088), np.float64(17515.606701760444), np.float64(24862.888612268718), np.float64(22677.161931667455), np.float64(6255.650286599344)]"
synthetic_transient,transient_scan_5,0.0,mics2714_h2,99.6573969010703,clean,27.5,55.0,1013.25,3,room_2,"[np.float64(28692.200649111768), np.float64(6807.9118814484655), np.float64(28877.880182292534), np.float64(18064.41498341863), np.float64(12489.141948846847), np.float64(6921.551881904088), np.float64(17515.606701760444), np.float64(24862.888612268718), np.float64(22677.161931667455), np.float64(6255.650286599344)]"
synthetic_transient,transient_scan_5,0.20408163265306123,mics2714_h2,99.92422227249502,clean,27.5,55.0,1013.25,3,room_2,"[np.float64(28692.200649111768), np.float64(6807.9118814484655), np.float64(28877.880182292534), np.float64(18064.41498341863), np.float64(12489.141948846847), np.float64(6921.551881904088), np.float64(17515.606701760444), np.float64(24862.888612268718), np.float64(22677.161931667455), np.float64(6255.650286599344)]"
synthetic_transient,transient_scan_5,0.40816326530612246,mics2714_h2,99.64817272521674,clean,27.5,55.0,1013.25,3,room_2,"[np.float64(28692.200649111768), np.float64(6807.9118814484655), np.float64(28877.880182292534), np.float64(18064.41498341863), np.float64(12489.141948846847), np.float64(6921.551881904088), np.float64(17515.606701760444), np.float64(24862.888612268718), np.float64(22677.161931667455), np.float64(6255.650286599344)]"
synthetic_transient,transient_scan_5,0.6122448979591837,mics2714_h2,100.46598987747979,clean,27.5,55.0,1013.25,3,room_2,"[np.float64(28692.200649111768), np.float64(6807.9118814484655), np.float64(28877.880182292534), np.float64(18064.41498341863), np.float64(12489.141948846847), np.float64(6921.551881904088), np.float64(17515.606701760444), np.float64(24862.888612268718), np.float64(22677.161931667455), np.float64(6255.650286599344)]"
synthetic_transient,transient_scan_5,0.8163265306122449,mics2714_h2,100.90667197599139,clean,27.5,55.0,1013.25,3,room_2,"[np.float64(28692.200649111768), np.float64(6807.9118814484655), np.float64(28877.880182292534), np.float64(18064.41498341863), np.float64(12489.141948846847), np.float64(6921.551881904088), np.float64(17515.606701760444), np.float64(24862.888612268718), np.float64(22677.161931667455), np.float64(6255.650286599344)]"
synthetic_transient,transient_scan_5,1.0204081632653061,mics2714_h2,99.67128392122343,clean,27.5,55.0,1013.25,3,room_2,"[np.float64(28692.200649111768), np.float64(6807.9118814484655), np.float64(28877.880182292534), np.float64(18064.41498341863), np.float64(12489.141948846847), np.float64(6921.551881904088), np.float64(17515.606701760444), np.float64(24862.888612268718), np.float64(22677.161931667455), np.float64(6255.650286599344)]"
synthetic_transient,transient_scan_5,1.2244897959183674,mics2714_h2,99.78388108041769,clean,27.5,55.0,1013.25,3,room_2,"[np.float64(28692.200649111768), np.float64(6807.9118814484655), np.float64(28877.880182292534), np.float64(18064.41498341863), np.float64(12489.141948846847), np.float64(6921.551881904088), np.float64(17515.606701760444), np.float64(24862.888612268718), np.float64(22677.161931667455), np.float64(6255.650286599344)]"
synthetic_transient,transient_scan_5,1.4285714285714286,mics2714_h2,99.91833959635805,clean,27.5,55.0,1013.25,3,room_2,"[np.float64(28692.200649111768), np.float64(6807.9118814484655), np.float64(28877.880182292534), np.float64(18064.41498341863), np.float64(12489.141948846847), np.float64(6921.551881904088), np.float64(17515.606701760444), np.float64(24862.888612268718), np.float64(22677.161931667455), np.float64(6255.650286599344)]"
synthetic_transient,transient_scan_5,1.6326530612244898,mics2714_h2,100.27052838174632,clean,27.5,55.0,1013.25,3,room_2,"[np.float64(28692.200649111768), np.float64(6807.9118814484655), np.float64(28877.880182292534), np.float64(18064.41498341863), np.float64(12489.141948846847), np.float64(6921.551881904088), np.float64(17515.606701760444), np.float64(24862.888612268718), np.float64(22677.161931667455), np.float64(6255.650286599344)]"
synthetic_transient,transient_scan_5,1.836734693877551,mics2714_h2,99.92325786052207,clean,27.5,55.0,1013.25,3,room_2,"[np.float64(28692.200649111768), np.float64(6807.9118814484655), np.float64(28877.880182292534), np.float64(18064.41498341863), np.float64(12489.141948846847), np.float64(6921.551881904088), np.float64(17515.606701760444), np.float64(24862.888612268718), np.float64(22677.161931667455), np.float64(6255.650286599344)]"
synthetic_transient,transient_scan_5,2.0408163265306123,mics2714_h2,99.88557565967447,clean,27.5,55.0,1013.25,3,room_2,"[np.float64(28692.200649111768), np.float64(6807.9118814484655), np.float64(28877.880182292534), np.float64(18064.41498341863), np.float64(12489.141948846847), np.float64(6921.551881904088), np.float64(17515.606701760444), np.float64(24862.888612268718), np.float64(22677.161931667455), np.float64(6255.650286599344)]"
synthetic_transient,transient_scan_5,2.2448979591836737,mics2714_h2,95.96335372433532,clean,27.5,55.0,1013.25,3,room_2,"[np.float64(28692.200649111768), np.float64(6807.9118814484655), np.float64(28877.880182292534), np.float64(18064.41498341863), np.float64(12489.141948846847), np.float64(6921.551881904088), np.float64(17515.606701760444), np.float64(24862.888612268718), np.float64(22677.161931667455), np.float64(6255.650286599344)]"
synthetic_transient,transient_scan_5,2.4489795918367347,mics2714_h2,91.36421798085352,clean,27.5,55.0,1013.25,3,room_2,"[np.float64(28692.200649111768), np.float64(6807.9118814484655), np.float64(28877.880182292534), np.float64(18064.41498341863), np.float64(12489.141948846847), np.float64(6921.551881904088), np.float64(17515.606701760444), np.float64(24862.888612268718), np.float64(22677.161931667455), np.float64(6255.650286599344)]"
synthetic_transient,transient_scan_5,2.6530612244897958,mics2714_h2,89.11737569697766,clean,27.5,55.0,1013.25,3,room_2,"[np.float64(28692.200649111768), np.float64(6807.9118814484655), np.float64(28877.880182292534), np.float64(18064.41498341863), np.float64(12489.141948846847), np.float64(6921.551881904088), np.float64(17515.606701760444), np.float64(24862.888612268718), np.float64(22677.161931667455), np.float64(6255.650286599344)]"
synthetic_transient,transient_scan_5,2.857142857142857,mics2714_h2,86.81773191989699,clean,27.5,55.0,1013.25,3,room_2,"[np.float64(28692.200649111768), np.float64(6807.9118814484655), np.float64(28877.880182292534), np.float64(18064.41498341863), np.float64(12489.141948846847), np.float64(6921.551881904088), np.float64(17515.606701760444), np.float64(24862.888612268718), np.float64(22677.161931667455), np.float64(6255.650286599344)]"
synthetic_transient,transient_scan_5,3.0612244897959187,mics2714_h2,83.28239791046505,clean,27.5,55.0,1013.25,3,room_2,"[np.float64(28692.200649111768), np.float64(6807.9118814484655), np.float64(28877.880182292534), np.float64(18064.41498341863), np.float64(12489.141948846847), np.float64(6921.551881904088), np.float64(17515.606701760444), np.float64(24862.888612268718), np.float64(22677.161931667455), np.float64(6255.650286599344)]"
synthetic_transient,transient_scan_5,3.2653061224489797,mics2714_h2,81.10009456732782,clean,27.5,55.0,1013.25,3,room_2,"[np.float64(28692.200649111768), np.float64(6807.9118814484655), np.float64(28877.880182292534), np.float64(18064.41498341863), np.float64(12489.141948846847), np.float64(6921.551881904088), np.float64(17515.606701760444), np.float64(24862.888612268718), np.float64(22677.161931667455), np.float64(6255.650286599344)]"
synthetic_transient,transient_scan_5,3.4693877551020407,mics2714_h2,78.92207225427529,clean,27.5,55.0,1013.25,3,room_2,"[np.float64(28692.200649111768), np.float64(6807.9118814484655), np.float64(28877.880182292534), np.float64(18064.41498341863), np.float64(12489.141948846847), np.float64(6921.551881904088), np.float64(17515.606701760444), np.float64(24862.888612268718), np.float64(22677.161931667455), np.float64(6255.650286599344)]"
synthetic_transient,transient_scan_5,3.673469387755102,mics2714_h2,77.07136197018237,clean,27.5,55.0,1013.25,3,room_2,"[np.float64(28692.200649111768), np.float64(6807.9118814484655), np.float64(28877.880182292534), np.float64(18064.41498341863), np.float64(12489.141948846847), np.float64(6921.551881904088), np.float64(17515.606701760444), np.float64(24862.888612268718), np.float64(22677.161931667455), np.float64(6255.650286599344)]"
synthetic_transient,transient_scan_5,3.8775510204081636,mics2714_h2,74.81003214905815,clean,27.5,55.0,1013.25,3,room_2,"[np.float64(28692.200649111768), np.float64(6807.9118814484655), np.float64(28877.880182292534), np.float64(18064.41498341863), np.float64(12489.141948846847), np.float64(6921.551881904088), np.float64(17515.606701760444), np.float64(24862.888612268718), np.float64(22677.161931667455), np.float64(6255.650286599344)]"
synthetic_transient,transient_scan_5,4.081632653061225,mics2714_h2,73.4624931347333,clean,27.5,55.0,1013.25,3,room_2,"[np.float64(28692.200649111768), np.float64(6807.9118814484655), np.float64(28877.880182292534), np.float64(18064.41498341863), np.float64(12489.141948846847), np.float64(6921.551881904088), np.float64(17515.606701760444), np.float64(24862.888612268718), np.float64(22677.161931667455), np.float64(6255.650286599344)]"
synthetic_transient,transient_scan_5,4.285714285714286,mics2714_h2,72.79499915232742,clean,27.5,55.0,1013.25,3,room_2,"[np.float64(28692.200649111768), np.float64(6807.9118814484655), np.float64(28877.880182292534), np.float64(18064.41498341863), np.float64(12489.141948846847), np.float64(6921.551881904088), np.float64(17515.606701760444), np.float64(24862.888612268718), np.float64(22677.161931667455), np.float64(6255.650286599344)]"
synthetic_transient,transient_scan_5,4.4897959183673475,mics2714_h2,72.27561064153471,clean,27.5,55.0,1013.25,3,room_2,"[np.float64(28692.200649111768), np.float64(6807.9118814484655), np.float64(28877.880182292534), np.float64(18064.41498341863), np.float64(12489.141948846847), np.float64(6921.551881904088), np.float64(17515.606701760444), np.float64(24862.888612268718), np.float64(22677.161931667455), np.float64(6255.650286599344)]"
synthetic_transient,transient_scan_5,4.6938775510204085,mics2714_h2,70.09472236188273,clean,27.5,55.0,1013.25,3,room_2,"[np.float64(28692.200649111768), np.float64(6807.9118814484655), np.float64(28877.880182292534), np.float64(18064.41498341863), np.float64(12489.141948846847), np.float64(6921.551881904088), np.float64(17515.606701760444), np.float64(24862.888612268718), np.float64(22677.161931667455), np.float64(6255.650286599344)]"
synthetic_transient,transient_scan_5,4.8979591836734695,mics2714_h2,69.07101205625843,clean,27.5,55.0,1013.25,3,room_2,"[np.float64(28692.200649111768), np.float64(6807.9118814484655), np.float64(28877.880182292534), np.float64(18064.41498341863), np.float64(12489.141948846847), np.float64(6921.551881904088), np.float64(17515.606701760444), np.float64(24862.888612268718), np.float64(22677.161931667455), np.float64(6255.650286599344)]"
synthetic_transient,transient_scan_5,5.1020408163265305,mics2714_h2,69.33202072416303,clean,27.5,55.0,1013.25,3,room_2,"[np.float64(28692.200649111768), np.float64(6807.9118814484655), np.float64(28877.880182292534), np.float64(18064.41498341863), np.float64(12489.141948846847), np.float64(6921.551881904088), np.float64(17515.606701760444), np.float64(24862.888612268718), np.float64(22677.161931667455), np.float64(6255.650286599344)]"
synthetic_transient,transient_scan_5,5.3061224489795915,mics2714_h2,67.10438725624023,clean,27.5,55.0,1013.25,3,room_2,"[np.float64(28692.200649111768), np.float64(6807.9118814484655), np.float64(28877.880182292534), np.float64(18064.41498341863), np.float64(12489.141948846847), np.float64(6921.551881904088), np.float64(17515.606701760444), np.float64(24862.888612268718), np.float64(22677.161931667455), np.float64(6255.650286599344)]"
synthetic_transient,transient_scan_5,5.510204081632653,mics2714_h2,66.08496240247547,clean,27.5,55.0,1013.25,3,room_2,"[np.float64(28692.200649111768), np.float64(6807.9118814484655), np.float64(28877.880182292534), np.float64(18064.41498341863), np.float64(12489.141948846847), np.float64(6921.551881904088), np.float64(17515.606701760444), np.float64(24862.888612268718), np.float64(22677.161931667455), np.float64(6255.650286599344)]"
synthetic_transient,transient_scan_5,5.714285714285714,mics2714_h2,65.83046409457009,clean,27.5,55.0,1013.25,3,room_2,"[np.float64(28692.200649111768), np.float64(6807.9118814484655), np.float64(28877.880182292534), np.float64(18064.41498341863), np.float64(12489.141948846847), np.float64(6921.551881904088), np.float64(17515.606701760444), np.float64(24862.888612268718), np.float64(22677.161931667455), np.float64(6255.650286599344)]"
synthetic_transient,transient_scan_5,5.918367346938775,mics2714_h2,65.30754593392794,clean,27.5,55.0,1013.25,3,room_2,"[np.float64(28692.200649111768), np.float64(6807.9118814484655), np.float64(28877.880182292534), np.float64(18064.41498341863), np.float64(12489.141948846847), np.float64(6921.551881904088), np.float64(17515.606701760444), np.float64(24862.888612268718), np.float64(22677.161931667455), np.float64(6255.650286599344)]"
synthetic_transient,transient_scan_5,6.122448979591837,mics2714_h2,64.21819343048894,clean,27.5,55.0,1013.25,3,room_2,"[np.float64(28692.200649111768), np.float64(6807.9118814484655), np.float64(28877.880182292534), np.float64(18064.41498341863), np.float64(12489.141948846847), np.float64(6921.551881904088), np.float64(17515.606701760444), np.float64(24862.888612268718), np.float64(22677.161931667455), np.float64(6255.650286599344)]"
synthetic_transient,transient_scan_5,6.326530612244898,mics2714_h2,64.53394568113346,clean,27.5,55.0,1013.25,3,room_2,"[np.float64(28692.200649111768), np.float64(6807.9118814484655), np.float64(28877.880182292534), np.float64(18064.41498341863), np.float64(12489.141948846847), np.float64(6921.551881904088), np.float64(17515.606701760444), np.float64(24862.888612268718), np.float64(22677.161931667455), np.float64(6255.650286599344)]"
synthetic_transient,transient_scan_5,6.530612244897959,mics2714_h2,64.62615336296497,clean,27.5,55.0,1013.25,3,room_2,"[np.float64(28692.200649111768), np.float64(6807.9118814484655), np.float64(28877.880182292534), np.float64(18064.41498341863), np.float64(12489.141948846847), np.float64(6921.551881904088), np.float64(17515.606701760444), np.float64(24862.888612268718), np.float64(22677.161931667455), np.float64(6255.650286599344)]"
synthetic_transient,transient_scan_5,6.73469387755102,mics2714_h2,63.106185239234584,clean,27.5,55.0,1013.25,3,room_2,"[np.float64(28692.200649111768), np.float64(6807.9118814484655), np.float64(28877.880182292534), np.float64(18064.41498341863), np.float64(12489.141948846847), np.float64(6921.551881904088), np.float64(17515.606701760444), np.float64(24862.888612268718), np.float64(22677.161931667455), np.float64(6255.650286599344)]"
synthetic_transient,transient_scan_5,6.938775510204081,mics2714_h2,63.429255569725775,clean,27.5,55.0,1013.25,3,room_2,"[np.float64(28692.200649111768), np.float64(6807.9118814484655), np.float64(28877.880182292534), np.float64(18064.41498341863), np.float64(12489.141948846847), np.float64(6921.551881904088), np.float64(17515.606701760444), np.float64(24862.888612268718), np.float64(22677.161931667455), np.float64(6255.650286599344)]"
synthetic_transient,transient_scan_5,7.142857142857143,mics2714_h2,63.25501931744411,clean,27.5,55.0,1013.25,3,room_2,"[np.float64(28692.200649111768), np.float64(6807.9118814484655), np.float64(28877.880182292534), np.float64(18064.41498341863), np.float64(12489.141948846847), np.float64(6921.551881904088), np.float64(17515.606701760444), np.float64(24862.888612268718), np.float64(22677.161931667455), np.float64(6255.650286599344)]"
synthetic_transient,transient_scan_5,7.346938775510204,mics2714_h2,62.71880301387149,clean,27.5,55.0,1013.25,3,room_2,"[np.float64(28692.200649111768), np.float64(6807.9118814484655), np.float64(28877.880182292534), np.float64(18064.41498341863), np.float64(12489.141948846847), np.float64(6921.551881904088), np.float64(17515.606701760444), np.float64(24862.888612268718), np.float64(22677.161931667455), np.float64(6255.650286599344)]"
synthetic_transient,transient_scan_5,7.551020408163265,mics2714_h2,62.585553248704095,clean,27.5,55.0,1013.25,3,room_2,"[np.float64(28692.200649111768), np.float64(6807.9118814484655), np.float64(28877.880182292534), np.float64(18064.41498341863), np.float64(12489.141948846847), np.float64(6921.551881904088), np.float64(17515.606701760444), np.float64(24862.888612268718), np.float64(22677.161931667455), np.float64(6255.650286599344)]"
synthetic_transient,transient_scan_5,7.755102040816327,mics2714_h2,62.349559799071855,clean,27.5,55.0,1013.25,3,room_2,"[np.float64(28692.200649111768), np.float64(6807.9118814484655), np.float64(28877.880182292534), np.float64(18064.41498341863), np.float64(12489.141948846847), np.float64(6921.551881904088), np.float64(17515.606701760444), np.float64(24862.888612268718), np.float64(22677.161931667455), np.float64(6255.650286599344)]"
synthetic_transient,transient_scan_5,7.959183673469388,mics2714_h2,61.62617881615566,clean,27.5,55.0,1013.25,3,room_2,"[np.float64(28692.200649111768), np.float64(6807.9118814484655), np.float64(28877.880182292534), np.float64(18064.41498341863), np.float64(12489.141948846847), np.float64(6921.551881904088), np.float64(17515.606701760444), np.float64(24862.888612268718), np.float64(22677.161931667455), np.float64(6255.650286599344)]"
synthetic_transient,transient_scan_5,8.16326530612245,mics2714_h2,62.584662579931916,clean,27.5,55.0,1013.25,3,room_2,"[np.float64(28692.200649111768), np.float64(6807.9118814484655), np.float64(28877.880182292534), np.float64(18064.41498341863), np.float64(12489.141948846847), np.float64(6921.551881904088), np.float64(17515.606701760444), np.float64(24862.888612268718), np.float64(22677.161931667455), np.float64(6255.650286599344)]"
synthetic_transient,transient_scan_5,8.36734693877551,mics2714_h2,62.2812052863628,clean,27.5,55.0,1013.25,3,room_2,"[np.float64(28692.200649111768), np.float64(6807.9118814484655), np.float64(28877.880182292534), np.float64(18064.41498341863), np.float64(12489.141948846847), np.float64(6921.551881904088), np.float64(17515.606701760444), np.float64(24862.888612268718), np.float64(22677.161931667455), np.float64(6255.650286599344)]"
synthetic_transient,transient_scan_5,8.571428571428571,mics2714_h2,62.09150975331005,clean,27.5,55.0,1013.25,3,room_2,"[np.float64(28692.200649111768), np.float64(6807.9118814484655), np.float64(28877.880182292534), np.float64(18064.41498341863), np.float64(12489.141948846847), np.float64(6921.551881904088), np.float64(17515.606701760444), np.float64(24862.888612268718), np.float64(22677.161931667455), np.float64(6255.650286599344)]"
synthetic_transient,transient_scan_5,8.775510204081632,mics2714_h2,61.85821524794039,clean,27.5,55.0,1013.25,3,room_2,"[np.float64(28692.200649111768), np.float64(6807.9118814484655), np.float64(28877.880182292534), np.float64(18064.41498341863), np.float64(12489.141948846847), np.float64(6921.551881904088), np.float64(17515.606701760444), np.float64(24862.888612268718), np.float64(22677.161931667455), np.float64(6255.650286599344)]"
synthetic_transient,transient_scan_5,8.979591836734695,mics2714_h2,60.43279416425233,clean,27.5,55.0,1013.25,3,room_2,"[np.float64(28692.200649111768), np.float64(6807.9118814484655), np.float64(28877.880182292534), np.float64(18064.41498341863), np.float64(12489.141948846847), np.float64(6921.551881904088), np.float64(17515.606701760444), np.float64(24862.888612268718), np.float64(22677.161931667455), np.float64(6255.650286599344)]"
synthetic_transient,transient_scan_5,9.183673469387756,mics2714_h2,61.56493863436857,clean,27.5,55.0,1013.25,3,room_2,"[np.float64(28692.200649111768), np.float64(6807.9118814484655), np.float64(28877.880182292534), np.float64(18064.41498341863), np.float64(12489.141948846847), np.float64(6921.551881904088), np.float64(17515.606701760444), np.float64(24862.888612268718), np.float64(22677.161931667455), np.float64(6255.650286599344)]"
synthetic_transient,transient_scan_5,9.387755102040817,mics2714_h2,61.32281508657105,clean,27.5,55.0,1013.25,3,room_2,"[np.float64(28692.200649111768), np.float64(6807.9118814484655), np.float64(28877.880182292534), np.float64(18064.41498341863), np.float64(12489.141948846847), np.float64(6921.551881904088), np.float64(17515.606701760444), np.float64(24862.888612268718), np.float64(22677.161931667455), np.float64(6255.650286599344)]"
synthetic_transient,transient_scan_5,9.591836734693878,mics2714_h2,60.13022890165983,clean,27.5,55.0,1013.25,3,room_2,"[np.float64(28692.200649111768), np.float64(6807.9118814484655), np.float64(28877.880182292534), np.float64(18064.41498341863), np.float64(12489.141948846847), np.float64(6921.551881904088), np.float64(17515.606701760444), np.float64(24862.888612268718), np.float64(22677.161931667455), np.float64(6255.650286599344)]"
synthetic_transient,transient_scan_5,9.795918367346939,mics2714_h2,60.7038753684625,clean,27.5,55.0,1013.25,3,room_2,"[np.float64(28692.200649111768), np.float64(6807.9118814484655), np.float64(28877.880182292534), np.float64(18064.41498341863), np.float64(12489.141948846847), np.float64(6921.551881904088), np.float64(17515.606701760444), np.float64(24862.888612268718), np.float64(22677.161931667455), np.float64(6255.650286599344)]"
synthetic_transient,transient_scan_5,10.0,mics2714_h2,60.87102228021201,clean,27.5,55.0,1013.25,3,room_2,"[np.float64(28692.200649111768), np.float64(6807.9118814484655), np.float64(28877.880182292534), np.float64(18064.41498341863), np.float64(12489.141948846847), np.float64(6921.551881904088), np.float64(17515.606701760444), np.float64(24862.888612268718), np.float64(22677.161931667455), np.float64(6255.650286599344)]"
